2026-03-11 10:55:59,922 - sqlalchemy.engine.Engine - INFO - BEGIN (implicit)
2026-03-11 10:55:59,928 - sqlalchemy.engine.Engine - INFO - PRAGMA main.table_info("roles")
2026-03-11 10:55:59,928 - sqlalchemy.engine.Engine - INFO - [raw sql] ()
2026-03-11 10:55:59,928 - sqlalchemy.engine.Engine - INFO - PRAGMA main.table_info("permisos")
2026-03-11 10:55:59,937 - sqlalchemy.engine.Engine - INFO - [raw sql] ()
2026-03-11 10:55:59,937 - sqlalchemy.engine.Engine - INFO - PRAGMA main.table_info("role_permiso")
2026-03-11 10:55:59,940 - sqlalchemy.engine.Engine - INFO - [raw sql] ()
2026-03-11 10:55:59,940 - sqlalchemy.engine.Engine - INFO - PRAGMA main.table_info("usuarios")
2026-03-11 10:55:59,942 - sqlalchemy.engine.Engine - INFO - [raw sql] ()
2026-03-11 10:55:59,942 - sqlalchemy.engine.Engine - INFO - PRAGMA main.table_info("empleados")
2026-03-11 10:55:59,945 - sqlalchemy.engine.Engine - INFO - [raw sql] ()
2026-03-11 10:55:59,945 - sqlalchemy.engine.Engine - INFO - PRAGMA main.table_info("tipos_novedad")
2026-03-11 10:55:59,947 - sqlalchemy.engine.Engine - INFO - [raw sql] ()
2026-03-11 10:55:59,949 - sqlalchemy.engine.Engine - INFO - PRAGMA main.table_info("novedades")
2026-03-11 10:55:59,949 - sqlalchemy.engine.Engine - INFO - [raw sql] ()
2026-03-11 10:55:59,951 - sqlalchemy.engine.Engine - INFO - PRAGMA main.table_info("novedades_aplicadas")
2026-03-11 10:55:59,952 - sqlalchemy.engine.Engine - INFO - [raw sql] ()
2026-03-11 10:55:59,952 - sqlalchemy.engine.Engine - INFO - PRAGMA main.table_info("conceptos_automaticos")
2026-03-11 10:55:59,952 - sqlalchemy.engine.Engine - INFO - [raw sql] ()
2026-03-11 10:55:59,952 - sqlalchemy.engine.Engine - INFO - PRAGMA main.table_info("quincenas")
2026-03-11 10:55:59,960 - sqlalchemy.engine.Engine - INFO - [raw sql] ()
2026-03-11 10:55:59,960 - sqlalchemy.engine.Engine - INFO - PRAGMA main.table_info("liquidos_quincena")
2026-03-11 10:55:59,961 - sqlalchemy.engine.Engine - INFO - [raw sql] ()
2026-03-11 10:55:59,961 - sqlalchemy.engine.Engine - INFO - PRAGMA main.table_info("pagos")
2026-03-11 10:55:59,961 - sqlalchemy.engine.Engine - INFO - [raw sql] ()
2026-03-11 10:55:59,966 - sqlalchemy.engine.Engine - INFO - PRAGMA main.table_info("empresa")
2026-03-11 10:55:59,966 - sqlalchemy.engine.Engine - INFO - [raw sql] ()
2026-03-11 10:55:59,966 - sqlalchemy.engine.Engine - INFO - PRAGMA main.table_info("parametros_descuentos")
2026-03-11 10:55:59,966 - sqlalchemy.engine.Engine - INFO - [raw sql] ()
2026-03-11 10:55:59,970 - sqlalchemy.engine.Engine - INFO - PRAGMA main.table_info("audit_logs")
2026-03-11 10:55:59,970 - sqlalchemy.engine.Engine - INFO - [raw sql] ()
2026-03-11 10:55:59,970 - sqlalchemy.engine.Engine - INFO - PRAGMA main.table_info("servicios")
2026-03-11 10:55:59,974 - sqlalchemy.engine.Engine - INFO - [raw sql] ()
2026-03-11 10:55:59,974 - sqlalchemy.engine.Engine - INFO - PRAGMA main.table_info("servicios_novedades")
2026-03-11 10:55:59,974 - sqlalchemy.engine.Engine - INFO - [raw sql] ()
2026-03-11 10:55:59,977 - sqlalchemy.engine.Engine - INFO - PRAGMA main.table_info("servicios_pagos")
2026-03-11 10:55:59,979 - sqlalchemy.engine.Engine - INFO - [raw sql] ()
2026-03-11 10:55:59,979 - sqlalchemy.engine.Engine - INFO - PRAGMA main.table_info("servicios_periodos")
2026-03-11 10:55:59,979 - sqlalchemy.engine.Engine - INFO - [raw sql] ()
2026-03-11 10:55:59,983 - sqlalchemy.engine.Engine - INFO - PRAGMA main.table_info("prestamos_empresa")
2026-03-11 10:55:59,983 - sqlalchemy.engine.Engine - INFO - [raw sql] ()
2026-03-11 10:55:59,983 - sqlalchemy.engine.Engine - INFO - PRAGMA main.table_info("prestamos_novedades")
2026-03-11 10:55:59,983 - sqlalchemy.engine.Engine - INFO - [raw sql] ()
2026-03-11 10:55:59,983 - sqlalchemy.engine.Engine - INFO - PRAGMA main.table_info("prestamos_pagos")
2026-03-11 10:55:59,988 - sqlalchemy.engine.Engine - INFO - [raw sql] ()
2026-03-11 10:55:59,988 - sqlalchemy.engine.Engine - INFO - COMMIT
2026-03-11 10:55:59,988 - app - INFO - [OK] Tablas de base de datos creadas/verificadas
2026-03-11 11:02:10,922 - sqlalchemy.engine.Engine - INFO - BEGIN (implicit)
2026-03-11 11:02:10,922 - sqlalchemy.engine.Engine - INFO - PRAGMA main.table_info("roles")
2026-03-11 11:02:10,922 - sqlalchemy.engine.Engine - INFO - [raw sql] ()
2026-03-11 11:02:10,922 - sqlalchemy.engine.Engine - INFO - PRAGMA main.table_info("permisos")
2026-03-11 11:02:10,922 - sqlalchemy.engine.Engine - INFO - [raw sql] ()
2026-03-11 11:02:10,922 - sqlalchemy.engine.Engine - INFO - PRAGMA main.table_info("role_permiso")
2026-03-11 11:02:10,922 - sqlalchemy.engine.Engine - INFO - [raw sql] ()
2026-03-11 11:02:10,922 - sqlalchemy.engine.Engine - INFO - PRAGMA main.table_info("usuarios")
2026-03-11 11:02:10,922 - sqlalchemy.engine.Engine - INFO - [raw sql] ()
2026-03-11 11:02:10,938 - sqlalchemy.engine.Engine - INFO - PRAGMA main.table_info("empleados")
2026-03-11 11:02:10,938 - sqlalchemy.engine.Engine - INFO - [raw sql] ()
2026-03-11 11:02:10,940 - sqlalchemy.engine.Engine - INFO - PRAGMA main.table_info("tipos_novedad")
2026-03-11 11:02:10,941 - sqlalchemy.engine.Engine - INFO - [raw sql] ()
2026-03-11 11:02:10,942 - sqlalchemy.engine.Engine - INFO - PRAGMA main.table_info("novedades")
2026-03-11 11:02:10,942 - sqlalchemy.engine.Engine - INFO - [raw sql] ()
2026-03-11 11:02:10,942 - sqlalchemy.engine.Engine - INFO - PRAGMA main.table_info("novedades_aplicadas")
2026-03-11 11:02:10,945 - sqlalchemy.engine.Engine - INFO - [raw sql] ()
2026-03-11 11:02:10,946 - sqlalchemy.engine.Engine - INFO - PRAGMA main.table_info("conceptos_automaticos")
2026-03-11 11:02:10,946 - sqlalchemy.engine.Engine - INFO - [raw sql] ()
2026-03-11 11:02:10,948 - sqlalchemy.engine.Engine - INFO - PRAGMA main.table_info("quincenas")
2026-03-11 11:02:10,950 - sqlalchemy.engine.Engine - INFO - [raw sql] ()
2026-03-11 11:02:10,953 - sqlalchemy.engine.Engine - INFO - PRAGMA main.table_info("liquidos_quincena")
2026-03-11 11:02:10,955 - sqlalchemy.engine.Engine - INFO - [raw sql] ()
2026-03-11 11:02:10,955 - sqlalchemy.engine.Engine - INFO - PRAGMA main.table_info("pagos")
2026-03-11 11:02:10,955 - sqlalchemy.engine.Engine - INFO - [raw sql] ()
2026-03-11 11:02:10,959 - sqlalchemy.engine.Engine - INFO - PRAGMA main.table_info("empresa")
2026-03-11 11:02:10,959 - sqlalchemy.engine.Engine - INFO - [raw sql] ()
2026-03-11 11:02:10,959 - sqlalchemy.engine.Engine - INFO - PRAGMA main.table_info("parametros_descuentos")
2026-03-11 11:02:10,959 - sqlalchemy.engine.Engine - INFO - [raw sql] ()
2026-03-11 11:02:10,964 - sqlalchemy.engine.Engine - INFO - PRAGMA main.table_info("audit_logs")
2026-03-11 11:02:10,964 - sqlalchemy.engine.Engine - INFO - [raw sql] ()
2026-03-11 11:02:10,964 - sqlalchemy.engine.Engine - INFO - PRAGMA main.table_info("servicios")
2026-03-11 11:02:10,964 - sqlalchemy.engine.Engine - INFO - [raw sql] ()
2026-03-11 11:02:10,969 - sqlalchemy.engine.Engine - INFO - PRAGMA main.table_info("servicios_novedades")
2026-03-11 11:02:10,970 - sqlalchemy.engine.Engine - INFO - [raw sql] ()
2026-03-11 11:02:10,970 - sqlalchemy.engine.Engine - INFO - PRAGMA main.table_info("servicios_pagos")
2026-03-11 11:02:10,972 - sqlalchemy.engine.Engine - INFO - [raw sql] ()
2026-03-11 11:02:10,972 - sqlalchemy.engine.Engine - INFO - PRAGMA main.table_info("servicios_periodos")
2026-03-11 11:02:10,974 - sqlalchemy.engine.Engine - INFO - [raw sql] ()
2026-03-11 11:02:10,978 - sqlalchemy.engine.Engine - INFO - PRAGMA main.table_info("prestamos_empresa")
2026-03-11 11:02:10,978 - sqlalchemy.engine.Engine - INFO - [raw sql] ()
2026-03-11 11:02:10,978 - sqlalchemy.engine.Engine - INFO - PRAGMA main.table_info("prestamos_novedades")
2026-03-11 11:02:10,982 - sqlalchemy.engine.Engine - INFO - [raw sql] ()
2026-03-11 11:02:10,982 - sqlalchemy.engine.Engine - INFO - PRAGMA main.table_info("prestamos_pagos")
2026-03-11 11:02:10,982 - sqlalchemy.engine.Engine - INFO - [raw sql] ()
2026-03-11 11:02:10,986 - sqlalchemy.engine.Engine - INFO - COMMIT
2026-03-11 11:02:10,986 - app - INFO - [OK] Tablas de base de datos creadas/verificadas
2026-03-11 11:14:22,426 - sqlalchemy.engine.Engine - INFO - BEGIN (implicit)
2026-03-11 11:14:22,426 - sqlalchemy.engine.Engine - INFO - PRAGMA main.table_info("roles")
2026-03-11 11:14:22,440 - sqlalchemy.engine.Engine - INFO - [raw sql] ()
2026-03-11 11:14:22,442 - sqlalchemy.engine.Engine - INFO - PRAGMA main.table_info("permisos")
2026-03-11 11:14:22,442 - sqlalchemy.engine.Engine - INFO - [raw sql] ()
2026-03-11 11:14:22,445 - sqlalchemy.engine.Engine - INFO - PRAGMA main.table_info("role_permiso")
2026-03-11 11:14:22,445 - sqlalchemy.engine.Engine - INFO - [raw sql] ()
2026-03-11 11:14:22,448 - sqlalchemy.engine.Engine - INFO - PRAGMA main.table_info("usuarios")
2026-03-11 11:14:22,448 - sqlalchemy.engine.Engine - INFO - [raw sql] ()
2026-03-11 11:14:22,450 - sqlalchemy.engine.Engine - INFO - PRAGMA main.table_info("empleados")
2026-03-11 11:14:22,450 - sqlalchemy.engine.Engine - INFO - [raw sql] ()
2026-03-11 11:14:22,452 - sqlalchemy.engine.Engine - INFO - PRAGMA main.table_info("tipos_novedad")
2026-03-11 11:14:22,452 - sqlalchemy.engine.Engine - INFO - [raw sql] ()
2026-03-11 11:14:22,452 - sqlalchemy.engine.Engine - INFO - PRAGMA main.table_info("novedades")
2026-03-11 11:14:22,452 - sqlalchemy.engine.Engine - INFO - [raw sql] ()
2026-03-11 11:14:22,452 - sqlalchemy.engine.Engine - INFO - PRAGMA main.table_info("novedades_aplicadas")
2026-03-11 11:14:22,458 - sqlalchemy.engine.Engine - INFO - [raw sql] ()
2026-03-11 11:14:22,459 - sqlalchemy.engine.Engine - INFO - PRAGMA main.table_info("conceptos_automaticos")
2026-03-11 11:14:22,461 - sqlalchemy.engine.Engine - INFO - [raw sql] ()
2026-03-11 11:14:22,462 - sqlalchemy.engine.Engine - INFO - PRAGMA main.table_info("quincenas")
2026-03-11 11:14:22,462 - sqlalchemy.engine.Engine - INFO - [raw sql] ()
2026-03-11 11:14:22,468 - sqlalchemy.engine.Engine - INFO - PRAGMA main.table_info("liquidos_quincena")
2026-03-11 11:14:22,468 - sqlalchemy.engine.Engine - INFO - [raw sql] ()
2026-03-11 11:14:22,470 - sqlalchemy.engine.Engine - INFO - PRAGMA main.table_info("pagos")
2026-03-11 11:14:22,470 - sqlalchemy.engine.Engine - INFO - [raw sql] ()
2026-03-11 11:14:22,470 - sqlalchemy.engine.Engine - INFO - PRAGMA main.table_info("empresa")
2026-03-11 11:14:22,470 - sqlalchemy.engine.Engine - INFO - [raw sql] ()
2026-03-11 11:14:22,470 - sqlalchemy.engine.Engine - INFO - PRAGMA main.table_info("parametros_descuentos")
2026-03-11 11:14:22,477 - sqlalchemy.engine.Engine - INFO - [raw sql] ()
2026-03-11 11:14:22,477 - sqlalchemy.engine.Engine - INFO - PRAGMA main.table_info("audit_logs")
2026-03-11 11:14:22,480 - sqlalchemy.engine.Engine - INFO - [raw sql] ()
2026-03-11 11:14:22,480 - sqlalchemy.engine.Engine - INFO - PRAGMA main.table_info("servicios")
2026-03-11 11:14:22,482 - sqlalchemy.engine.Engine - INFO - [raw sql] ()
2026-03-11 11:14:22,485 - sqlalchemy.engine.Engine - INFO - PRAGMA main.table_info("servicios_novedades")
2026-03-11 11:14:22,486 - sqlalchemy.engine.Engine - INFO - [raw sql] ()
2026-03-11 11:14:22,486 - sqlalchemy.engine.Engine - INFO - PRAGMA main.table_info("servicios_pagos")
2026-03-11 11:14:22,488 - sqlalchemy.engine.Engine - INFO - [raw sql] ()
2026-03-11 11:14:22,488 - sqlalchemy.engine.Engine - INFO - PRAGMA main.table_info("servicios_periodos")
2026-03-11 11:14:22,488 - sqlalchemy.engine.Engine - INFO - [raw sql] ()
2026-03-11 11:14:22,488 - sqlalchemy.engine.Engine - INFO - PRAGMA main.table_info("prestamos_empresa")
2026-03-11 11:14:22,494 - sqlalchemy.engine.Engine - INFO - [raw sql] ()
2026-03-11 11:14:22,496 - sqlalchemy.engine.Engine - INFO - PRAGMA main.table_info("prestamos_novedades")
2026-03-11 11:14:22,496 - sqlalchemy.engine.Engine - INFO - [raw sql] ()
2026-03-11 11:14:22,496 - sqlalchemy.engine.Engine - INFO - PRAGMA main.table_info("prestamos_pagos")
2026-03-11 11:14:22,498 - sqlalchemy.engine.Engine - INFO - [raw sql] ()
2026-03-11 11:14:22,500 - sqlalchemy.engine.Engine - INFO - COMMIT
2026-03-11 11:14:22,500 - app - INFO - [OK] Tablas de base de datos creadas/verificadas
2026-03-11 11:31:37,954 - sqlalchemy.engine.Engine - INFO - BEGIN (implicit)
2026-03-11 11:31:37,956 - sqlalchemy.engine.Engine - INFO - PRAGMA main.table_info("roles")
2026-03-11 11:31:37,956 - sqlalchemy.engine.Engine - INFO - [raw sql] ()
2026-03-11 11:31:37,963 - sqlalchemy.engine.Engine - INFO - PRAGMA main.table_info("permisos")
2026-03-11 11:31:37,963 - sqlalchemy.engine.Engine - INFO - [raw sql] ()
2026-03-11 11:31:37,963 - sqlalchemy.engine.Engine - INFO - PRAGMA main.table_info("role_permiso")
2026-03-11 11:31:37,967 - sqlalchemy.engine.Engine - INFO - [raw sql] ()
2026-03-11 11:31:37,968 - sqlalchemy.engine.Engine - INFO - PRAGMA main.table_info("usuarios")
2026-03-11 11:31:37,969 - sqlalchemy.engine.Engine - INFO - [raw sql] ()
2026-03-11 11:31:37,971 - sqlalchemy.engine.Engine - INFO - PRAGMA main.table_info("empleados")
2026-03-11 11:31:37,972 - sqlalchemy.engine.Engine - INFO - [raw sql] ()
2026-03-11 11:31:37,974 - sqlalchemy.engine.Engine - INFO - PRAGMA main.table_info("tipos_novedad")
2026-03-11 11:31:37,974 - sqlalchemy.engine.Engine - INFO - [raw sql] ()
2026-03-11 11:31:37,976 - sqlalchemy.engine.Engine - INFO - PRAGMA main.table_info("novedades")
2026-03-11 11:31:37,978 - sqlalchemy.engine.Engine - INFO - [raw sql] ()
2026-03-11 11:31:37,978 - sqlalchemy.engine.Engine - INFO - PRAGMA main.table_info("novedades_aplicadas")
2026-03-11 11:31:37,978 - sqlalchemy.engine.Engine - INFO - [raw sql] ()
2026-03-11 11:31:37,978 - sqlalchemy.engine.Engine - INFO - PRAGMA main.table_info("conceptos_automaticos")
2026-03-11 11:31:37,978 - sqlalchemy.engine.Engine - INFO - [raw sql] ()
2026-03-11 11:31:37,983 - sqlalchemy.engine.Engine - INFO - PRAGMA main.table_info("quincenas")
2026-03-11 11:31:37,983 - sqlalchemy.engine.Engine - INFO - [raw sql] ()
2026-03-11 11:31:37,987 - sqlalchemy.engine.Engine - INFO - PRAGMA main.table_info("liquidos_quincena")
2026-03-11 11:31:37,989 - sqlalchemy.engine.Engine - INFO - [raw sql] ()
2026-03-11 11:31:37,991 - sqlalchemy.engine.Engine - INFO - PRAGMA main.table_info("pagos")
2026-03-11 11:31:37,992 - sqlalchemy.engine.Engine - INFO - [raw sql] ()
2026-03-11 11:31:37,994 - sqlalchemy.engine.Engine - INFO - PRAGMA main.table_info("empresa")
2026-03-11 11:31:37,996 - sqlalchemy.engine.Engine - INFO - [raw sql] ()
2026-03-11 11:31:37,999 - sqlalchemy.engine.Engine - INFO - PRAGMA main.table_info("parametros_descuentos")
2026-03-11 11:31:37,999 - sqlalchemy.engine.Engine - INFO - [raw sql] ()
2026-03-11 11:31:38,001 - sqlalchemy.engine.Engine - INFO - PRAGMA main.table_info("audit_logs")
2026-03-11 11:31:38,003 - sqlalchemy.engine.Engine - INFO - [raw sql] ()
2026-03-11 11:31:38,004 - sqlalchemy.engine.Engine - INFO - PRAGMA main.table_info("servicios")
2026-03-11 11:31:38,005 - sqlalchemy.engine.Engine - INFO - [raw sql] ()
2026-03-11 11:31:38,007 - sqlalchemy.engine.Engine - INFO - PRAGMA main.table_info("servicios_novedades")
2026-03-11 11:31:38,009 - sqlalchemy.engine.Engine - INFO - [raw sql] ()
2026-03-11 11:31:38,009 - sqlalchemy.engine.Engine - INFO - PRAGMA main.table_info("servicios_pagos")
2026-03-11 11:31:38,014 - sqlalchemy.engine.Engine - INFO - [raw sql] ()
2026-03-11 11:31:38,015 - sqlalchemy.engine.Engine - INFO - PRAGMA main.table_info("servicios_periodos")
2026-03-11 11:31:38,015 - sqlalchemy.engine.Engine - INFO - [raw sql] ()
2026-03-11 11:31:38,017 - sqlalchemy.engine.Engine - INFO - PRAGMA main.table_info("prestamos_empresa")
2026-03-11 11:31:38,019 - sqlalchemy.engine.Engine - INFO - [raw sql] ()
2026-03-11 11:31:38,021 - sqlalchemy.engine.Engine - INFO - PRAGMA main.table_info("prestamos_novedades")
2026-03-11 11:31:38,022 - sqlalchemy.engine.Engine - INFO - [raw sql] ()
2026-03-11 11:31:38,022 - sqlalchemy.engine.Engine - INFO - PRAGMA main.table_info("prestamos_pagos")
2026-03-11 11:31:38,025 - sqlalchemy.engine.Engine - INFO - [raw sql] ()
2026-03-11 11:31:38,029 - sqlalchemy.engine.Engine - INFO - COMMIT
2026-03-11 11:31:38,029 - app - INFO - [OK] Tablas de base de datos creadas/verificadas
2026-03-11 11:39:11,562 - sqlalchemy.engine.Engine - INFO - BEGIN (implicit)
2026-03-11 11:39:11,562 - sqlalchemy.engine.Engine - INFO - PRAGMA main.table_info("roles")
2026-03-11 11:39:11,578 - sqlalchemy.engine.Engine - INFO - [raw sql] ()
2026-03-11 11:39:11,578 - sqlalchemy.engine.Engine - INFO - PRAGMA main.table_info("permisos")
2026-03-11 11:39:11,578 - sqlalchemy.engine.Engine - INFO - [raw sql] ()
2026-03-11 11:39:11,578 - sqlalchemy.engine.Engine - INFO - PRAGMA main.table_info("role_permiso")
2026-03-11 11:39:11,578 - sqlalchemy.engine.Engine - INFO - [raw sql] ()
2026-03-11 11:39:11,584 - sqlalchemy.engine.Engine - INFO - PRAGMA main.table_info("usuarios")
2026-03-11 11:39:11,584 - sqlalchemy.engine.Engine - INFO - [raw sql] ()
2026-03-11 11:39:11,586 - sqlalchemy.engine.Engine - INFO - PRAGMA main.table_info("empleados")
2026-03-11 11:39:11,586 - sqlalchemy.engine.Engine - INFO - [raw sql] ()
2026-03-11 11:39:11,587 - sqlalchemy.engine.Engine - INFO - PRAGMA main.table_info("tipos_novedad")
2026-03-11 11:39:11,589 - sqlalchemy.engine.Engine - INFO - [raw sql] ()
2026-03-11 11:39:11,589 - sqlalchemy.engine.Engine - INFO - PRAGMA main.table_info("novedades")
2026-03-11 11:39:11,589 - sqlalchemy.engine.Engine - INFO - [raw sql] ()
2026-03-11 11:39:11,591 - sqlalchemy.engine.Engine - INFO - PRAGMA main.table_info("novedades_aplicadas")
2026-03-11 11:39:11,592 - sqlalchemy.engine.Engine - INFO - [raw sql] ()
2026-03-11 11:39:11,592 - sqlalchemy.engine.Engine - INFO - PRAGMA main.table_info("conceptos_automaticos")
2026-03-11 11:39:11,595 - sqlalchemy.engine.Engine - INFO - [raw sql] ()
2026-03-11 11:39:11,596 - sqlalchemy.engine.Engine - INFO - PRAGMA main.table_info("quincenas")
2026-03-11 11:39:11,597 - sqlalchemy.engine.Engine - INFO - [raw sql] ()
2026-03-11 11:39:11,599 - sqlalchemy.engine.Engine - INFO - PRAGMA main.table_info("liquidos_quincena")
2026-03-11 11:39:11,600 - sqlalchemy.engine.Engine - INFO - [raw sql] ()
2026-03-11 11:39:11,600 - sqlalchemy.engine.Engine - INFO - PRAGMA main.table_info("pagos")
2026-03-11 11:39:11,602 - sqlalchemy.engine.Engine - INFO - [raw sql] ()
2026-03-11 11:39:11,604 - sqlalchemy.engine.Engine - INFO - PRAGMA main.table_info("empresa")
2026-03-11 11:39:11,604 - sqlalchemy.engine.Engine - INFO - [raw sql] ()
2026-03-11 11:39:11,605 - sqlalchemy.engine.Engine - INFO - PRAGMA main.table_info("parametros_descuentos")
2026-03-11 11:39:11,605 - sqlalchemy.engine.Engine - INFO - [raw sql] ()
2026-03-11 11:39:11,605 - sqlalchemy.engine.Engine - INFO - PRAGMA main.table_info("audit_logs")
2026-03-11 11:39:11,605 - sqlalchemy.engine.Engine - INFO - [raw sql] ()
2026-03-11 11:39:11,605 - sqlalchemy.engine.Engine - INFO - PRAGMA main.table_info("servicios")
2026-03-11 11:39:11,605 - sqlalchemy.engine.Engine - INFO - [raw sql] ()
2026-03-11 11:39:11,605 - sqlalchemy.engine.Engine - INFO - PRAGMA main.table_info("servicios_novedades")
2026-03-11 11:39:11,605 - sqlalchemy.engine.Engine - INFO - [raw sql] ()
2026-03-11 11:39:11,605 - sqlalchemy.engine.Engine - INFO - PRAGMA main.table_info("servicios_pagos")
2026-03-11 11:39:11,615 - sqlalchemy.engine.Engine - INFO - [raw sql] ()
2026-03-11 11:39:11,615 - sqlalchemy.engine.Engine - INFO - PRAGMA main.table_info("servicios_periodos")
2026-03-11 11:39:11,615 - sqlalchemy.engine.Engine - INFO - [raw sql] ()
2026-03-11 11:39:11,615 - sqlalchemy.engine.Engine - INFO - PRAGMA main.table_info("prestamos_empresa")
2026-03-11 11:39:11,619 - sqlalchemy.engine.Engine - INFO - [raw sql] ()
2026-03-11 11:39:11,619 - sqlalchemy.engine.Engine - INFO - PRAGMA main.table_info("prestamos_novedades")
2026-03-11 11:39:11,619 - sqlalchemy.engine.Engine - INFO - [raw sql] ()
2026-03-11 11:39:11,624 - sqlalchemy.engine.Engine - INFO - PRAGMA main.table_info("prestamos_pagos")
2026-03-11 11:39:11,624 - sqlalchemy.engine.Engine - INFO - [raw sql] ()
2026-03-11 11:39:11,625 - sqlalchemy.engine.Engine - INFO - COMMIT
2026-03-11 11:39:11,627 - app - INFO - [OK] Tablas de base de datos creadas/verificadas
2026-03-11 12:05:39,561 - sqlalchemy.engine.Engine - INFO - BEGIN (implicit)
2026-03-11 12:05:39,561 - sqlalchemy.engine.Engine - INFO - PRAGMA main.table_info("roles")
2026-03-11 12:05:39,561 - sqlalchemy.engine.Engine - INFO - [raw sql] ()
2026-03-11 12:05:39,571 - sqlalchemy.engine.Engine - INFO - PRAGMA main.table_info("permisos")
2026-03-11 12:05:39,571 - sqlalchemy.engine.Engine - INFO - [raw sql] ()
2026-03-11 12:05:39,574 - sqlalchemy.engine.Engine - INFO - PRAGMA main.table_info("role_permiso")
2026-03-11 12:05:39,576 - sqlalchemy.engine.Engine - INFO - [raw sql] ()
2026-03-11 12:05:39,580 - sqlalchemy.engine.Engine - INFO - PRAGMA main.table_info("usuarios")
2026-03-11 12:05:39,580 - sqlalchemy.engine.Engine - INFO - [raw sql] ()
2026-03-11 12:05:39,584 - sqlalchemy.engine.Engine - INFO - PRAGMA main.table_info("empleados")
2026-03-11 12:05:39,585 - sqlalchemy.engine.Engine - INFO - [raw sql] ()
2026-03-11 12:05:39,590 - sqlalchemy.engine.Engine - INFO - PRAGMA main.table_info("tipos_novedad")
2026-03-11 12:05:39,592 - sqlalchemy.engine.Engine - INFO - [raw sql] ()
2026-03-11 12:05:39,595 - sqlalchemy.engine.Engine - INFO - PRAGMA main.table_info("novedades")
2026-03-11 12:05:39,597 - sqlalchemy.engine.Engine - INFO - [raw sql] ()
2026-03-11 12:05:39,602 - sqlalchemy.engine.Engine - INFO - PRAGMA main.table_info("novedades_aplicadas")
2026-03-11 12:05:39,602 - sqlalchemy.engine.Engine - INFO - [raw sql] ()
2026-03-11 12:05:39,609 - sqlalchemy.engine.Engine - INFO - PRAGMA main.table_info("conceptos_automaticos")
2026-03-11 12:05:39,611 - sqlalchemy.engine.Engine - INFO - [raw sql] ()
2026-03-11 12:05:39,617 - sqlalchemy.engine.Engine - INFO - PRAGMA main.table_info("quincenas")
2026-03-11 12:05:39,617 - sqlalchemy.engine.Engine - INFO - [raw sql] ()
2026-03-11 12:05:39,621 - sqlalchemy.engine.Engine - INFO - PRAGMA main.table_info("liquidos_quincena")
2026-03-11 12:05:39,621 - sqlalchemy.engine.Engine - INFO - [raw sql] ()
2026-03-11 12:05:39,621 - sqlalchemy.engine.Engine - INFO - PRAGMA main.table_info("pagos")
2026-03-11 12:05:39,627 - sqlalchemy.engine.Engine - INFO - [raw sql] ()
2026-03-11 12:05:39,630 - sqlalchemy.engine.Engine - INFO - PRAGMA main.table_info("empresa")
2026-03-11 12:05:39,632 - sqlalchemy.engine.Engine - INFO - [raw sql] ()
2026-03-11 12:05:39,638 - sqlalchemy.engine.Engine - INFO - PRAGMA main.table_info("parametros_descuentos")
2026-03-11 12:05:39,638 - sqlalchemy.engine.Engine - INFO - [raw sql] ()
2026-03-11 12:05:39,645 - sqlalchemy.engine.Engine - INFO - PRAGMA main.table_info("audit_logs")
2026-03-11 12:05:39,647 - sqlalchemy.engine.Engine - INFO - [raw sql] ()
2026-03-11 12:05:39,649 - sqlalchemy.engine.Engine - INFO - PRAGMA main.table_info("servicios")
2026-03-11 12:05:39,649 - sqlalchemy.engine.Engine - INFO - [raw sql] ()
2026-03-11 12:05:39,649 - sqlalchemy.engine.Engine - INFO - PRAGMA main.table_info("servicios_novedades")
2026-03-11 12:05:39,649 - sqlalchemy.engine.Engine - INFO - [raw sql] ()
2026-03-11 12:05:39,659 - sqlalchemy.engine.Engine - INFO - PRAGMA main.table_info("servicios_pagos")
2026-03-11 12:05:39,662 - sqlalchemy.engine.Engine - INFO - [raw sql] ()
2026-03-11 12:05:39,663 - sqlalchemy.engine.Engine - INFO - PRAGMA main.table_info("servicios_periodos")
2026-03-11 12:05:39,663 - sqlalchemy.engine.Engine - INFO - [raw sql] ()
2026-03-11 12:05:39,668 - sqlalchemy.engine.Engine - INFO - PRAGMA main.table_info("prestamos_empresa")
2026-03-11 12:05:39,671 - sqlalchemy.engine.Engine - INFO - [raw sql] ()
2026-03-11 12:05:39,671 - sqlalchemy.engine.Engine - INFO - PRAGMA main.table_info("prestamos_novedades")
2026-03-11 12:05:39,676 - sqlalchemy.engine.Engine - INFO - [raw sql] ()
2026-03-11 12:05:39,680 - sqlalchemy.engine.Engine - INFO - PRAGMA main.table_info("prestamos_pagos")
2026-03-11 12:05:39,680 - sqlalchemy.engine.Engine - INFO - [raw sql] ()
2026-03-11 12:05:39,685 - sqlalchemy.engine.Engine - INFO - COMMIT
2026-03-11 12:05:39,688 - app - INFO - [OK] Tablas de base de datos creadas/verificadas
2026-03-11 22:51:14,376 - sqlalchemy.engine.Engine - INFO - BEGIN (implicit)
2026-03-11 22:51:14,377 - sqlalchemy.engine.Engine - INFO - PRAGMA main.table_info("roles")
2026-03-11 22:51:14,378 - sqlalchemy.engine.Engine - INFO - [raw sql] ()
2026-03-11 22:51:14,379 - sqlalchemy.engine.Engine - INFO - PRAGMA main.table_info("permisos")
2026-03-11 22:51:14,380 - sqlalchemy.engine.Engine - INFO - [raw sql] ()
2026-03-11 22:51:14,380 - sqlalchemy.engine.Engine - INFO - PRAGMA main.table_info("role_permiso")
2026-03-11 22:51:14,381 - sqlalchemy.engine.Engine - INFO - [raw sql] ()
2026-03-11 22:51:14,381 - sqlalchemy.engine.Engine - INFO - PRAGMA main.table_info("usuarios")
2026-03-11 22:51:14,382 - sqlalchemy.engine.Engine - INFO - [raw sql] ()
2026-03-11 22:51:14,382 - sqlalchemy.engine.Engine - INFO - PRAGMA main.table_info("empleados")
2026-03-11 22:51:14,383 - sqlalchemy.engine.Engine - INFO - [raw sql] ()
2026-03-11 22:51:14,383 - sqlalchemy.engine.Engine - INFO - PRAGMA main.table_info("tipos_novedad")
2026-03-11 22:51:14,384 - sqlalchemy.engine.Engine - INFO - [raw sql] ()
2026-03-11 22:51:14,384 - sqlalchemy.engine.Engine - INFO - PRAGMA main.table_info("novedades")
2026-03-11 22:51:14,386 - sqlalchemy.engine.Engine - INFO - [raw sql] ()
2026-03-11 22:51:14,386 - sqlalchemy.engine.Engine - INFO - PRAGMA main.table_info("novedades_aplicadas")
2026-03-11 22:51:14,387 - sqlalchemy.engine.Engine - INFO - [raw sql] ()
2026-03-11 22:51:14,387 - sqlalchemy.engine.Engine - INFO - PRAGMA main.table_info("conceptos_automaticos")
2026-03-11 22:51:14,387 - sqlalchemy.engine.Engine - INFO - [raw sql] ()
2026-03-11 22:51:14,388 - sqlalchemy.engine.Engine - INFO - PRAGMA main.table_info("quincenas")
2026-03-11 22:51:14,388 - sqlalchemy.engine.Engine - INFO - [raw sql] ()
2026-03-11 22:51:14,389 - sqlalchemy.engine.Engine - INFO - PRAGMA main.table_info("liquidos_quincena")
2026-03-11 22:51:14,389 - sqlalchemy.engine.Engine - INFO - [raw sql] ()
2026-03-11 22:51:14,391 - sqlalchemy.engine.Engine - INFO - PRAGMA main.table_info("pagos")
2026-03-11 22:51:14,391 - sqlalchemy.engine.Engine - INFO - [raw sql] ()
2026-03-11 22:51:14,391 - sqlalchemy.engine.Engine - INFO - PRAGMA main.table_info("empresa")
2026-03-11 22:51:14,391 - sqlalchemy.engine.Engine - INFO - [raw sql] ()
2026-03-11 22:51:14,391 - sqlalchemy.engine.Engine - INFO - PRAGMA main.table_info("parametros_descuentos")
2026-03-11 22:51:14,391 - sqlalchemy.engine.Engine - INFO - [raw sql] ()
2026-03-11 22:51:14,391 - sqlalchemy.engine.Engine - INFO - PRAGMA main.table_info("audit_logs")
2026-03-11 22:51:14,391 - sqlalchemy.engine.Engine - INFO - [raw sql] ()
2026-03-11 22:51:14,391 - sqlalchemy.engine.Engine - INFO - PRAGMA main.table_info("servicios")
2026-03-11 22:51:14,391 - sqlalchemy.engine.Engine - INFO - [raw sql] ()
2026-03-11 22:51:14,395 - sqlalchemy.engine.Engine - INFO - PRAGMA main.table_info("servicios_novedades")
2026-03-11 22:51:14,395 - sqlalchemy.engine.Engine - INFO - [raw sql] ()
2026-03-11 22:51:14,395 - sqlalchemy.engine.Engine - INFO - PRAGMA main.table_info("servicios_pagos")
2026-03-11 22:51:14,396 - sqlalchemy.engine.Engine - INFO - [raw sql] ()
2026-03-11 22:51:14,396 - sqlalchemy.engine.Engine - INFO - PRAGMA main.table_info("servicios_periodos")
2026-03-11 22:51:14,396 - sqlalchemy.engine.Engine - INFO - [raw sql] ()
2026-03-11 22:51:14,396 - sqlalchemy.engine.Engine - INFO - PRAGMA main.table_info("prestamos_empresa")
2026-03-11 22:51:14,398 - sqlalchemy.engine.Engine - INFO - [raw sql] ()
2026-03-11 22:51:14,398 - sqlalchemy.engine.Engine - INFO - PRAGMA main.table_info("prestamos_novedades")
2026-03-11 22:51:14,398 - sqlalchemy.engine.Engine - INFO - [raw sql] ()
2026-03-11 22:51:14,399 - sqlalchemy.engine.Engine - INFO - PRAGMA main.table_info("prestamos_pagos")
2026-03-11 22:51:14,399 - sqlalchemy.engine.Engine - INFO - [raw sql] ()
2026-03-11 22:51:14,399 - sqlalchemy.engine.Engine - INFO - COMMIT
2026-03-11 22:51:14,399 - app - INFO - [OK] Tablas de base de datos creadas/verificadas
2026-03-11 23:00:52,769 - app - WARNING - [WARN] No se pudieron crear tablas automáticamente: (psycopg2.OperationalError) could not translate host name "postgres.railway.internal" to address: Unknown host

(Background on this error at: https://sqlalche.me/e/20/e3q8)
2026-03-11 23:00:52,782 - app - WARNING - Ejecuta: flask init-db
2026-03-12 22:04:42,558 - app - WARNING - [WARN] No se pudieron crear tablas automáticamente: (psycopg2.OperationalError) could not translate host name "postgres.railway.internal" to address: Unknown host

(Background on this error at: https://sqlalche.me/e/20/e3q8)
2026-03-12 22:04:42,558 - app - WARNING - Ejecuta: flask init-db
2026-03-12 22:45:28,115 - sqlalchemy.engine.Engine - INFO - select pg_catalog.version()
2026-03-12 22:45:28,117 - sqlalchemy.engine.Engine - INFO - [raw sql] {}
2026-03-12 22:45:28,577 - sqlalchemy.engine.Engine - INFO - select current_schema()
2026-03-12 22:45:28,577 - sqlalchemy.engine.Engine - INFO - [raw sql] {}
2026-03-12 22:45:28,958 - sqlalchemy.engine.Engine - INFO - show standard_conforming_strings
2026-03-12 22:45:28,961 - sqlalchemy.engine.Engine - INFO - [raw sql] {}
2026-03-12 22:45:29,330 - sqlalchemy.engine.Engine - INFO - BEGIN (implicit)
2026-03-12 22:45:29,378 - sqlalchemy.engine.Engine - INFO - SELECT pg_catalog.pg_class.relname 
FROM pg_catalog.pg_class JOIN pg_catalog.pg_namespace ON pg_catalog.pg_namespace.oid = pg_catalog.pg_class.relnamespace 
WHERE pg_catalog.pg_class.relname = %(table_name)s AND pg_catalog.pg_class.relkind = ANY (ARRAY[%(param_1)s, %(param_2)s, %(param_3)s, %(param_4)s, %(param_5)s]) AND pg_catalog.pg_table_is_visible(pg_catalog.pg_class.oid) AND pg_catalog.pg_namespace.nspname != %(nspname_1)s
2026-03-12 22:45:29,378 - sqlalchemy.engine.Engine - INFO - [generated in 0.00180s] {'table_name': 'roles', 'param_1': 'r', 'param_2': 'p', 'param_3': 'f', 'param_4': 'v', 'param_5': 'm', 'nspname_1': 'pg_catalog'}
2026-03-12 22:45:29,808 - sqlalchemy.engine.Engine - INFO - SELECT pg_catalog.pg_class.relname 
FROM pg_catalog.pg_class JOIN pg_catalog.pg_namespace ON pg_catalog.pg_namespace.oid = pg_catalog.pg_class.relnamespace 
WHERE pg_catalog.pg_class.relname = %(table_name)s AND pg_catalog.pg_class.relkind = ANY (ARRAY[%(param_1)s, %(param_2)s, %(param_3)s, %(param_4)s, %(param_5)s]) AND pg_catalog.pg_table_is_visible(pg_catalog.pg_class.oid) AND pg_catalog.pg_namespace.nspname != %(nspname_1)s
2026-03-12 22:45:29,808 - sqlalchemy.engine.Engine - INFO - [cached since 0.4289s ago] {'table_name': 'permisos', 'param_1': 'r', 'param_2': 'p', 'param_3': 'f', 'param_4': 'v', 'param_5': 'm', 'nspname_1': 'pg_catalog'}
2026-03-12 22:45:29,998 - sqlalchemy.engine.Engine - INFO - SELECT pg_catalog.pg_class.relname 
FROM pg_catalog.pg_class JOIN pg_catalog.pg_namespace ON pg_catalog.pg_namespace.oid = pg_catalog.pg_class.relnamespace 
WHERE pg_catalog.pg_class.relname = %(table_name)s AND pg_catalog.pg_class.relkind = ANY (ARRAY[%(param_1)s, %(param_2)s, %(param_3)s, %(param_4)s, %(param_5)s]) AND pg_catalog.pg_table_is_visible(pg_catalog.pg_class.oid) AND pg_catalog.pg_namespace.nspname != %(nspname_1)s
2026-03-12 22:45:29,999 - sqlalchemy.engine.Engine - INFO - [cached since 0.6182s ago] {'table_name': 'role_permiso', 'param_1': 'r', 'param_2': 'p', 'param_3': 'f', 'param_4': 'v', 'param_5': 'm', 'nspname_1': 'pg_catalog'}
2026-03-12 22:45:30,222 - sqlalchemy.engine.Engine - INFO - SELECT pg_catalog.pg_class.relname 
FROM pg_catalog.pg_class JOIN pg_catalog.pg_namespace ON pg_catalog.pg_namespace.oid = pg_catalog.pg_class.relnamespace 
WHERE pg_catalog.pg_class.relname = %(table_name)s AND pg_catalog.pg_class.relkind = ANY (ARRAY[%(param_1)s, %(param_2)s, %(param_3)s, %(param_4)s, %(param_5)s]) AND pg_catalog.pg_table_is_visible(pg_catalog.pg_class.oid) AND pg_catalog.pg_namespace.nspname != %(nspname_1)s
2026-03-12 22:45:30,222 - sqlalchemy.engine.Engine - INFO - [cached since 0.8524s ago] {'table_name': 'usuarios', 'param_1': 'r', 'param_2': 'p', 'param_3': 'f', 'param_4': 'v', 'param_5': 'm', 'nspname_1': 'pg_catalog'}
2026-03-12 22:45:30,465 - sqlalchemy.engine.Engine - INFO - SELECT pg_catalog.pg_class.relname 
FROM pg_catalog.pg_class JOIN pg_catalog.pg_namespace ON pg_catalog.pg_namespace.oid = pg_catalog.pg_class.relnamespace 
WHERE pg_catalog.pg_class.relname = %(table_name)s AND pg_catalog.pg_class.relkind = ANY (ARRAY[%(param_1)s, %(param_2)s, %(param_3)s, %(param_4)s, %(param_5)s]) AND pg_catalog.pg_table_is_visible(pg_catalog.pg_class.oid) AND pg_catalog.pg_namespace.nspname != %(nspname_1)s
2026-03-12 22:45:30,465 - sqlalchemy.engine.Engine - INFO - [cached since 1.088s ago] {'table_name': 'empleados', 'param_1': 'r', 'param_2': 'p', 'param_3': 'f', 'param_4': 'v', 'param_5': 'm', 'nspname_1': 'pg_catalog'}
2026-03-12 22:45:30,828 - sqlalchemy.engine.Engine - INFO - SELECT pg_catalog.pg_class.relname 
FROM pg_catalog.pg_class JOIN pg_catalog.pg_namespace ON pg_catalog.pg_namespace.oid = pg_catalog.pg_class.relnamespace 
WHERE pg_catalog.pg_class.relname = %(table_name)s AND pg_catalog.pg_class.relkind = ANY (ARRAY[%(param_1)s, %(param_2)s, %(param_3)s, %(param_4)s, %(param_5)s]) AND pg_catalog.pg_table_is_visible(pg_catalog.pg_class.oid) AND pg_catalog.pg_namespace.nspname != %(nspname_1)s
2026-03-12 22:45:30,830 - sqlalchemy.engine.Engine - INFO - [cached since 1.448s ago] {'table_name': 'tipos_novedad', 'param_1': 'r', 'param_2': 'p', 'param_3': 'f', 'param_4': 'v', 'param_5': 'm', 'nspname_1': 'pg_catalog'}
2026-03-12 22:45:31,298 - sqlalchemy.engine.Engine - INFO - SELECT pg_catalog.pg_class.relname 
FROM pg_catalog.pg_class JOIN pg_catalog.pg_namespace ON pg_catalog.pg_namespace.oid = pg_catalog.pg_class.relnamespace 
WHERE pg_catalog.pg_class.relname = %(table_name)s AND pg_catalog.pg_class.relkind = ANY (ARRAY[%(param_1)s, %(param_2)s, %(param_3)s, %(param_4)s, %(param_5)s]) AND pg_catalog.pg_table_is_visible(pg_catalog.pg_class.oid) AND pg_catalog.pg_namespace.nspname != %(nspname_1)s
2026-03-12 22:45:31,309 - sqlalchemy.engine.Engine - INFO - [cached since 1.928s ago] {'table_name': 'novedades', 'param_1': 'r', 'param_2': 'p', 'param_3': 'f', 'param_4': 'v', 'param_5': 'm', 'nspname_1': 'pg_catalog'}
2026-03-12 22:45:31,539 - sqlalchemy.engine.Engine - INFO - SELECT pg_catalog.pg_class.relname 
FROM pg_catalog.pg_class JOIN pg_catalog.pg_namespace ON pg_catalog.pg_namespace.oid = pg_catalog.pg_class.relnamespace 
WHERE pg_catalog.pg_class.relname = %(table_name)s AND pg_catalog.pg_class.relkind = ANY (ARRAY[%(param_1)s, %(param_2)s, %(param_3)s, %(param_4)s, %(param_5)s]) AND pg_catalog.pg_table_is_visible(pg_catalog.pg_class.oid) AND pg_catalog.pg_namespace.nspname != %(nspname_1)s
2026-03-12 22:45:31,539 - sqlalchemy.engine.Engine - INFO - [cached since 2.159s ago] {'table_name': 'novedades_aplicadas', 'param_1': 'r', 'param_2': 'p', 'param_3': 'f', 'param_4': 'v', 'param_5': 'm', 'nspname_1': 'pg_catalog'}
2026-03-12 22:45:31,950 - sqlalchemy.engine.Engine - INFO - SELECT pg_catalog.pg_class.relname 
FROM pg_catalog.pg_class JOIN pg_catalog.pg_namespace ON pg_catalog.pg_namespace.oid = pg_catalog.pg_class.relnamespace 
WHERE pg_catalog.pg_class.relname = %(table_name)s AND pg_catalog.pg_class.relkind = ANY (ARRAY[%(param_1)s, %(param_2)s, %(param_3)s, %(param_4)s, %(param_5)s]) AND pg_catalog.pg_table_is_visible(pg_catalog.pg_class.oid) AND pg_catalog.pg_namespace.nspname != %(nspname_1)s
2026-03-12 22:45:31,950 - sqlalchemy.engine.Engine - INFO - [cached since 2.581s ago] {'table_name': 'conceptos_automaticos', 'param_1': 'r', 'param_2': 'p', 'param_3': 'f', 'param_4': 'v', 'param_5': 'm', 'nspname_1': 'pg_catalog'}
2026-03-12 22:45:32,431 - sqlalchemy.engine.Engine - INFO - SELECT pg_catalog.pg_class.relname 
FROM pg_catalog.pg_class JOIN pg_catalog.pg_namespace ON pg_catalog.pg_namespace.oid = pg_catalog.pg_class.relnamespace 
WHERE pg_catalog.pg_class.relname = %(table_name)s AND pg_catalog.pg_class.relkind = ANY (ARRAY[%(param_1)s, %(param_2)s, %(param_3)s, %(param_4)s, %(param_5)s]) AND pg_catalog.pg_table_is_visible(pg_catalog.pg_class.oid) AND pg_catalog.pg_namespace.nspname != %(nspname_1)s
2026-03-12 22:45:32,431 - sqlalchemy.engine.Engine - INFO - [cached since 3.05s ago] {'table_name': 'quincenas', 'param_1': 'r', 'param_2': 'p', 'param_3': 'f', 'param_4': 'v', 'param_5': 'm', 'nspname_1': 'pg_catalog'}
2026-03-12 22:45:32,808 - sqlalchemy.engine.Engine - INFO - SELECT pg_catalog.pg_class.relname 
FROM pg_catalog.pg_class JOIN pg_catalog.pg_namespace ON pg_catalog.pg_namespace.oid = pg_catalog.pg_class.relnamespace 
WHERE pg_catalog.pg_class.relname = %(table_name)s AND pg_catalog.pg_class.relkind = ANY (ARRAY[%(param_1)s, %(param_2)s, %(param_3)s, %(param_4)s, %(param_5)s]) AND pg_catalog.pg_table_is_visible(pg_catalog.pg_class.oid) AND pg_catalog.pg_namespace.nspname != %(nspname_1)s
2026-03-12 22:45:32,808 - sqlalchemy.engine.Engine - INFO - [cached since 3.434s ago] {'table_name': 'liquidos_quincena', 'param_1': 'r', 'param_2': 'p', 'param_3': 'f', 'param_4': 'v', 'param_5': 'm', 'nspname_1': 'pg_catalog'}
2026-03-12 22:45:33,073 - sqlalchemy.engine.Engine - INFO - SELECT pg_catalog.pg_class.relname 
FROM pg_catalog.pg_class JOIN pg_catalog.pg_namespace ON pg_catalog.pg_namespace.oid = pg_catalog.pg_class.relnamespace 
WHERE pg_catalog.pg_class.relname = %(table_name)s AND pg_catalog.pg_class.relkind = ANY (ARRAY[%(param_1)s, %(param_2)s, %(param_3)s, %(param_4)s, %(param_5)s]) AND pg_catalog.pg_table_is_visible(pg_catalog.pg_class.oid) AND pg_catalog.pg_namespace.nspname != %(nspname_1)s
2026-03-12 22:45:33,074 - sqlalchemy.engine.Engine - INFO - [cached since 3.693s ago] {'table_name': 'pagos', 'param_1': 'r', 'param_2': 'p', 'param_3': 'f', 'param_4': 'v', 'param_5': 'm', 'nspname_1': 'pg_catalog'}
2026-03-12 22:45:33,270 - sqlalchemy.engine.Engine - INFO - SELECT pg_catalog.pg_class.relname 
FROM pg_catalog.pg_class JOIN pg_catalog.pg_namespace ON pg_catalog.pg_namespace.oid = pg_catalog.pg_class.relnamespace 
WHERE pg_catalog.pg_class.relname = %(table_name)s AND pg_catalog.pg_class.relkind = ANY (ARRAY[%(param_1)s, %(param_2)s, %(param_3)s, %(param_4)s, %(param_5)s]) AND pg_catalog.pg_table_is_visible(pg_catalog.pg_class.oid) AND pg_catalog.pg_namespace.nspname != %(nspname_1)s
2026-03-12 22:45:33,270 - sqlalchemy.engine.Engine - INFO - [cached since 3.894s ago] {'table_name': 'empresa', 'param_1': 'r', 'param_2': 'p', 'param_3': 'f', 'param_4': 'v', 'param_5': 'm', 'nspname_1': 'pg_catalog'}
2026-03-12 22:45:33,609 - sqlalchemy.engine.Engine - INFO - SELECT pg_catalog.pg_class.relname 
FROM pg_catalog.pg_class JOIN pg_catalog.pg_namespace ON pg_catalog.pg_namespace.oid = pg_catalog.pg_class.relnamespace 
WHERE pg_catalog.pg_class.relname = %(table_name)s AND pg_catalog.pg_class.relkind = ANY (ARRAY[%(param_1)s, %(param_2)s, %(param_3)s, %(param_4)s, %(param_5)s]) AND pg_catalog.pg_table_is_visible(pg_catalog.pg_class.oid) AND pg_catalog.pg_namespace.nspname != %(nspname_1)s
2026-03-12 22:45:33,609 - sqlalchemy.engine.Engine - INFO - [cached since 4.232s ago] {'table_name': 'parametros_descuentos', 'param_1': 'r', 'param_2': 'p', 'param_3': 'f', 'param_4': 'v', 'param_5': 'm', 'nspname_1': 'pg_catalog'}
2026-03-12 22:45:33,805 - sqlalchemy.engine.Engine - INFO - SELECT pg_catalog.pg_class.relname 
FROM pg_catalog.pg_class JOIN pg_catalog.pg_namespace ON pg_catalog.pg_namespace.oid = pg_catalog.pg_class.relnamespace 
WHERE pg_catalog.pg_class.relname = %(table_name)s AND pg_catalog.pg_class.relkind = ANY (ARRAY[%(param_1)s, %(param_2)s, %(param_3)s, %(param_4)s, %(param_5)s]) AND pg_catalog.pg_table_is_visible(pg_catalog.pg_class.oid) AND pg_catalog.pg_namespace.nspname != %(nspname_1)s
2026-03-12 22:45:33,805 - sqlalchemy.engine.Engine - INFO - [cached since 4.43s ago] {'table_name': 'audit_logs', 'param_1': 'r', 'param_2': 'p', 'param_3': 'f', 'param_4': 'v', 'param_5': 'm', 'nspname_1': 'pg_catalog'}
2026-03-12 22:45:34,000 - sqlalchemy.engine.Engine - INFO - SELECT pg_catalog.pg_class.relname 
FROM pg_catalog.pg_class JOIN pg_catalog.pg_namespace ON pg_catalog.pg_namespace.oid = pg_catalog.pg_class.relnamespace 
WHERE pg_catalog.pg_class.relname = %(table_name)s AND pg_catalog.pg_class.relkind = ANY (ARRAY[%(param_1)s, %(param_2)s, %(param_3)s, %(param_4)s, %(param_5)s]) AND pg_catalog.pg_table_is_visible(pg_catalog.pg_class.oid) AND pg_catalog.pg_namespace.nspname != %(nspname_1)s
2026-03-12 22:45:34,002 - sqlalchemy.engine.Engine - INFO - [cached since 4.621s ago] {'table_name': 'servicios', 'param_1': 'r', 'param_2': 'p', 'param_3': 'f', 'param_4': 'v', 'param_5': 'm', 'nspname_1': 'pg_catalog'}
2026-03-12 22:45:34,249 - sqlalchemy.engine.Engine - INFO - SELECT pg_catalog.pg_class.relname 
FROM pg_catalog.pg_class JOIN pg_catalog.pg_namespace ON pg_catalog.pg_namespace.oid = pg_catalog.pg_class.relnamespace 
WHERE pg_catalog.pg_class.relname = %(table_name)s AND pg_catalog.pg_class.relkind = ANY (ARRAY[%(param_1)s, %(param_2)s, %(param_3)s, %(param_4)s, %(param_5)s]) AND pg_catalog.pg_table_is_visible(pg_catalog.pg_class.oid) AND pg_catalog.pg_namespace.nspname != %(nspname_1)s
2026-03-12 22:45:34,250 - sqlalchemy.engine.Engine - INFO - [cached since 4.868s ago] {'table_name': 'servicios_novedades', 'param_1': 'r', 'param_2': 'p', 'param_3': 'f', 'param_4': 'v', 'param_5': 'm', 'nspname_1': 'pg_catalog'}
2026-03-12 22:45:34,475 - sqlalchemy.engine.Engine - INFO - SELECT pg_catalog.pg_class.relname 
FROM pg_catalog.pg_class JOIN pg_catalog.pg_namespace ON pg_catalog.pg_namespace.oid = pg_catalog.pg_class.relnamespace 
WHERE pg_catalog.pg_class.relname = %(table_name)s AND pg_catalog.pg_class.relkind = ANY (ARRAY[%(param_1)s, %(param_2)s, %(param_3)s, %(param_4)s, %(param_5)s]) AND pg_catalog.pg_table_is_visible(pg_catalog.pg_class.oid) AND pg_catalog.pg_namespace.nspname != %(nspname_1)s
2026-03-12 22:45:34,475 - sqlalchemy.engine.Engine - INFO - [cached since 5.095s ago] {'table_name': 'servicios_pagos', 'param_1': 'r', 'param_2': 'p', 'param_3': 'f', 'param_4': 'v', 'param_5': 'm', 'nspname_1': 'pg_catalog'}
2026-03-12 22:45:34,654 - sqlalchemy.engine.Engine - INFO - SELECT pg_catalog.pg_class.relname 
FROM pg_catalog.pg_class JOIN pg_catalog.pg_namespace ON pg_catalog.pg_namespace.oid = pg_catalog.pg_class.relnamespace 
WHERE pg_catalog.pg_class.relname = %(table_name)s AND pg_catalog.pg_class.relkind = ANY (ARRAY[%(param_1)s, %(param_2)s, %(param_3)s, %(param_4)s, %(param_5)s]) AND pg_catalog.pg_table_is_visible(pg_catalog.pg_class.oid) AND pg_catalog.pg_namespace.nspname != %(nspname_1)s
2026-03-12 22:45:34,654 - sqlalchemy.engine.Engine - INFO - [cached since 5.284s ago] {'table_name': 'servicios_periodos', 'param_1': 'r', 'param_2': 'p', 'param_3': 'f', 'param_4': 'v', 'param_5': 'm', 'nspname_1': 'pg_catalog'}
2026-03-12 22:45:34,847 - sqlalchemy.engine.Engine - INFO - SELECT pg_catalog.pg_class.relname 
FROM pg_catalog.pg_class JOIN pg_catalog.pg_namespace ON pg_catalog.pg_namespace.oid = pg_catalog.pg_class.relnamespace 
WHERE pg_catalog.pg_class.relname = %(table_name)s AND pg_catalog.pg_class.relkind = ANY (ARRAY[%(param_1)s, %(param_2)s, %(param_3)s, %(param_4)s, %(param_5)s]) AND pg_catalog.pg_table_is_visible(pg_catalog.pg_class.oid) AND pg_catalog.pg_namespace.nspname != %(nspname_1)s
2026-03-12 22:45:34,847 - sqlalchemy.engine.Engine - INFO - [cached since 5.477s ago] {'table_name': 'prestamos_empresa', 'param_1': 'r', 'param_2': 'p', 'param_3': 'f', 'param_4': 'v', 'param_5': 'm', 'nspname_1': 'pg_catalog'}
2026-03-12 22:45:35,141 - sqlalchemy.engine.Engine - INFO - SELECT pg_catalog.pg_class.relname 
FROM pg_catalog.pg_class JOIN pg_catalog.pg_namespace ON pg_catalog.pg_namespace.oid = pg_catalog.pg_class.relnamespace 
WHERE pg_catalog.pg_class.relname = %(table_name)s AND pg_catalog.pg_class.relkind = ANY (ARRAY[%(param_1)s, %(param_2)s, %(param_3)s, %(param_4)s, %(param_5)s]) AND pg_catalog.pg_table_is_visible(pg_catalog.pg_class.oid) AND pg_catalog.pg_namespace.nspname != %(nspname_1)s
2026-03-12 22:45:35,142 - sqlalchemy.engine.Engine - INFO - [cached since 5.761s ago] {'table_name': 'prestamos_novedades', 'param_1': 'r', 'param_2': 'p', 'param_3': 'f', 'param_4': 'v', 'param_5': 'm', 'nspname_1': 'pg_catalog'}
2026-03-12 22:45:35,327 - sqlalchemy.engine.Engine - INFO - SELECT pg_catalog.pg_class.relname 
FROM pg_catalog.pg_class JOIN pg_catalog.pg_namespace ON pg_catalog.pg_namespace.oid = pg_catalog.pg_class.relnamespace 
WHERE pg_catalog.pg_class.relname = %(table_name)s AND pg_catalog.pg_class.relkind = ANY (ARRAY[%(param_1)s, %(param_2)s, %(param_3)s, %(param_4)s, %(param_5)s]) AND pg_catalog.pg_table_is_visible(pg_catalog.pg_class.oid) AND pg_catalog.pg_namespace.nspname != %(nspname_1)s
2026-03-12 22:45:35,327 - sqlalchemy.engine.Engine - INFO - [cached since 5.949s ago] {'table_name': 'prestamos_pagos', 'param_1': 'r', 'param_2': 'p', 'param_3': 'f', 'param_4': 'v', 'param_5': 'm', 'nspname_1': 'pg_catalog'}
2026-03-12 22:45:35,520 - sqlalchemy.engine.Engine - INFO - COMMIT
2026-03-12 22:45:35,846 - app - INFO - [OK] Tablas de base de datos creadas/verificadas
2026-03-15 22:02:18,900 - sqlalchemy.engine.Engine - INFO - BEGIN (implicit)
2026-03-15 22:02:18,900 - sqlalchemy.engine.Engine - INFO - PRAGMA main.table_info("roles")
2026-03-15 22:02:18,900 - sqlalchemy.engine.Engine - INFO - [raw sql] ()
2026-03-15 22:02:18,900 - sqlalchemy.engine.Engine - INFO - PRAGMA main.table_info("permisos")
2026-03-15 22:02:18,900 - sqlalchemy.engine.Engine - INFO - [raw sql] ()
2026-03-15 22:02:18,900 - sqlalchemy.engine.Engine - INFO - PRAGMA main.table_info("role_permiso")
2026-03-15 22:02:18,900 - sqlalchemy.engine.Engine - INFO - [raw sql] ()
2026-03-15 22:02:18,900 - sqlalchemy.engine.Engine - INFO - PRAGMA main.table_info("usuarios")
2026-03-15 22:02:18,905 - sqlalchemy.engine.Engine - INFO - [raw sql] ()
2026-03-15 22:02:18,905 - sqlalchemy.engine.Engine - INFO - PRAGMA main.table_info("empleados")
2026-03-15 22:02:18,905 - sqlalchemy.engine.Engine - INFO - [raw sql] ()
2026-03-15 22:02:18,908 - sqlalchemy.engine.Engine - INFO - PRAGMA main.table_info("tipos_novedad")
2026-03-15 22:02:18,908 - sqlalchemy.engine.Engine - INFO - [raw sql] ()
2026-03-15 22:02:18,909 - sqlalchemy.engine.Engine - INFO - PRAGMA main.table_info("novedades")
2026-03-15 22:02:18,909 - sqlalchemy.engine.Engine - INFO - [raw sql] ()
2026-03-15 22:02:18,911 - sqlalchemy.engine.Engine - INFO - PRAGMA main.table_info("novedades_aplicadas")
2026-03-15 22:02:18,911 - sqlalchemy.engine.Engine - INFO - [raw sql] ()
2026-03-15 22:02:18,913 - sqlalchemy.engine.Engine - INFO - PRAGMA main.table_info("conceptos_automaticos")
2026-03-15 22:02:18,913 - sqlalchemy.engine.Engine - INFO - [raw sql] ()
2026-03-15 22:02:18,913 - sqlalchemy.engine.Engine - INFO - PRAGMA main.table_info("quincenas")
2026-03-15 22:02:18,913 - sqlalchemy.engine.Engine - INFO - [raw sql] ()
2026-03-15 22:02:18,917 - sqlalchemy.engine.Engine - INFO - PRAGMA main.table_info("liquidos_quincena")
2026-03-15 22:02:18,917 - sqlalchemy.engine.Engine - INFO - [raw sql] ()
2026-03-15 22:02:18,918 - sqlalchemy.engine.Engine - INFO - PRAGMA main.table_info("pagos")
2026-03-15 22:02:18,919 - sqlalchemy.engine.Engine - INFO - [raw sql] ()
2026-03-15 22:02:18,920 - sqlalchemy.engine.Engine - INFO - PRAGMA main.table_info("empresa")
2026-03-15 22:02:18,920 - sqlalchemy.engine.Engine - INFO - [raw sql] ()
2026-03-15 22:02:18,921 - sqlalchemy.engine.Engine - INFO - PRAGMA main.table_info("parametros_descuentos")
2026-03-15 22:02:18,922 - sqlalchemy.engine.Engine - INFO - [raw sql] ()
2026-03-15 22:02:18,923 - sqlalchemy.engine.Engine - INFO - PRAGMA main.table_info("audit_logs")
2026-03-15 22:02:18,923 - sqlalchemy.engine.Engine - INFO - [raw sql] ()
2026-03-15 22:02:18,924 - sqlalchemy.engine.Engine - INFO - PRAGMA main.table_info("servicios")
2026-03-15 22:02:18,925 - sqlalchemy.engine.Engine - INFO - [raw sql] ()
2026-03-15 22:02:18,925 - sqlalchemy.engine.Engine - INFO - PRAGMA main.table_info("servicios_novedades")
2026-03-15 22:02:18,926 - sqlalchemy.engine.Engine - INFO - [raw sql] ()
2026-03-15 22:02:18,927 - sqlalchemy.engine.Engine - INFO - PRAGMA main.table_info("servicios_pagos")
2026-03-15 22:02:18,927 - sqlalchemy.engine.Engine - INFO - [raw sql] ()
2026-03-15 22:02:18,929 - sqlalchemy.engine.Engine - INFO - PRAGMA main.table_info("servicios_periodos")
2026-03-15 22:02:18,929 - sqlalchemy.engine.Engine - INFO - [raw sql] ()
2026-03-15 22:02:18,929 - sqlalchemy.engine.Engine - INFO - PRAGMA main.table_info("prestamos_empresa")
2026-03-15 22:02:18,932 - sqlalchemy.engine.Engine - INFO - [raw sql] ()
2026-03-15 22:02:18,933 - sqlalchemy.engine.Engine - INFO - PRAGMA main.table_info("prestamos_novedades")
2026-03-15 22:02:18,933 - sqlalchemy.engine.Engine - INFO - [raw sql] ()
2026-03-15 22:02:18,934 - sqlalchemy.engine.Engine - INFO - PRAGMA main.table_info("prestamos_pagos")
2026-03-15 22:02:18,934 - sqlalchemy.engine.Engine - INFO - [raw sql] ()
2026-03-15 22:02:18,936 - sqlalchemy.engine.Engine - INFO - COMMIT
2026-03-15 22:02:18,937 - app - INFO - [OK] Tablas de base de datos creadas/verificadas
2026-03-15 22:02:18,937 - sqlalchemy.engine.Engine - INFO - BEGIN (implicit)
2026-03-15 22:02:18,938 - sqlalchemy.engine.Engine - INFO - PRAGMA main.table_info("roles")
2026-03-15 22:02:18,938 - sqlalchemy.engine.Engine - INFO - [raw sql] ()
2026-03-15 22:02:18,939 - sqlalchemy.engine.Engine - INFO - PRAGMA main.table_info("permisos")
2026-03-15 22:02:18,939 - sqlalchemy.engine.Engine - INFO - [raw sql] ()
2026-03-15 22:02:18,941 - sqlalchemy.engine.Engine - INFO - PRAGMA main.table_info("role_permiso")
2026-03-15 22:02:18,941 - sqlalchemy.engine.Engine - INFO - [raw sql] ()
2026-03-15 22:02:18,944 - sqlalchemy.engine.Engine - INFO - PRAGMA main.table_info("usuarios")
2026-03-15 22:02:18,944 - sqlalchemy.engine.Engine - INFO - [raw sql] ()
2026-03-15 22:02:18,945 - sqlalchemy.engine.Engine - INFO - PRAGMA main.table_info("empleados")
2026-03-15 22:02:18,945 - sqlalchemy.engine.Engine - INFO - [raw sql] ()
2026-03-15 22:02:18,947 - sqlalchemy.engine.Engine - INFO - PRAGMA main.table_info("tipos_novedad")
2026-03-15 22:02:18,947 - sqlalchemy.engine.Engine - INFO - [raw sql] ()
2026-03-15 22:02:18,947 - sqlalchemy.engine.Engine - INFO - PRAGMA main.table_info("novedades")
2026-03-15 22:02:18,947 - sqlalchemy.engine.Engine - INFO - [raw sql] ()
2026-03-15 22:02:18,949 - sqlalchemy.engine.Engine - INFO - PRAGMA main.table_info("novedades_aplicadas")
2026-03-15 22:02:18,949 - sqlalchemy.engine.Engine - INFO - [raw sql] ()
2026-03-15 22:02:18,950 - sqlalchemy.engine.Engine - INFO - PRAGMA main.table_info("conceptos_automaticos")
2026-03-15 22:02:18,952 - sqlalchemy.engine.Engine - INFO - [raw sql] ()
2026-03-15 22:02:18,952 - sqlalchemy.engine.Engine - INFO - PRAGMA main.table_info("quincenas")
2026-03-15 22:02:18,953 - sqlalchemy.engine.Engine - INFO - [raw sql] ()
2026-03-15 22:02:18,953 - sqlalchemy.engine.Engine - INFO - PRAGMA main.table_info("liquidos_quincena")
2026-03-15 22:02:18,953 - sqlalchemy.engine.Engine - INFO - [raw sql] ()
2026-03-15 22:02:18,955 - sqlalchemy.engine.Engine - INFO - PRAGMA main.table_info("pagos")
2026-03-15 22:02:18,956 - sqlalchemy.engine.Engine - INFO - [raw sql] ()
2026-03-15 22:02:18,957 - sqlalchemy.engine.Engine - INFO - PRAGMA main.table_info("empresa")
2026-03-15 22:02:18,957 - sqlalchemy.engine.Engine - INFO - [raw sql] ()
2026-03-15 22:02:18,958 - sqlalchemy.engine.Engine - INFO - PRAGMA main.table_info("parametros_descuentos")
2026-03-15 22:02:18,958 - sqlalchemy.engine.Engine - INFO - [raw sql] ()
2026-03-15 22:02:18,958 - sqlalchemy.engine.Engine - INFO - PRAGMA main.table_info("audit_logs")
2026-03-15 22:02:18,958 - sqlalchemy.engine.Engine - INFO - [raw sql] ()
2026-03-15 22:02:18,960 - sqlalchemy.engine.Engine - INFO - PRAGMA main.table_info("servicios")
2026-03-15 22:02:18,960 - sqlalchemy.engine.Engine - INFO - [raw sql] ()
2026-03-15 22:02:18,960 - sqlalchemy.engine.Engine - INFO - PRAGMA main.table_info("servicios_novedades")
2026-03-15 22:02:18,962 - sqlalchemy.engine.Engine - INFO - [raw sql] ()
2026-03-15 22:02:18,963 - sqlalchemy.engine.Engine - INFO - PRAGMA main.table_info("servicios_pagos")
2026-03-15 22:02:18,963 - sqlalchemy.engine.Engine - INFO - [raw sql] ()
2026-03-15 22:02:18,964 - sqlalchemy.engine.Engine - INFO - PRAGMA main.table_info("servicios_periodos")
2026-03-15 22:02:18,964 - sqlalchemy.engine.Engine - INFO - [raw sql] ()
2026-03-15 22:02:18,965 - sqlalchemy.engine.Engine - INFO - PRAGMA main.table_info("prestamos_empresa")
2026-03-15 22:02:18,965 - sqlalchemy.engine.Engine - INFO - [raw sql] ()
2026-03-15 22:02:18,966 - sqlalchemy.engine.Engine - INFO - PRAGMA main.table_info("prestamos_novedades")
2026-03-15 22:02:18,966 - sqlalchemy.engine.Engine - INFO - [raw sql] ()
2026-03-15 22:02:18,968 - sqlalchemy.engine.Engine - INFO - PRAGMA main.table_info("prestamos_pagos")
2026-03-15 22:02:18,968 - sqlalchemy.engine.Engine - INFO - [raw sql] ()
2026-03-15 22:02:18,969 - sqlalchemy.engine.Engine - INFO - COMMIT
2026-03-15 22:02:18,970 - sqlalchemy.engine.Engine - INFO - BEGIN (implicit)
2026-03-15 22:02:18,970 - sqlalchemy.engine.Engine - INFO - SELECT name FROM sqlite_master WHERE type='table' AND name NOT LIKE 'sqlite~_%' ESCAPE '~' ORDER BY name
2026-03-15 22:02:18,970 - sqlalchemy.engine.Engine - INFO - [raw sql] ()
2026-03-15 22:02:18,971 - sqlalchemy.engine.Engine - INFO - ROLLBACK
2026-03-15 22:02:18,973 - sqlalchemy.engine.Engine - INFO - BEGIN (implicit)
2026-03-15 22:02:18,974 - sqlalchemy.engine.Engine - INFO - SELECT COUNT(*) FROM "roles"
2026-03-15 22:02:18,974 - sqlalchemy.engine.Engine - INFO - [generated in 0.00048s] ()
2026-03-15 22:02:18,975 - sqlalchemy.engine.Engine - INFO - SELECT COUNT(*) FROM "permisos"
2026-03-15 22:02:18,977 - sqlalchemy.engine.Engine - INFO - [generated in 0.00057s] ()
2026-03-15 22:02:18,977 - sqlalchemy.engine.Engine - INFO - SELECT COUNT(*) FROM "role_permiso"
2026-03-15 22:02:18,978 - sqlalchemy.engine.Engine - INFO - [generated in 0.00047s] ()
2026-03-15 22:02:18,978 - sqlalchemy.engine.Engine - INFO - SELECT COUNT(*) FROM "usuarios"
2026-03-15 22:02:18,978 - sqlalchemy.engine.Engine - INFO - [generated in 0.00042s] ()
2026-03-15 22:02:18,978 - sqlalchemy.engine.Engine - INFO - SELECT COUNT(*) FROM "empleados"
2026-03-15 22:02:18,978 - sqlalchemy.engine.Engine - INFO - [generated in 0.00044s] ()
2026-03-15 22:02:18,981 - sqlalchemy.engine.Engine - INFO - SELECT COUNT(*) FROM "tipos_novedad"
2026-03-15 22:02:18,981 - sqlalchemy.engine.Engine - INFO - [generated in 0.00045s] ()
2026-03-15 22:02:18,983 - sqlalchemy.engine.Engine - INFO - SELECT COUNT(*) FROM "conceptos_automaticos"
2026-03-15 22:02:18,984 - sqlalchemy.engine.Engine - INFO - [generated in 0.00045s] ()
2026-03-15 22:02:18,985 - sqlalchemy.engine.Engine - INFO - SELECT COUNT(*) FROM "quincenas"
2026-03-15 22:02:18,985 - sqlalchemy.engine.Engine - INFO - [generated in 0.00046s] ()
2026-03-15 22:02:18,986 - sqlalchemy.engine.Engine - INFO - SELECT COUNT(*) FROM "empresa"
2026-03-15 22:02:18,986 - sqlalchemy.engine.Engine - INFO - [generated in 0.00053s] ()
2026-03-15 22:02:18,987 - sqlalchemy.engine.Engine - INFO - SELECT COUNT(*) FROM "parametros_descuentos"
2026-03-15 22:02:18,987 - sqlalchemy.engine.Engine - INFO - [generated in 0.00058s] ()
2026-03-15 22:02:18,990 - sqlalchemy.engine.Engine - INFO - SELECT COUNT(*) FROM "servicios"
2026-03-15 22:02:18,990 - sqlalchemy.engine.Engine - INFO - [generated in 0.00059s] ()
2026-03-15 22:02:18,991 - sqlalchemy.engine.Engine - INFO - SELECT COUNT(*) FROM "servicios_periodos"
2026-03-15 22:02:18,992 - sqlalchemy.engine.Engine - INFO - [generated in 0.00057s] ()
2026-03-15 22:02:18,993 - sqlalchemy.engine.Engine - INFO - SELECT COUNT(*) FROM "prestamos_empresa"
2026-03-15 22:02:18,993 - sqlalchemy.engine.Engine - INFO - [generated in 0.00046s] ()
2026-03-15 22:02:18,994 - sqlalchemy.engine.Engine - INFO - SELECT COUNT(*) FROM "novedades"
2026-03-15 22:02:18,994 - sqlalchemy.engine.Engine - INFO - [generated in 0.00047s] ()
2026-03-15 22:02:18,994 - sqlalchemy.engine.Engine - INFO - SELECT COUNT(*) FROM "liquidos_quincena"
2026-03-15 22:02:18,997 - sqlalchemy.engine.Engine - INFO - [generated in 0.00051s] ()
2026-03-15 22:02:18,997 - sqlalchemy.engine.Engine - INFO - SELECT COUNT(*) FROM "servicios_novedades"
2026-03-15 22:02:18,998 - sqlalchemy.engine.Engine - INFO - [generated in 0.00040s] ()
2026-03-15 22:02:18,998 - sqlalchemy.engine.Engine - INFO - SELECT COUNT(*) FROM "prestamos_novedades"
2026-03-15 22:02:18,999 - sqlalchemy.engine.Engine - INFO - [generated in 0.00050s] ()
2026-03-15 22:02:19,000 - sqlalchemy.engine.Engine - INFO - SELECT COUNT(*) FROM "audit_logs"
2026-03-15 22:02:19,000 - sqlalchemy.engine.Engine - INFO - [generated in 0.00048s] ()
2026-03-15 22:02:19,001 - sqlalchemy.engine.Engine - INFO - SELECT COUNT(*) FROM "pagos"
2026-03-15 22:02:19,002 - sqlalchemy.engine.Engine - INFO - [generated in 0.00051s] ()
2026-03-15 22:02:19,003 - sqlalchemy.engine.Engine - INFO - SELECT COUNT(*) FROM "servicios_pagos"
2026-03-15 22:02:19,003 - sqlalchemy.engine.Engine - INFO - [generated in 0.00079s] ()
2026-03-15 22:02:19,005 - sqlalchemy.engine.Engine - INFO - SELECT COUNT(*) FROM "prestamos_pagos"
2026-03-15 22:02:19,006 - sqlalchemy.engine.Engine - INFO - [generated in 0.00058s] ()
2026-03-15 22:02:19,006 - sqlalchemy.engine.Engine - INFO - SELECT COUNT(*) FROM "novedades_aplicadas"
2026-03-15 22:02:19,007 - sqlalchemy.engine.Engine - INFO - [generated in 0.00053s] ()
2026-03-15 22:02:19,007 - sqlalchemy.engine.Engine - INFO - SELECT COUNT(*) FROM "servicio_novedades"
2026-03-15 22:02:19,009 - sqlalchemy.engine.Engine - INFO - [generated in 0.00042s] ()
2026-03-15 22:02:19,009 - sqlalchemy.engine.Engine - INFO - SELECT COUNT(*) FROM "servicio_pagos"
2026-03-15 22:02:19,010 - sqlalchemy.engine.Engine - INFO - [generated in 0.00041s] ()
2026-03-15 22:02:19,010 - sqlalchemy.engine.Engine - INFO - ROLLBACK
2026-03-15 22:02:26,779 - sqlalchemy.engine.Engine - INFO - BEGIN (implicit)
2026-03-15 22:02:26,779 - sqlalchemy.engine.Engine - INFO - PRAGMA main.table_info("roles")
2026-03-15 22:02:26,779 - sqlalchemy.engine.Engine - INFO - [raw sql] ()
2026-03-15 22:02:26,793 - sqlalchemy.engine.Engine - INFO - PRAGMA main.table_info("permisos")
2026-03-15 22:02:26,793 - sqlalchemy.engine.Engine - INFO - [raw sql] ()
2026-03-15 22:02:26,794 - sqlalchemy.engine.Engine - INFO - PRAGMA main.table_info("role_permiso")
2026-03-15 22:02:26,794 - sqlalchemy.engine.Engine - INFO - [raw sql] ()
2026-03-15 22:02:26,796 - sqlalchemy.engine.Engine - INFO - PRAGMA main.table_info("usuarios")
2026-03-15 22:02:26,796 - sqlalchemy.engine.Engine - INFO - [raw sql] ()
2026-03-15 22:02:26,796 - sqlalchemy.engine.Engine - INFO - PRAGMA main.table_info("empleados")
2026-03-15 22:02:26,830 - sqlalchemy.engine.Engine - INFO - [raw sql] ()
2026-03-15 22:02:26,844 - sqlalchemy.engine.Engine - INFO - PRAGMA main.table_info("tipos_novedad")
2026-03-15 22:02:26,845 - sqlalchemy.engine.Engine - INFO - [raw sql] ()
2026-03-15 22:02:26,845 - sqlalchemy.engine.Engine - INFO - PRAGMA main.table_info("novedades")
2026-03-15 22:02:26,846 - sqlalchemy.engine.Engine - INFO - [raw sql] ()
2026-03-15 22:02:26,848 - sqlalchemy.engine.Engine - INFO - PRAGMA main.table_info("novedades_aplicadas")
2026-03-15 22:02:26,848 - sqlalchemy.engine.Engine - INFO - [raw sql] ()
2026-03-15 22:02:26,849 - sqlalchemy.engine.Engine - INFO - PRAGMA main.table_info("conceptos_automaticos")
2026-03-15 22:02:26,850 - sqlalchemy.engine.Engine - INFO - [raw sql] ()
2026-03-15 22:02:26,850 - sqlalchemy.engine.Engine - INFO - PRAGMA main.table_info("quincenas")
2026-03-15 22:02:26,851 - sqlalchemy.engine.Engine - INFO - [raw sql] ()
2026-03-15 22:02:26,852 - sqlalchemy.engine.Engine - INFO - PRAGMA main.table_info("liquidos_quincena")
2026-03-15 22:02:26,852 - sqlalchemy.engine.Engine - INFO - [raw sql] ()
2026-03-15 22:02:26,853 - sqlalchemy.engine.Engine - INFO - PRAGMA main.table_info("pagos")
2026-03-15 22:02:26,854 - sqlalchemy.engine.Engine - INFO - [raw sql] ()
2026-03-15 22:02:26,855 - sqlalchemy.engine.Engine - INFO - PRAGMA main.table_info("empresa")
2026-03-15 22:02:26,859 - sqlalchemy.engine.Engine - INFO - [raw sql] ()
2026-03-15 22:02:26,866 - sqlalchemy.engine.Engine - INFO - PRAGMA main.table_info("parametros_descuentos")
2026-03-15 22:02:26,867 - sqlalchemy.engine.Engine - INFO - [raw sql] ()
2026-03-15 22:02:26,868 - sqlalchemy.engine.Engine - INFO - PRAGMA main.table_info("audit_logs")
2026-03-15 22:02:26,869 - sqlalchemy.engine.Engine - INFO - [raw sql] ()
2026-03-15 22:02:26,870 - sqlalchemy.engine.Engine - INFO - PRAGMA main.table_info("servicios")
2026-03-15 22:02:26,870 - sqlalchemy.engine.Engine - INFO - [raw sql] ()
2026-03-15 22:02:26,871 - sqlalchemy.engine.Engine - INFO - PRAGMA main.table_info("servicios_novedades")
2026-03-15 22:02:26,872 - sqlalchemy.engine.Engine - INFO - [raw sql] ()
2026-03-15 22:02:26,873 - sqlalchemy.engine.Engine - INFO - PRAGMA main.table_info("servicios_pagos")
2026-03-15 22:02:26,873 - sqlalchemy.engine.Engine - INFO - [raw sql] ()
2026-03-15 22:02:26,875 - sqlalchemy.engine.Engine - INFO - PRAGMA main.table_info("servicios_periodos")
2026-03-15 22:02:26,875 - sqlalchemy.engine.Engine - INFO - [raw sql] ()
2026-03-15 22:02:26,875 - sqlalchemy.engine.Engine - INFO - PRAGMA main.table_info("prestamos_empresa")
2026-03-15 22:02:26,877 - sqlalchemy.engine.Engine - INFO - [raw sql] ()
2026-03-15 22:02:26,878 - sqlalchemy.engine.Engine - INFO - PRAGMA main.table_info("prestamos_novedades")
2026-03-15 22:02:26,879 - sqlalchemy.engine.Engine - INFO - [raw sql] ()
2026-03-15 22:02:26,879 - sqlalchemy.engine.Engine - INFO - PRAGMA main.table_info("prestamos_pagos")
2026-03-15 22:02:26,880 - sqlalchemy.engine.Engine - INFO - [raw sql] ()
2026-03-15 22:02:26,881 - sqlalchemy.engine.Engine - INFO - COMMIT
2026-03-15 22:02:26,881 - app - INFO - [OK] Tablas de base de datos creadas/verificadas
2026-03-15 22:02:26,883 - sqlalchemy.engine.Engine - INFO - BEGIN (implicit)
2026-03-15 22:02:26,883 - sqlalchemy.engine.Engine - INFO - PRAGMA main.table_info("roles")
2026-03-15 22:02:26,883 - sqlalchemy.engine.Engine - INFO - [raw sql] ()
2026-03-15 22:02:26,885 - sqlalchemy.engine.Engine - INFO - PRAGMA main.table_info("permisos")
2026-03-15 22:02:26,885 - sqlalchemy.engine.Engine - INFO - [raw sql] ()
2026-03-15 22:02:26,885 - sqlalchemy.engine.Engine - INFO - PRAGMA main.table_info("role_permiso")
2026-03-15 22:02:26,885 - sqlalchemy.engine.Engine - INFO - [raw sql] ()
2026-03-15 22:02:26,885 - sqlalchemy.engine.Engine - INFO - PRAGMA main.table_info("usuarios")
2026-03-15 22:02:26,889 - sqlalchemy.engine.Engine - INFO - [raw sql] ()
2026-03-15 22:02:26,890 - sqlalchemy.engine.Engine - INFO - PRAGMA main.table_info("empleados")
2026-03-15 22:02:26,890 - sqlalchemy.engine.Engine - INFO - [raw sql] ()
2026-03-15 22:02:26,891 - sqlalchemy.engine.Engine - INFO - PRAGMA main.table_info("tipos_novedad")
2026-03-15 22:02:26,891 - sqlalchemy.engine.Engine - INFO - [raw sql] ()
2026-03-15 22:02:26,891 - sqlalchemy.engine.Engine - INFO - PRAGMA main.table_info("novedades")
2026-03-15 22:02:26,894 - sqlalchemy.engine.Engine - INFO - [raw sql] ()
2026-03-15 22:02:26,895 - sqlalchemy.engine.Engine - INFO - PRAGMA main.table_info("novedades_aplicadas")
2026-03-15 22:02:26,896 - sqlalchemy.engine.Engine - INFO - [raw sql] ()
2026-03-15 22:02:26,897 - sqlalchemy.engine.Engine - INFO - PRAGMA main.table_info("conceptos_automaticos")
2026-03-15 22:02:26,898 - sqlalchemy.engine.Engine - INFO - [raw sql] ()
2026-03-15 22:02:26,899 - sqlalchemy.engine.Engine - INFO - PRAGMA main.table_info("quincenas")
2026-03-15 22:02:26,899 - sqlalchemy.engine.Engine - INFO - [raw sql] ()
2026-03-15 22:02:26,901 - sqlalchemy.engine.Engine - INFO - PRAGMA main.table_info("liquidos_quincena")
2026-03-15 22:02:26,902 - sqlalchemy.engine.Engine - INFO - [raw sql] ()
2026-03-15 22:02:26,903 - sqlalchemy.engine.Engine - INFO - PRAGMA main.table_info("pagos")
2026-03-15 22:02:26,903 - sqlalchemy.engine.Engine - INFO - [raw sql] ()
2026-03-15 22:02:26,904 - sqlalchemy.engine.Engine - INFO - PRAGMA main.table_info("empresa")
2026-03-15 22:02:26,905 - sqlalchemy.engine.Engine - INFO - [raw sql] ()
2026-03-15 22:02:26,905 - sqlalchemy.engine.Engine - INFO - PRAGMA main.table_info("parametros_descuentos")
2026-03-15 22:02:26,905 - sqlalchemy.engine.Engine - INFO - [raw sql] ()
2026-03-15 22:02:26,906 - sqlalchemy.engine.Engine - INFO - PRAGMA main.table_info("audit_logs")
2026-03-15 22:02:26,906 - sqlalchemy.engine.Engine - INFO - [raw sql] ()
2026-03-15 22:02:26,907 - sqlalchemy.engine.Engine - INFO - PRAGMA main.table_info("servicios")
2026-03-15 22:02:26,907 - sqlalchemy.engine.Engine - INFO - [raw sql] ()
2026-03-15 22:02:26,909 - sqlalchemy.engine.Engine - INFO - PRAGMA main.table_info("servicios_novedades")
2026-03-15 22:02:26,909 - sqlalchemy.engine.Engine - INFO - [raw sql] ()
2026-03-15 22:02:26,910 - sqlalchemy.engine.Engine - INFO - PRAGMA main.table_info("servicios_pagos")
2026-03-15 22:02:26,911 - sqlalchemy.engine.Engine - INFO - [raw sql] ()
2026-03-15 22:02:26,912 - sqlalchemy.engine.Engine - INFO - PRAGMA main.table_info("servicios_periodos")
2026-03-15 22:02:26,912 - sqlalchemy.engine.Engine - INFO - [raw sql] ()
2026-03-15 22:02:26,914 - sqlalchemy.engine.Engine - INFO - PRAGMA main.table_info("prestamos_empresa")
2026-03-15 22:02:26,916 - sqlalchemy.engine.Engine - INFO - [raw sql] ()
2026-03-15 22:02:26,916 - sqlalchemy.engine.Engine - INFO - PRAGMA main.table_info("prestamos_novedades")
2026-03-15 22:02:26,918 - sqlalchemy.engine.Engine - INFO - [raw sql] ()
2026-03-15 22:02:26,918 - sqlalchemy.engine.Engine - INFO - PRAGMA main.table_info("prestamos_pagos")
2026-03-15 22:02:26,918 - sqlalchemy.engine.Engine - INFO - [raw sql] ()
2026-03-15 22:02:26,920 - sqlalchemy.engine.Engine - INFO - COMMIT
2026-03-15 22:02:26,920 - sqlalchemy.engine.Engine - INFO - BEGIN (implicit)
2026-03-15 22:02:26,920 - sqlalchemy.engine.Engine - INFO - SELECT name FROM sqlite_master WHERE type='table' AND name NOT LIKE 'sqlite~_%' ESCAPE '~' ORDER BY name
2026-03-15 22:02:26,920 - sqlalchemy.engine.Engine - INFO - [raw sql] ()
2026-03-15 22:02:26,923 - sqlalchemy.engine.Engine - INFO - ROLLBACK
2026-03-15 22:02:26,923 - sqlalchemy.engine.Engine - INFO - BEGIN (implicit)
2026-03-15 22:02:26,923 - sqlalchemy.engine.Engine - INFO - TRUNCATE TABLE "servicio_pagos", "servicio_novedades", "novedades_aplicadas", "prestamos_pagos", "servicios_pagos", "pagos", "audit_logs", "prestamos_novedades", "servicios_novedades", "liquidos_quincena", "novedades", "prestamos_empresa", "servicios_periodos", "servicios", "parametros_descuentos", "empresa", "quincenas", "conceptos_automaticos", "tipos_novedad", "empleados", "usuarios", "role_permiso", "permisos", "roles" RESTART IDENTITY CASCADE
2026-03-15 22:02:26,923 - sqlalchemy.engine.Engine - INFO - [generated in 0.00050s] ()
2026-03-15 22:02:26,923 - sqlalchemy.engine.Engine - INFO - ROLLBACK
2026-03-15 22:10:45,091 - sqlalchemy.engine.Engine - INFO - BEGIN (implicit)
2026-03-15 22:10:45,091 - sqlalchemy.engine.Engine - INFO - PRAGMA main.table_info("roles")
2026-03-15 22:10:45,091 - sqlalchemy.engine.Engine - INFO - [raw sql] ()
2026-03-15 22:10:45,093 - sqlalchemy.engine.Engine - INFO - PRAGMA main.table_info("permisos")
2026-03-15 22:10:45,093 - sqlalchemy.engine.Engine - INFO - [raw sql] ()
2026-03-15 22:10:45,093 - sqlalchemy.engine.Engine - INFO - PRAGMA main.table_info("role_permiso")
2026-03-15 22:10:45,093 - sqlalchemy.engine.Engine - INFO - [raw sql] ()
2026-03-15 22:10:45,093 - sqlalchemy.engine.Engine - INFO - PRAGMA main.table_info("usuarios")
2026-03-15 22:10:45,093 - sqlalchemy.engine.Engine - INFO - [raw sql] ()
2026-03-15 22:10:45,093 - sqlalchemy.engine.Engine - INFO - PRAGMA main.table_info("empleados")
2026-03-15 22:10:45,096 - sqlalchemy.engine.Engine - INFO - [raw sql] ()
2026-03-15 22:10:45,096 - sqlalchemy.engine.Engine - INFO - PRAGMA main.table_info("tipos_novedad")
2026-03-15 22:10:45,098 - sqlalchemy.engine.Engine - INFO - [raw sql] ()
2026-03-15 22:10:45,098 - sqlalchemy.engine.Engine - INFO - PRAGMA main.table_info("novedades")
2026-03-15 22:10:45,098 - sqlalchemy.engine.Engine - INFO - [raw sql] ()
2026-03-15 22:10:45,099 - sqlalchemy.engine.Engine - INFO - PRAGMA main.table_info("novedades_aplicadas")
2026-03-15 22:10:45,099 - sqlalchemy.engine.Engine - INFO - [raw sql] ()
2026-03-15 22:10:45,100 - sqlalchemy.engine.Engine - INFO - PRAGMA main.table_info("conceptos_automaticos")
2026-03-15 22:10:45,100 - sqlalchemy.engine.Engine - INFO - [raw sql] ()
2026-03-15 22:10:45,101 - sqlalchemy.engine.Engine - INFO - PRAGMA main.table_info("quincenas")
2026-03-15 22:10:45,102 - sqlalchemy.engine.Engine - INFO - [raw sql] ()
2026-03-15 22:10:45,102 - sqlalchemy.engine.Engine - INFO - PRAGMA main.table_info("liquidos_quincena")
2026-03-15 22:10:45,104 - sqlalchemy.engine.Engine - INFO - [raw sql] ()
2026-03-15 22:10:45,105 - sqlalchemy.engine.Engine - INFO - PRAGMA main.table_info("pagos")
2026-03-15 22:10:45,105 - sqlalchemy.engine.Engine - INFO - [raw sql] ()
2026-03-15 22:10:45,107 - sqlalchemy.engine.Engine - INFO - PRAGMA main.table_info("empresa")
2026-03-15 22:10:45,107 - sqlalchemy.engine.Engine - INFO - [raw sql] ()
2026-03-15 22:10:45,109 - sqlalchemy.engine.Engine - INFO - PRAGMA main.table_info("parametros_descuentos")
2026-03-15 22:10:45,109 - sqlalchemy.engine.Engine - INFO - [raw sql] ()
2026-03-15 22:10:45,110 - sqlalchemy.engine.Engine - INFO - PRAGMA main.table_info("audit_logs")
2026-03-15 22:10:45,111 - sqlalchemy.engine.Engine - INFO - [raw sql] ()
2026-03-15 22:10:45,111 - sqlalchemy.engine.Engine - INFO - PRAGMA main.table_info("servicios")
2026-03-15 22:10:45,111 - sqlalchemy.engine.Engine - INFO - [raw sql] ()
2026-03-15 22:10:45,112 - sqlalchemy.engine.Engine - INFO - PRAGMA main.table_info("servicios_novedades")
2026-03-15 22:10:45,112 - sqlalchemy.engine.Engine - INFO - [raw sql] ()
2026-03-15 22:10:45,114 - sqlalchemy.engine.Engine - INFO - PRAGMA main.table_info("servicios_pagos")
2026-03-15 22:10:45,114 - sqlalchemy.engine.Engine - INFO - [raw sql] ()
2026-03-15 22:10:45,115 - sqlalchemy.engine.Engine - INFO - PRAGMA main.table_info("servicios_periodos")
2026-03-15 22:10:45,115 - sqlalchemy.engine.Engine - INFO - [raw sql] ()
2026-03-15 22:10:45,115 - sqlalchemy.engine.Engine - INFO - PRAGMA main.table_info("prestamos_empresa")
2026-03-15 22:10:45,115 - sqlalchemy.engine.Engine - INFO - [raw sql] ()
2026-03-15 22:10:45,117 - sqlalchemy.engine.Engine - INFO - PRAGMA main.table_info("prestamos_novedades")
2026-03-15 22:10:45,117 - sqlalchemy.engine.Engine - INFO - [raw sql] ()
2026-03-15 22:10:45,118 - sqlalchemy.engine.Engine - INFO - PRAGMA main.table_info("prestamos_pagos")
2026-03-15 22:10:45,118 - sqlalchemy.engine.Engine - INFO - [raw sql] ()
2026-03-15 22:10:45,119 - sqlalchemy.engine.Engine - INFO - COMMIT
2026-03-15 22:10:45,119 - app - INFO - [OK] Tablas de base de datos creadas/verificadas
2026-03-15 22:10:45,120 - sqlalchemy.engine.Engine - INFO - BEGIN (implicit)
2026-03-15 22:10:45,120 - sqlalchemy.engine.Engine - INFO - PRAGMA main.table_info("roles")
2026-03-15 22:10:45,120 - sqlalchemy.engine.Engine - INFO - [raw sql] ()
2026-03-15 22:10:45,122 - sqlalchemy.engine.Engine - INFO - PRAGMA main.table_info("permisos")
2026-03-15 22:10:45,122 - sqlalchemy.engine.Engine - INFO - [raw sql] ()
2026-03-15 22:10:45,123 - sqlalchemy.engine.Engine - INFO - PRAGMA main.table_info("role_permiso")
2026-03-15 22:10:45,123 - sqlalchemy.engine.Engine - INFO - [raw sql] ()
2026-03-15 22:10:45,123 - sqlalchemy.engine.Engine - INFO - PRAGMA main.table_info("usuarios")
2026-03-15 22:10:45,123 - sqlalchemy.engine.Engine - INFO - [raw sql] ()
2026-03-15 22:10:45,126 - sqlalchemy.engine.Engine - INFO - PRAGMA main.table_info("empleados")
2026-03-15 22:10:45,128 - sqlalchemy.engine.Engine - INFO - [raw sql] ()
2026-03-15 22:10:45,128 - sqlalchemy.engine.Engine - INFO - PRAGMA main.table_info("tipos_novedad")
2026-03-15 22:10:45,128 - sqlalchemy.engine.Engine - INFO - [raw sql] ()
2026-03-15 22:10:45,128 - sqlalchemy.engine.Engine - INFO - PRAGMA main.table_info("novedades")
2026-03-15 22:10:45,128 - sqlalchemy.engine.Engine - INFO - [raw sql] ()
2026-03-15 22:10:45,131 - sqlalchemy.engine.Engine - INFO - PRAGMA main.table_info("novedades_aplicadas")
2026-03-15 22:10:45,132 - sqlalchemy.engine.Engine - INFO - [raw sql] ()
2026-03-15 22:10:45,132 - sqlalchemy.engine.Engine - INFO - PRAGMA main.table_info("conceptos_automaticos")
2026-03-15 22:10:45,133 - sqlalchemy.engine.Engine - INFO - [raw sql] ()
2026-03-15 22:10:45,134 - sqlalchemy.engine.Engine - INFO - PRAGMA main.table_info("quincenas")
2026-03-15 22:10:45,134 - sqlalchemy.engine.Engine - INFO - [raw sql] ()
2026-03-15 22:10:45,134 - sqlalchemy.engine.Engine - INFO - PRAGMA main.table_info("liquidos_quincena")
2026-03-15 22:10:45,135 - sqlalchemy.engine.Engine - INFO - [raw sql] ()
2026-03-15 22:10:45,135 - sqlalchemy.engine.Engine - INFO - PRAGMA main.table_info("pagos")
2026-03-15 22:10:45,136 - sqlalchemy.engine.Engine - INFO - [raw sql] ()
2026-03-15 22:10:45,136 - sqlalchemy.engine.Engine - INFO - PRAGMA main.table_info("empresa")
2026-03-15 22:10:45,137 - sqlalchemy.engine.Engine - INFO - [raw sql] ()
2026-03-15 22:10:45,137 - sqlalchemy.engine.Engine - INFO - PRAGMA main.table_info("parametros_descuentos")
2026-03-15 22:10:45,138 - sqlalchemy.engine.Engine - INFO - [raw sql] ()
2026-03-15 22:10:45,140 - sqlalchemy.engine.Engine - INFO - PRAGMA main.table_info("audit_logs")
2026-03-15 22:10:45,140 - sqlalchemy.engine.Engine - INFO - [raw sql] ()
2026-03-15 22:10:45,140 - sqlalchemy.engine.Engine - INFO - PRAGMA main.table_info("servicios")
2026-03-15 22:10:45,140 - sqlalchemy.engine.Engine - INFO - [raw sql] ()
2026-03-15 22:10:45,143 - sqlalchemy.engine.Engine - INFO - PRAGMA main.table_info("servicios_novedades")
2026-03-15 22:10:45,143 - sqlalchemy.engine.Engine - INFO - [raw sql] ()
2026-03-15 22:10:45,143 - sqlalchemy.engine.Engine - INFO - PRAGMA main.table_info("servicios_pagos")
2026-03-15 22:10:45,143 - sqlalchemy.engine.Engine - INFO - [raw sql] ()
2026-03-15 22:10:45,143 - sqlalchemy.engine.Engine - INFO - PRAGMA main.table_info("servicios_periodos")
2026-03-15 22:10:45,143 - sqlalchemy.engine.Engine - INFO - [raw sql] ()
2026-03-15 22:10:45,143 - sqlalchemy.engine.Engine - INFO - PRAGMA main.table_info("prestamos_empresa")
2026-03-15 22:10:45,143 - sqlalchemy.engine.Engine - INFO - [raw sql] ()
2026-03-15 22:10:45,143 - sqlalchemy.engine.Engine - INFO - PRAGMA main.table_info("prestamos_novedades")
2026-03-15 22:10:45,143 - sqlalchemy.engine.Engine - INFO - [raw sql] ()
2026-03-15 22:10:45,143 - sqlalchemy.engine.Engine - INFO - PRAGMA main.table_info("prestamos_pagos")
2026-03-15 22:10:45,148 - sqlalchemy.engine.Engine - INFO - [raw sql] ()
2026-03-15 22:10:45,149 - sqlalchemy.engine.Engine - INFO - COMMIT
2026-03-15 22:11:09,789 - sqlalchemy.engine.Engine - INFO - BEGIN (implicit)
2026-03-15 22:11:09,789 - sqlalchemy.engine.Engine - INFO - PRAGMA main.table_info("roles")
2026-03-15 22:11:09,789 - sqlalchemy.engine.Engine - INFO - [raw sql] ()
2026-03-15 22:11:09,797 - sqlalchemy.engine.Engine - INFO - PRAGMA main.table_info("permisos")
2026-03-15 22:11:09,797 - sqlalchemy.engine.Engine - INFO - [raw sql] ()
2026-03-15 22:11:09,797 - sqlalchemy.engine.Engine - INFO - PRAGMA main.table_info("role_permiso")
2026-03-15 22:11:09,797 - sqlalchemy.engine.Engine - INFO - [raw sql] ()
2026-03-15 22:11:09,800 - sqlalchemy.engine.Engine - INFO - PRAGMA main.table_info("usuarios")
2026-03-15 22:11:09,800 - sqlalchemy.engine.Engine - INFO - [raw sql] ()
2026-03-15 22:11:09,800 - sqlalchemy.engine.Engine - INFO - PRAGMA main.table_info("empleados")
2026-03-15 22:11:09,800 - sqlalchemy.engine.Engine - INFO - [raw sql] ()
2026-03-15 22:11:09,802 - sqlalchemy.engine.Engine - INFO - PRAGMA main.table_info("tipos_novedad")
2026-03-15 22:11:09,802 - sqlalchemy.engine.Engine - INFO - [raw sql] ()
2026-03-15 22:11:09,804 - sqlalchemy.engine.Engine - INFO - PRAGMA main.table_info("novedades")
2026-03-15 22:11:09,804 - sqlalchemy.engine.Engine - INFO - [raw sql] ()
2026-03-15 22:11:09,804 - sqlalchemy.engine.Engine - INFO - PRAGMA main.table_info("novedades_aplicadas")
2026-03-15 22:11:09,804 - sqlalchemy.engine.Engine - INFO - [raw sql] ()
2026-03-15 22:11:09,807 - sqlalchemy.engine.Engine - INFO - PRAGMA main.table_info("conceptos_automaticos")
2026-03-15 22:11:09,807 - sqlalchemy.engine.Engine - INFO - [raw sql] ()
2026-03-15 22:11:09,807 - sqlalchemy.engine.Engine - INFO - PRAGMA main.table_info("quincenas")
2026-03-15 22:11:09,808 - sqlalchemy.engine.Engine - INFO - [raw sql] ()
2026-03-15 22:11:09,808 - sqlalchemy.engine.Engine - INFO - PRAGMA main.table_info("liquidos_quincena")
2026-03-15 22:11:09,808 - sqlalchemy.engine.Engine - INFO - [raw sql] ()
2026-03-15 22:11:09,811 - sqlalchemy.engine.Engine - INFO - PRAGMA main.table_info("pagos")
2026-03-15 22:11:09,811 - sqlalchemy.engine.Engine - INFO - [raw sql] ()
2026-03-15 22:11:09,811 - sqlalchemy.engine.Engine - INFO - PRAGMA main.table_info("empresa")
2026-03-15 22:11:09,811 - sqlalchemy.engine.Engine - INFO - [raw sql] ()
2026-03-15 22:11:09,813 - sqlalchemy.engine.Engine - INFO - PRAGMA main.table_info("parametros_descuentos")
2026-03-15 22:11:09,813 - sqlalchemy.engine.Engine - INFO - [raw sql] ()
2026-03-15 22:11:09,813 - sqlalchemy.engine.Engine - INFO - PRAGMA main.table_info("audit_logs")
2026-03-15 22:11:09,814 - sqlalchemy.engine.Engine - INFO - [raw sql] ()
2026-03-15 22:11:09,814 - sqlalchemy.engine.Engine - INFO - PRAGMA main.table_info("servicios")
2026-03-15 22:11:09,815 - sqlalchemy.engine.Engine - INFO - [raw sql] ()
2026-03-15 22:11:09,815 - sqlalchemy.engine.Engine - INFO - PRAGMA main.table_info("servicios_novedades")
2026-03-15 22:11:09,815 - sqlalchemy.engine.Engine - INFO - [raw sql] ()
2026-03-15 22:11:09,815 - sqlalchemy.engine.Engine - INFO - PRAGMA main.table_info("servicios_pagos")
2026-03-15 22:11:09,817 - sqlalchemy.engine.Engine - INFO - [raw sql] ()
2026-03-15 22:11:09,817 - sqlalchemy.engine.Engine - INFO - PRAGMA main.table_info("servicios_periodos")
2026-03-15 22:11:09,817 - sqlalchemy.engine.Engine - INFO - [raw sql] ()
2026-03-15 22:11:09,819 - sqlalchemy.engine.Engine - INFO - PRAGMA main.table_info("prestamos_empresa")
2026-03-15 22:11:09,819 - sqlalchemy.engine.Engine - INFO - [raw sql] ()
2026-03-15 22:11:09,819 - sqlalchemy.engine.Engine - INFO - PRAGMA main.table_info("prestamos_novedades")
2026-03-15 22:11:09,820 - sqlalchemy.engine.Engine - INFO - [raw sql] ()
2026-03-15 22:11:09,821 - sqlalchemy.engine.Engine - INFO - PRAGMA main.table_info("prestamos_pagos")
2026-03-15 22:11:09,821 - sqlalchemy.engine.Engine - INFO - [raw sql] ()
2026-03-15 22:11:09,822 - sqlalchemy.engine.Engine - INFO - COMMIT
2026-03-15 22:11:09,822 - app - INFO - [OK] Tablas de base de datos creadas/verificadas
2026-03-15 22:11:09,822 - sqlalchemy.engine.Engine - INFO - BEGIN (implicit)
2026-03-15 22:11:09,822 - sqlalchemy.engine.Engine - INFO - PRAGMA main.table_info("roles")
2026-03-15 22:11:09,822 - sqlalchemy.engine.Engine - INFO - [raw sql] ()
2026-03-15 22:11:09,822 - sqlalchemy.engine.Engine - INFO - PRAGMA main.table_info("permisos")
2026-03-15 22:11:09,822 - sqlalchemy.engine.Engine - INFO - [raw sql] ()
2026-03-15 22:11:09,826 - sqlalchemy.engine.Engine - INFO - PRAGMA main.table_info("role_permiso")
2026-03-15 22:11:09,826 - sqlalchemy.engine.Engine - INFO - [raw sql] ()
2026-03-15 22:11:09,827 - sqlalchemy.engine.Engine - INFO - PRAGMA main.table_info("usuarios")
2026-03-15 22:11:09,827 - sqlalchemy.engine.Engine - INFO - [raw sql] ()
2026-03-15 22:11:09,829 - sqlalchemy.engine.Engine - INFO - PRAGMA main.table_info("empleados")
2026-03-15 22:11:09,830 - sqlalchemy.engine.Engine - INFO - [raw sql] ()
2026-03-15 22:11:09,830 - sqlalchemy.engine.Engine - INFO - PRAGMA main.table_info("tipos_novedad")
2026-03-15 22:11:09,831 - sqlalchemy.engine.Engine - INFO - [raw sql] ()
2026-03-15 22:11:09,831 - sqlalchemy.engine.Engine - INFO - PRAGMA main.table_info("novedades")
2026-03-15 22:11:09,832 - sqlalchemy.engine.Engine - INFO - [raw sql] ()
2026-03-15 22:11:09,832 - sqlalchemy.engine.Engine - INFO - PRAGMA main.table_info("novedades_aplicadas")
2026-03-15 22:11:09,832 - sqlalchemy.engine.Engine - INFO - [raw sql] ()
2026-03-15 22:11:09,832 - sqlalchemy.engine.Engine - INFO - PRAGMA main.table_info("conceptos_automaticos")
2026-03-15 22:11:09,832 - sqlalchemy.engine.Engine - INFO - [raw sql] ()
2026-03-15 22:11:09,835 - sqlalchemy.engine.Engine - INFO - PRAGMA main.table_info("quincenas")
2026-03-15 22:11:09,835 - sqlalchemy.engine.Engine - INFO - [raw sql] ()
2026-03-15 22:11:09,835 - sqlalchemy.engine.Engine - INFO - PRAGMA main.table_info("liquidos_quincena")
2026-03-15 22:11:09,837 - sqlalchemy.engine.Engine - INFO - [raw sql] ()
2026-03-15 22:11:09,838 - sqlalchemy.engine.Engine - INFO - PRAGMA main.table_info("pagos")
2026-03-15 22:11:09,838 - sqlalchemy.engine.Engine - INFO - [raw sql] ()
2026-03-15 22:11:09,839 - sqlalchemy.engine.Engine - INFO - PRAGMA main.table_info("empresa")
2026-03-15 22:11:09,839 - sqlalchemy.engine.Engine - INFO - [raw sql] ()
2026-03-15 22:11:09,840 - sqlalchemy.engine.Engine - INFO - PRAGMA main.table_info("parametros_descuentos")
2026-03-15 22:11:09,840 - sqlalchemy.engine.Engine - INFO - [raw sql] ()
2026-03-15 22:11:09,843 - sqlalchemy.engine.Engine - INFO - PRAGMA main.table_info("audit_logs")
2026-03-15 22:11:09,843 - sqlalchemy.engine.Engine - INFO - [raw sql] ()
2026-03-15 22:11:09,843 - sqlalchemy.engine.Engine - INFO - PRAGMA main.table_info("servicios")
2026-03-15 22:11:09,844 - sqlalchemy.engine.Engine - INFO - [raw sql] ()
2026-03-15 22:11:09,845 - sqlalchemy.engine.Engine - INFO - PRAGMA main.table_info("servicios_novedades")
2026-03-15 22:11:09,845 - sqlalchemy.engine.Engine - INFO - [raw sql] ()
2026-03-15 22:11:09,847 - sqlalchemy.engine.Engine - INFO - PRAGMA main.table_info("servicios_pagos")
2026-03-15 22:11:09,847 - sqlalchemy.engine.Engine - INFO - [raw sql] ()
2026-03-15 22:11:09,848 - sqlalchemy.engine.Engine - INFO - PRAGMA main.table_info("servicios_periodos")
2026-03-15 22:11:09,848 - sqlalchemy.engine.Engine - INFO - [raw sql] ()
2026-03-15 22:11:09,849 - sqlalchemy.engine.Engine - INFO - PRAGMA main.table_info("prestamos_empresa")
2026-03-15 22:11:09,849 - sqlalchemy.engine.Engine - INFO - [raw sql] ()
2026-03-15 22:11:09,849 - sqlalchemy.engine.Engine - INFO - PRAGMA main.table_info("prestamos_novedades")
2026-03-15 22:11:09,851 - sqlalchemy.engine.Engine - INFO - [raw sql] ()
2026-03-15 22:11:09,851 - sqlalchemy.engine.Engine - INFO - PRAGMA main.table_info("prestamos_pagos")
2026-03-15 22:11:09,851 - sqlalchemy.engine.Engine - INFO - [raw sql] ()
2026-03-15 22:11:09,851 - sqlalchemy.engine.Engine - INFO - COMMIT
2026-03-15 22:11:56,532 - app - WARNING - [WARN] No se pudieron crear tablas automáticamente: (psycopg2.OperationalError) connection to server at "crossover.proxy.rlwy.net" (66.33.22.252), port 16693 failed: FATAL:  password authentication failed for user "postgres"

(Background on this error at: https://sqlalche.me/e/20/e3q8)
2026-03-15 22:11:56,534 - app - WARNING - Ejecuta: flask init-db
2026-03-15 22:13:00,272 - app - WARNING - [WARN] No se pudieron crear tablas automáticamente: (psycopg2.OperationalError) connection to server at "crossover.proxy.rlwy.net" (66.33.22.252), port 16693 failed: FATAL:  password authentication failed for user "postgres"

(Background on this error at: https://sqlalche.me/e/20/e3q8)
2026-03-15 22:13:00,274 - app - WARNING - Ejecuta: flask init-db
2026-03-15 22:15:17,750 - app - WARNING - [WARN] No se pudieron crear tablas automáticamente: (psycopg2.OperationalError) connection to server at "crossover.proxy.rlwy.net" (66.33.22.252), port 16693 failed: FATAL:  password authentication failed for user "postgres"

(Background on this error at: https://sqlalche.me/e/20/e3q8)
2026-03-15 22:15:17,750 - app - WARNING - Ejecuta: flask init-db
2026-03-15 22:16:51,320 - app - WARNING - [WARN] No se pudieron crear tablas automáticamente: (psycopg2.OperationalError) connection to server at "crossover.proxy.rlwy.net" (66.33.22.252), port 16693 failed: FATAL:  password authentication failed for user "postgres"

(Background on this error at: https://sqlalche.me/e/20/e3q8)
2026-03-15 22:16:51,333 - app - WARNING - Ejecuta: flask init-db
2026-03-15 22:18:12,290 - sqlalchemy.engine.Engine - INFO - select pg_catalog.version()
2026-03-15 22:18:12,290 - sqlalchemy.engine.Engine - INFO - [raw sql] {}
2026-03-15 22:18:12,681 - sqlalchemy.engine.Engine - INFO - select current_schema()
2026-03-15 22:18:12,681 - sqlalchemy.engine.Engine - INFO - [raw sql] {}
2026-03-15 22:18:13,049 - sqlalchemy.engine.Engine - INFO - show standard_conforming_strings
2026-03-15 22:18:13,049 - sqlalchemy.engine.Engine - INFO - [raw sql] {}
2026-03-15 22:18:13,422 - sqlalchemy.engine.Engine - INFO - BEGIN (implicit)
2026-03-15 22:18:13,436 - sqlalchemy.engine.Engine - INFO - SELECT pg_catalog.pg_class.relname 
FROM pg_catalog.pg_class JOIN pg_catalog.pg_namespace ON pg_catalog.pg_namespace.oid = pg_catalog.pg_class.relnamespace 
WHERE pg_catalog.pg_class.relname = %(table_name)s AND pg_catalog.pg_class.relkind = ANY (ARRAY[%(param_1)s, %(param_2)s, %(param_3)s, %(param_4)s, %(param_5)s]) AND pg_catalog.pg_table_is_visible(pg_catalog.pg_class.oid) AND pg_catalog.pg_namespace.nspname != %(nspname_1)s
2026-03-15 22:18:13,439 - sqlalchemy.engine.Engine - INFO - [generated in 0.00255s] {'table_name': 'roles', 'param_1': 'r', 'param_2': 'p', 'param_3': 'f', 'param_4': 'v', 'param_5': 'm', 'nspname_1': 'pg_catalog'}
2026-03-15 22:18:13,805 - sqlalchemy.engine.Engine - INFO - SELECT pg_catalog.pg_class.relname 
FROM pg_catalog.pg_class JOIN pg_catalog.pg_namespace ON pg_catalog.pg_namespace.oid = pg_catalog.pg_class.relnamespace 
WHERE pg_catalog.pg_class.relname = %(table_name)s AND pg_catalog.pg_class.relkind = ANY (ARRAY[%(param_1)s, %(param_2)s, %(param_3)s, %(param_4)s, %(param_5)s]) AND pg_catalog.pg_table_is_visible(pg_catalog.pg_class.oid) AND pg_catalog.pg_namespace.nspname != %(nspname_1)s
2026-03-15 22:18:13,805 - sqlalchemy.engine.Engine - INFO - [cached since 0.3715s ago] {'table_name': 'permisos', 'param_1': 'r', 'param_2': 'p', 'param_3': 'f', 'param_4': 'v', 'param_5': 'm', 'nspname_1': 'pg_catalog'}
2026-03-15 22:18:13,993 - sqlalchemy.engine.Engine - INFO - SELECT pg_catalog.pg_class.relname 
FROM pg_catalog.pg_class JOIN pg_catalog.pg_namespace ON pg_catalog.pg_namespace.oid = pg_catalog.pg_class.relnamespace 
WHERE pg_catalog.pg_class.relname = %(table_name)s AND pg_catalog.pg_class.relkind = ANY (ARRAY[%(param_1)s, %(param_2)s, %(param_3)s, %(param_4)s, %(param_5)s]) AND pg_catalog.pg_table_is_visible(pg_catalog.pg_class.oid) AND pg_catalog.pg_namespace.nspname != %(nspname_1)s
2026-03-15 22:18:13,993 - sqlalchemy.engine.Engine - INFO - [cached since 0.5579s ago] {'table_name': 'role_permiso', 'param_1': 'r', 'param_2': 'p', 'param_3': 'f', 'param_4': 'v', 'param_5': 'm', 'nspname_1': 'pg_catalog'}
2026-03-15 22:18:14,194 - sqlalchemy.engine.Engine - INFO - SELECT pg_catalog.pg_class.relname 
FROM pg_catalog.pg_class JOIN pg_catalog.pg_namespace ON pg_catalog.pg_namespace.oid = pg_catalog.pg_class.relnamespace 
WHERE pg_catalog.pg_class.relname = %(table_name)s AND pg_catalog.pg_class.relkind = ANY (ARRAY[%(param_1)s, %(param_2)s, %(param_3)s, %(param_4)s, %(param_5)s]) AND pg_catalog.pg_table_is_visible(pg_catalog.pg_class.oid) AND pg_catalog.pg_namespace.nspname != %(nspname_1)s
2026-03-15 22:18:14,194 - sqlalchemy.engine.Engine - INFO - [cached since 0.7583s ago] {'table_name': 'usuarios', 'param_1': 'r', 'param_2': 'p', 'param_3': 'f', 'param_4': 'v', 'param_5': 'm', 'nspname_1': 'pg_catalog'}
2026-03-15 22:18:14,385 - sqlalchemy.engine.Engine - INFO - SELECT pg_catalog.pg_class.relname 
FROM pg_catalog.pg_class JOIN pg_catalog.pg_namespace ON pg_catalog.pg_namespace.oid = pg_catalog.pg_class.relnamespace 
WHERE pg_catalog.pg_class.relname = %(table_name)s AND pg_catalog.pg_class.relkind = ANY (ARRAY[%(param_1)s, %(param_2)s, %(param_3)s, %(param_4)s, %(param_5)s]) AND pg_catalog.pg_table_is_visible(pg_catalog.pg_class.oid) AND pg_catalog.pg_namespace.nspname != %(nspname_1)s
2026-03-15 22:18:14,385 - sqlalchemy.engine.Engine - INFO - [cached since 0.9541s ago] {'table_name': 'empleados', 'param_1': 'r', 'param_2': 'p', 'param_3': 'f', 'param_4': 'v', 'param_5': 'm', 'nspname_1': 'pg_catalog'}
2026-03-15 22:18:14,575 - sqlalchemy.engine.Engine - INFO - SELECT pg_catalog.pg_class.relname 
FROM pg_catalog.pg_class JOIN pg_catalog.pg_namespace ON pg_catalog.pg_namespace.oid = pg_catalog.pg_class.relnamespace 
WHERE pg_catalog.pg_class.relname = %(table_name)s AND pg_catalog.pg_class.relkind = ANY (ARRAY[%(param_1)s, %(param_2)s, %(param_3)s, %(param_4)s, %(param_5)s]) AND pg_catalog.pg_table_is_visible(pg_catalog.pg_class.oid) AND pg_catalog.pg_namespace.nspname != %(nspname_1)s
2026-03-15 22:18:14,575 - sqlalchemy.engine.Engine - INFO - [cached since 1.141s ago] {'table_name': 'tipos_novedad', 'param_1': 'r', 'param_2': 'p', 'param_3': 'f', 'param_4': 'v', 'param_5': 'm', 'nspname_1': 'pg_catalog'}
2026-03-15 22:18:14,768 - sqlalchemy.engine.Engine - INFO - SELECT pg_catalog.pg_class.relname 
FROM pg_catalog.pg_class JOIN pg_catalog.pg_namespace ON pg_catalog.pg_namespace.oid = pg_catalog.pg_class.relnamespace 
WHERE pg_catalog.pg_class.relname = %(table_name)s AND pg_catalog.pg_class.relkind = ANY (ARRAY[%(param_1)s, %(param_2)s, %(param_3)s, %(param_4)s, %(param_5)s]) AND pg_catalog.pg_table_is_visible(pg_catalog.pg_class.oid) AND pg_catalog.pg_namespace.nspname != %(nspname_1)s
2026-03-15 22:18:14,768 - sqlalchemy.engine.Engine - INFO - [cached since 1.334s ago] {'table_name': 'novedades', 'param_1': 'r', 'param_2': 'p', 'param_3': 'f', 'param_4': 'v', 'param_5': 'm', 'nspname_1': 'pg_catalog'}
2026-03-15 22:18:14,945 - sqlalchemy.engine.Engine - INFO - SELECT pg_catalog.pg_class.relname 
FROM pg_catalog.pg_class JOIN pg_catalog.pg_namespace ON pg_catalog.pg_namespace.oid = pg_catalog.pg_class.relnamespace 
WHERE pg_catalog.pg_class.relname = %(table_name)s AND pg_catalog.pg_class.relkind = ANY (ARRAY[%(param_1)s, %(param_2)s, %(param_3)s, %(param_4)s, %(param_5)s]) AND pg_catalog.pg_table_is_visible(pg_catalog.pg_class.oid) AND pg_catalog.pg_namespace.nspname != %(nspname_1)s
2026-03-15 22:18:14,958 - sqlalchemy.engine.Engine - INFO - [cached since 1.521s ago] {'table_name': 'novedades_aplicadas', 'param_1': 'r', 'param_2': 'p', 'param_3': 'f', 'param_4': 'v', 'param_5': 'm', 'nspname_1': 'pg_catalog'}
2026-03-15 22:18:15,129 - sqlalchemy.engine.Engine - INFO - SELECT pg_catalog.pg_class.relname 
FROM pg_catalog.pg_class JOIN pg_catalog.pg_namespace ON pg_catalog.pg_namespace.oid = pg_catalog.pg_class.relnamespace 
WHERE pg_catalog.pg_class.relname = %(table_name)s AND pg_catalog.pg_class.relkind = ANY (ARRAY[%(param_1)s, %(param_2)s, %(param_3)s, %(param_4)s, %(param_5)s]) AND pg_catalog.pg_table_is_visible(pg_catalog.pg_class.oid) AND pg_catalog.pg_namespace.nspname != %(nspname_1)s
2026-03-15 22:18:15,143 - sqlalchemy.engine.Engine - INFO - [cached since 1.706s ago] {'table_name': 'conceptos_automaticos', 'param_1': 'r', 'param_2': 'p', 'param_3': 'f', 'param_4': 'v', 'param_5': 'm', 'nspname_1': 'pg_catalog'}
2026-03-15 22:18:15,314 - sqlalchemy.engine.Engine - INFO - SELECT pg_catalog.pg_class.relname 
FROM pg_catalog.pg_class JOIN pg_catalog.pg_namespace ON pg_catalog.pg_namespace.oid = pg_catalog.pg_class.relnamespace 
WHERE pg_catalog.pg_class.relname = %(table_name)s AND pg_catalog.pg_class.relkind = ANY (ARRAY[%(param_1)s, %(param_2)s, %(param_3)s, %(param_4)s, %(param_5)s]) AND pg_catalog.pg_table_is_visible(pg_catalog.pg_class.oid) AND pg_catalog.pg_namespace.nspname != %(nspname_1)s
2026-03-15 22:18:15,329 - sqlalchemy.engine.Engine - INFO - [cached since 1.892s ago] {'table_name': 'quincenas', 'param_1': 'r', 'param_2': 'p', 'param_3': 'f', 'param_4': 'v', 'param_5': 'm', 'nspname_1': 'pg_catalog'}
2026-03-15 22:18:15,512 - sqlalchemy.engine.Engine - INFO - SELECT pg_catalog.pg_class.relname 
FROM pg_catalog.pg_class JOIN pg_catalog.pg_namespace ON pg_catalog.pg_namespace.oid = pg_catalog.pg_class.relnamespace 
WHERE pg_catalog.pg_class.relname = %(table_name)s AND pg_catalog.pg_class.relkind = ANY (ARRAY[%(param_1)s, %(param_2)s, %(param_3)s, %(param_4)s, %(param_5)s]) AND pg_catalog.pg_table_is_visible(pg_catalog.pg_class.oid) AND pg_catalog.pg_namespace.nspname != %(nspname_1)s
2026-03-15 22:18:15,517 - sqlalchemy.engine.Engine - INFO - [cached since 2.079s ago] {'table_name': 'liquidos_quincena', 'param_1': 'r', 'param_2': 'p', 'param_3': 'f', 'param_4': 'v', 'param_5': 'm', 'nspname_1': 'pg_catalog'}
2026-03-15 22:18:15,696 - sqlalchemy.engine.Engine - INFO - SELECT pg_catalog.pg_class.relname 
FROM pg_catalog.pg_class JOIN pg_catalog.pg_namespace ON pg_catalog.pg_namespace.oid = pg_catalog.pg_class.relnamespace 
WHERE pg_catalog.pg_class.relname = %(table_name)s AND pg_catalog.pg_class.relkind = ANY (ARRAY[%(param_1)s, %(param_2)s, %(param_3)s, %(param_4)s, %(param_5)s]) AND pg_catalog.pg_table_is_visible(pg_catalog.pg_class.oid) AND pg_catalog.pg_namespace.nspname != %(nspname_1)s
2026-03-15 22:18:15,696 - sqlalchemy.engine.Engine - INFO - [cached since 2.264s ago] {'table_name': 'pagos', 'param_1': 'r', 'param_2': 'p', 'param_3': 'f', 'param_4': 'v', 'param_5': 'm', 'nspname_1': 'pg_catalog'}
2026-03-15 22:18:15,896 - sqlalchemy.engine.Engine - INFO - SELECT pg_catalog.pg_class.relname 
FROM pg_catalog.pg_class JOIN pg_catalog.pg_namespace ON pg_catalog.pg_namespace.oid = pg_catalog.pg_class.relnamespace 
WHERE pg_catalog.pg_class.relname = %(table_name)s AND pg_catalog.pg_class.relkind = ANY (ARRAY[%(param_1)s, %(param_2)s, %(param_3)s, %(param_4)s, %(param_5)s]) AND pg_catalog.pg_table_is_visible(pg_catalog.pg_class.oid) AND pg_catalog.pg_namespace.nspname != %(nspname_1)s
2026-03-15 22:18:15,896 - sqlalchemy.engine.Engine - INFO - [cached since 2.461s ago] {'table_name': 'empresa', 'param_1': 'r', 'param_2': 'p', 'param_3': 'f', 'param_4': 'v', 'param_5': 'm', 'nspname_1': 'pg_catalog'}
2026-03-15 22:18:16,080 - sqlalchemy.engine.Engine - INFO - SELECT pg_catalog.pg_class.relname 
FROM pg_catalog.pg_class JOIN pg_catalog.pg_namespace ON pg_catalog.pg_namespace.oid = pg_catalog.pg_class.relnamespace 
WHERE pg_catalog.pg_class.relname = %(table_name)s AND pg_catalog.pg_class.relkind = ANY (ARRAY[%(param_1)s, %(param_2)s, %(param_3)s, %(param_4)s, %(param_5)s]) AND pg_catalog.pg_table_is_visible(pg_catalog.pg_class.oid) AND pg_catalog.pg_namespace.nspname != %(nspname_1)s
2026-03-15 22:18:16,096 - sqlalchemy.engine.Engine - INFO - [cached since 2.659s ago] {'table_name': 'parametros_descuentos', 'param_1': 'r', 'param_2': 'p', 'param_3': 'f', 'param_4': 'v', 'param_5': 'm', 'nspname_1': 'pg_catalog'}
2026-03-15 22:18:16,266 - sqlalchemy.engine.Engine - INFO - SELECT pg_catalog.pg_class.relname 
FROM pg_catalog.pg_class JOIN pg_catalog.pg_namespace ON pg_catalog.pg_namespace.oid = pg_catalog.pg_class.relnamespace 
WHERE pg_catalog.pg_class.relname = %(table_name)s AND pg_catalog.pg_class.relkind = ANY (ARRAY[%(param_1)s, %(param_2)s, %(param_3)s, %(param_4)s, %(param_5)s]) AND pg_catalog.pg_table_is_visible(pg_catalog.pg_class.oid) AND pg_catalog.pg_namespace.nspname != %(nspname_1)s
2026-03-15 22:18:16,282 - sqlalchemy.engine.Engine - INFO - [cached since 2.845s ago] {'table_name': 'audit_logs', 'param_1': 'r', 'param_2': 'p', 'param_3': 'f', 'param_4': 'v', 'param_5': 'm', 'nspname_1': 'pg_catalog'}
2026-03-15 22:18:16,465 - sqlalchemy.engine.Engine - INFO - SELECT pg_catalog.pg_class.relname 
FROM pg_catalog.pg_class JOIN pg_catalog.pg_namespace ON pg_catalog.pg_namespace.oid = pg_catalog.pg_class.relnamespace 
WHERE pg_catalog.pg_class.relname = %(table_name)s AND pg_catalog.pg_class.relkind = ANY (ARRAY[%(param_1)s, %(param_2)s, %(param_3)s, %(param_4)s, %(param_5)s]) AND pg_catalog.pg_table_is_visible(pg_catalog.pg_class.oid) AND pg_catalog.pg_namespace.nspname != %(nspname_1)s
2026-03-15 22:18:16,468 - sqlalchemy.engine.Engine - INFO - [cached since 3.03s ago] {'table_name': 'servicios', 'param_1': 'r', 'param_2': 'p', 'param_3': 'f', 'param_4': 'v', 'param_5': 'm', 'nspname_1': 'pg_catalog'}
2026-03-15 22:18:16,650 - sqlalchemy.engine.Engine - INFO - SELECT pg_catalog.pg_class.relname 
FROM pg_catalog.pg_class JOIN pg_catalog.pg_namespace ON pg_catalog.pg_namespace.oid = pg_catalog.pg_class.relnamespace 
WHERE pg_catalog.pg_class.relname = %(table_name)s AND pg_catalog.pg_class.relkind = ANY (ARRAY[%(param_1)s, %(param_2)s, %(param_3)s, %(param_4)s, %(param_5)s]) AND pg_catalog.pg_table_is_visible(pg_catalog.pg_class.oid) AND pg_catalog.pg_namespace.nspname != %(nspname_1)s
2026-03-15 22:18:16,657 - sqlalchemy.engine.Engine - INFO - [cached since 3.22s ago] {'table_name': 'servicios_novedades', 'param_1': 'r', 'param_2': 'p', 'param_3': 'f', 'param_4': 'v', 'param_5': 'm', 'nspname_1': 'pg_catalog'}
2026-03-15 22:18:16,853 - sqlalchemy.engine.Engine - INFO - SELECT pg_catalog.pg_class.relname 
FROM pg_catalog.pg_class JOIN pg_catalog.pg_namespace ON pg_catalog.pg_namespace.oid = pg_catalog.pg_class.relnamespace 
WHERE pg_catalog.pg_class.relname = %(table_name)s AND pg_catalog.pg_class.relkind = ANY (ARRAY[%(param_1)s, %(param_2)s, %(param_3)s, %(param_4)s, %(param_5)s]) AND pg_catalog.pg_table_is_visible(pg_catalog.pg_class.oid) AND pg_catalog.pg_namespace.nspname != %(nspname_1)s
2026-03-15 22:18:16,855 - sqlalchemy.engine.Engine - INFO - [cached since 3.417s ago] {'table_name': 'servicios_pagos', 'param_1': 'r', 'param_2': 'p', 'param_3': 'f', 'param_4': 'v', 'param_5': 'm', 'nspname_1': 'pg_catalog'}
2026-03-15 22:18:17,053 - sqlalchemy.engine.Engine - INFO - SELECT pg_catalog.pg_class.relname 
FROM pg_catalog.pg_class JOIN pg_catalog.pg_namespace ON pg_catalog.pg_namespace.oid = pg_catalog.pg_class.relnamespace 
WHERE pg_catalog.pg_class.relname = %(table_name)s AND pg_catalog.pg_class.relkind = ANY (ARRAY[%(param_1)s, %(param_2)s, %(param_3)s, %(param_4)s, %(param_5)s]) AND pg_catalog.pg_table_is_visible(pg_catalog.pg_class.oid) AND pg_catalog.pg_namespace.nspname != %(nspname_1)s
2026-03-15 22:18:17,053 - sqlalchemy.engine.Engine - INFO - [cached since 3.617s ago] {'table_name': 'servicios_periodos', 'param_1': 'r', 'param_2': 'p', 'param_3': 'f', 'param_4': 'v', 'param_5': 'm', 'nspname_1': 'pg_catalog'}
2026-03-15 22:18:17,238 - sqlalchemy.engine.Engine - INFO - SELECT pg_catalog.pg_class.relname 
FROM pg_catalog.pg_class JOIN pg_catalog.pg_namespace ON pg_catalog.pg_namespace.oid = pg_catalog.pg_class.relnamespace 
WHERE pg_catalog.pg_class.relname = %(table_name)s AND pg_catalog.pg_class.relkind = ANY (ARRAY[%(param_1)s, %(param_2)s, %(param_3)s, %(param_4)s, %(param_5)s]) AND pg_catalog.pg_table_is_visible(pg_catalog.pg_class.oid) AND pg_catalog.pg_namespace.nspname != %(nspname_1)s
2026-03-15 22:18:17,238 - sqlalchemy.engine.Engine - INFO - [cached since 3.802s ago] {'table_name': 'prestamos_empresa', 'param_1': 'r', 'param_2': 'p', 'param_3': 'f', 'param_4': 'v', 'param_5': 'm', 'nspname_1': 'pg_catalog'}
2026-03-15 22:18:17,425 - sqlalchemy.engine.Engine - INFO - SELECT pg_catalog.pg_class.relname 
FROM pg_catalog.pg_class JOIN pg_catalog.pg_namespace ON pg_catalog.pg_namespace.oid = pg_catalog.pg_class.relnamespace 
WHERE pg_catalog.pg_class.relname = %(table_name)s AND pg_catalog.pg_class.relkind = ANY (ARRAY[%(param_1)s, %(param_2)s, %(param_3)s, %(param_4)s, %(param_5)s]) AND pg_catalog.pg_table_is_visible(pg_catalog.pg_class.oid) AND pg_catalog.pg_namespace.nspname != %(nspname_1)s
2026-03-15 22:18:17,425 - sqlalchemy.engine.Engine - INFO - [cached since 3.99s ago] {'table_name': 'prestamos_novedades', 'param_1': 'r', 'param_2': 'p', 'param_3': 'f', 'param_4': 'v', 'param_5': 'm', 'nspname_1': 'pg_catalog'}
2026-03-15 22:18:17,603 - sqlalchemy.engine.Engine - INFO - SELECT pg_catalog.pg_class.relname 
FROM pg_catalog.pg_class JOIN pg_catalog.pg_namespace ON pg_catalog.pg_namespace.oid = pg_catalog.pg_class.relnamespace 
WHERE pg_catalog.pg_class.relname = %(table_name)s AND pg_catalog.pg_class.relkind = ANY (ARRAY[%(param_1)s, %(param_2)s, %(param_3)s, %(param_4)s, %(param_5)s]) AND pg_catalog.pg_table_is_visible(pg_catalog.pg_class.oid) AND pg_catalog.pg_namespace.nspname != %(nspname_1)s
2026-03-15 22:18:17,603 - sqlalchemy.engine.Engine - INFO - [cached since 4.177s ago] {'table_name': 'prestamos_pagos', 'param_1': 'r', 'param_2': 'p', 'param_3': 'f', 'param_4': 'v', 'param_5': 'm', 'nspname_1': 'pg_catalog'}
2026-03-15 22:18:17,804 - sqlalchemy.engine.Engine - INFO - COMMIT
2026-03-15 22:18:17,986 - app - INFO - [OK] Tablas de base de datos creadas/verificadas
2026-03-15 22:18:17,986 - sqlalchemy.engine.Engine - INFO - BEGIN (implicit)
2026-03-15 22:18:17,986 - sqlalchemy.engine.Engine - INFO - SELECT pg_catalog.pg_class.relname 
FROM pg_catalog.pg_class JOIN pg_catalog.pg_namespace ON pg_catalog.pg_namespace.oid = pg_catalog.pg_class.relnamespace 
WHERE pg_catalog.pg_class.relname = %(table_name)s AND pg_catalog.pg_class.relkind = ANY (ARRAY[%(param_1)s, %(param_2)s, %(param_3)s, %(param_4)s, %(param_5)s]) AND pg_catalog.pg_table_is_visible(pg_catalog.pg_class.oid) AND pg_catalog.pg_namespace.nspname != %(nspname_1)s
2026-03-15 22:18:17,991 - sqlalchemy.engine.Engine - INFO - [cached since 4.554s ago] {'table_name': 'roles', 'param_1': 'r', 'param_2': 'p', 'param_3': 'f', 'param_4': 'v', 'param_5': 'm', 'nspname_1': 'pg_catalog'}
2026-03-15 22:18:18,368 - sqlalchemy.engine.Engine - INFO - SELECT pg_catalog.pg_class.relname 
FROM pg_catalog.pg_class JOIN pg_catalog.pg_namespace ON pg_catalog.pg_namespace.oid = pg_catalog.pg_class.relnamespace 
WHERE pg_catalog.pg_class.relname = %(table_name)s AND pg_catalog.pg_class.relkind = ANY (ARRAY[%(param_1)s, %(param_2)s, %(param_3)s, %(param_4)s, %(param_5)s]) AND pg_catalog.pg_table_is_visible(pg_catalog.pg_class.oid) AND pg_catalog.pg_namespace.nspname != %(nspname_1)s
2026-03-15 22:18:18,368 - sqlalchemy.engine.Engine - INFO - [cached since 4.943s ago] {'table_name': 'permisos', 'param_1': 'r', 'param_2': 'p', 'param_3': 'f', 'param_4': 'v', 'param_5': 'm', 'nspname_1': 'pg_catalog'}
2026-03-15 22:18:18,557 - sqlalchemy.engine.Engine - INFO - SELECT pg_catalog.pg_class.relname 
FROM pg_catalog.pg_class JOIN pg_catalog.pg_namespace ON pg_catalog.pg_namespace.oid = pg_catalog.pg_class.relnamespace 
WHERE pg_catalog.pg_class.relname = %(table_name)s AND pg_catalog.pg_class.relkind = ANY (ARRAY[%(param_1)s, %(param_2)s, %(param_3)s, %(param_4)s, %(param_5)s]) AND pg_catalog.pg_table_is_visible(pg_catalog.pg_class.oid) AND pg_catalog.pg_namespace.nspname != %(nspname_1)s
2026-03-15 22:18:18,557 - sqlalchemy.engine.Engine - INFO - [cached since 5.128s ago] {'table_name': 'role_permiso', 'param_1': 'r', 'param_2': 'p', 'param_3': 'f', 'param_4': 'v', 'param_5': 'm', 'nspname_1': 'pg_catalog'}
2026-03-15 22:18:18,757 - sqlalchemy.engine.Engine - INFO - SELECT pg_catalog.pg_class.relname 
FROM pg_catalog.pg_class JOIN pg_catalog.pg_namespace ON pg_catalog.pg_namespace.oid = pg_catalog.pg_class.relnamespace 
WHERE pg_catalog.pg_class.relname = %(table_name)s AND pg_catalog.pg_class.relkind = ANY (ARRAY[%(param_1)s, %(param_2)s, %(param_3)s, %(param_4)s, %(param_5)s]) AND pg_catalog.pg_table_is_visible(pg_catalog.pg_class.oid) AND pg_catalog.pg_namespace.nspname != %(nspname_1)s
2026-03-15 22:18:18,758 - sqlalchemy.engine.Engine - INFO - [cached since 5.321s ago] {'table_name': 'usuarios', 'param_1': 'r', 'param_2': 'p', 'param_3': 'f', 'param_4': 'v', 'param_5': 'm', 'nspname_1': 'pg_catalog'}
2026-03-15 22:18:18,946 - sqlalchemy.engine.Engine - INFO - SELECT pg_catalog.pg_class.relname 
FROM pg_catalog.pg_class JOIN pg_catalog.pg_namespace ON pg_catalog.pg_namespace.oid = pg_catalog.pg_class.relnamespace 
WHERE pg_catalog.pg_class.relname = %(table_name)s AND pg_catalog.pg_class.relkind = ANY (ARRAY[%(param_1)s, %(param_2)s, %(param_3)s, %(param_4)s, %(param_5)s]) AND pg_catalog.pg_table_is_visible(pg_catalog.pg_class.oid) AND pg_catalog.pg_namespace.nspname != %(nspname_1)s
2026-03-15 22:18:18,950 - sqlalchemy.engine.Engine - INFO - [cached since 5.512s ago] {'table_name': 'empleados', 'param_1': 'r', 'param_2': 'p', 'param_3': 'f', 'param_4': 'v', 'param_5': 'm', 'nspname_1': 'pg_catalog'}
2026-03-15 22:18:19,128 - sqlalchemy.engine.Engine - INFO - SELECT pg_catalog.pg_class.relname 
FROM pg_catalog.pg_class JOIN pg_catalog.pg_namespace ON pg_catalog.pg_namespace.oid = pg_catalog.pg_class.relnamespace 
WHERE pg_catalog.pg_class.relname = %(table_name)s AND pg_catalog.pg_class.relkind = ANY (ARRAY[%(param_1)s, %(param_2)s, %(param_3)s, %(param_4)s, %(param_5)s]) AND pg_catalog.pg_table_is_visible(pg_catalog.pg_class.oid) AND pg_catalog.pg_namespace.nspname != %(nspname_1)s
2026-03-15 22:18:19,128 - sqlalchemy.engine.Engine - INFO - [cached since 5.699s ago] {'table_name': 'tipos_novedad', 'param_1': 'r', 'param_2': 'p', 'param_3': 'f', 'param_4': 'v', 'param_5': 'm', 'nspname_1': 'pg_catalog'}
2026-03-15 22:18:19,310 - sqlalchemy.engine.Engine - INFO - SELECT pg_catalog.pg_class.relname 
FROM pg_catalog.pg_class JOIN pg_catalog.pg_namespace ON pg_catalog.pg_namespace.oid = pg_catalog.pg_class.relnamespace 
WHERE pg_catalog.pg_class.relname = %(table_name)s AND pg_catalog.pg_class.relkind = ANY (ARRAY[%(param_1)s, %(param_2)s, %(param_3)s, %(param_4)s, %(param_5)s]) AND pg_catalog.pg_table_is_visible(pg_catalog.pg_class.oid) AND pg_catalog.pg_namespace.nspname != %(nspname_1)s
2026-03-15 22:18:19,310 - sqlalchemy.engine.Engine - INFO - [cached since 5.886s ago] {'table_name': 'novedades', 'param_1': 'r', 'param_2': 'p', 'param_3': 'f', 'param_4': 'v', 'param_5': 'm', 'nspname_1': 'pg_catalog'}
2026-03-15 22:18:19,510 - sqlalchemy.engine.Engine - INFO - SELECT pg_catalog.pg_class.relname 
FROM pg_catalog.pg_class JOIN pg_catalog.pg_namespace ON pg_catalog.pg_namespace.oid = pg_catalog.pg_class.relnamespace 
WHERE pg_catalog.pg_class.relname = %(table_name)s AND pg_catalog.pg_class.relkind = ANY (ARRAY[%(param_1)s, %(param_2)s, %(param_3)s, %(param_4)s, %(param_5)s]) AND pg_catalog.pg_table_is_visible(pg_catalog.pg_class.oid) AND pg_catalog.pg_namespace.nspname != %(nspname_1)s
2026-03-15 22:18:19,525 - sqlalchemy.engine.Engine - INFO - [cached since 6.087s ago] {'table_name': 'novedades_aplicadas', 'param_1': 'r', 'param_2': 'p', 'param_3': 'f', 'param_4': 'v', 'param_5': 'm', 'nspname_1': 'pg_catalog'}
2026-03-15 22:18:19,721 - sqlalchemy.engine.Engine - INFO - SELECT pg_catalog.pg_class.relname 
FROM pg_catalog.pg_class JOIN pg_catalog.pg_namespace ON pg_catalog.pg_namespace.oid = pg_catalog.pg_class.relnamespace 
WHERE pg_catalog.pg_class.relname = %(table_name)s AND pg_catalog.pg_class.relkind = ANY (ARRAY[%(param_1)s, %(param_2)s, %(param_3)s, %(param_4)s, %(param_5)s]) AND pg_catalog.pg_table_is_visible(pg_catalog.pg_class.oid) AND pg_catalog.pg_namespace.nspname != %(nspname_1)s
2026-03-15 22:18:19,721 - sqlalchemy.engine.Engine - INFO - [cached since 6.286s ago] {'table_name': 'conceptos_automaticos', 'param_1': 'r', 'param_2': 'p', 'param_3': 'f', 'param_4': 'v', 'param_5': 'm', 'nspname_1': 'pg_catalog'}
2026-03-15 22:18:19,912 - sqlalchemy.engine.Engine - INFO - SELECT pg_catalog.pg_class.relname 
FROM pg_catalog.pg_class JOIN pg_catalog.pg_namespace ON pg_catalog.pg_namespace.oid = pg_catalog.pg_class.relnamespace 
WHERE pg_catalog.pg_class.relname = %(table_name)s AND pg_catalog.pg_class.relkind = ANY (ARRAY[%(param_1)s, %(param_2)s, %(param_3)s, %(param_4)s, %(param_5)s]) AND pg_catalog.pg_table_is_visible(pg_catalog.pg_class.oid) AND pg_catalog.pg_namespace.nspname != %(nspname_1)s
2026-03-15 22:18:19,912 - sqlalchemy.engine.Engine - INFO - [cached since 6.477s ago] {'table_name': 'quincenas', 'param_1': 'r', 'param_2': 'p', 'param_3': 'f', 'param_4': 'v', 'param_5': 'm', 'nspname_1': 'pg_catalog'}
2026-03-15 22:18:20,097 - sqlalchemy.engine.Engine - INFO - SELECT pg_catalog.pg_class.relname 
FROM pg_catalog.pg_class JOIN pg_catalog.pg_namespace ON pg_catalog.pg_namespace.oid = pg_catalog.pg_class.relnamespace 
WHERE pg_catalog.pg_class.relname = %(table_name)s AND pg_catalog.pg_class.relkind = ANY (ARRAY[%(param_1)s, %(param_2)s, %(param_3)s, %(param_4)s, %(param_5)s]) AND pg_catalog.pg_table_is_visible(pg_catalog.pg_class.oid) AND pg_catalog.pg_namespace.nspname != %(nspname_1)s
2026-03-15 22:18:20,097 - sqlalchemy.engine.Engine - INFO - [cached since 6.666s ago] {'table_name': 'liquidos_quincena', 'param_1': 'r', 'param_2': 'p', 'param_3': 'f', 'param_4': 'v', 'param_5': 'm', 'nspname_1': 'pg_catalog'}
2026-03-15 22:18:20,286 - sqlalchemy.engine.Engine - INFO - SELECT pg_catalog.pg_class.relname 
FROM pg_catalog.pg_class JOIN pg_catalog.pg_namespace ON pg_catalog.pg_namespace.oid = pg_catalog.pg_class.relnamespace 
WHERE pg_catalog.pg_class.relname = %(table_name)s AND pg_catalog.pg_class.relkind = ANY (ARRAY[%(param_1)s, %(param_2)s, %(param_3)s, %(param_4)s, %(param_5)s]) AND pg_catalog.pg_table_is_visible(pg_catalog.pg_class.oid) AND pg_catalog.pg_namespace.nspname != %(nspname_1)s
2026-03-15 22:18:20,288 - sqlalchemy.engine.Engine - INFO - [cached since 6.85s ago] {'table_name': 'pagos', 'param_1': 'r', 'param_2': 'p', 'param_3': 'f', 'param_4': 'v', 'param_5': 'm', 'nspname_1': 'pg_catalog'}
2026-03-15 22:18:20,481 - sqlalchemy.engine.Engine - INFO - SELECT pg_catalog.pg_class.relname 
FROM pg_catalog.pg_class JOIN pg_catalog.pg_namespace ON pg_catalog.pg_namespace.oid = pg_catalog.pg_class.relnamespace 
WHERE pg_catalog.pg_class.relname = %(table_name)s AND pg_catalog.pg_class.relkind = ANY (ARRAY[%(param_1)s, %(param_2)s, %(param_3)s, %(param_4)s, %(param_5)s]) AND pg_catalog.pg_table_is_visible(pg_catalog.pg_class.oid) AND pg_catalog.pg_namespace.nspname != %(nspname_1)s
2026-03-15 22:18:20,481 - sqlalchemy.engine.Engine - INFO - [cached since 7.046s ago] {'table_name': 'empresa', 'param_1': 'r', 'param_2': 'p', 'param_3': 'f', 'param_4': 'v', 'param_5': 'm', 'nspname_1': 'pg_catalog'}
2026-03-15 22:18:20,666 - sqlalchemy.engine.Engine - INFO - SELECT pg_catalog.pg_class.relname 
FROM pg_catalog.pg_class JOIN pg_catalog.pg_namespace ON pg_catalog.pg_namespace.oid = pg_catalog.pg_class.relnamespace 
WHERE pg_catalog.pg_class.relname = %(table_name)s AND pg_catalog.pg_class.relkind = ANY (ARRAY[%(param_1)s, %(param_2)s, %(param_3)s, %(param_4)s, %(param_5)s]) AND pg_catalog.pg_table_is_visible(pg_catalog.pg_class.oid) AND pg_catalog.pg_namespace.nspname != %(nspname_1)s
2026-03-15 22:18:20,666 - sqlalchemy.engine.Engine - INFO - [cached since 7.231s ago] {'table_name': 'parametros_descuentos', 'param_1': 'r', 'param_2': 'p', 'param_3': 'f', 'param_4': 'v', 'param_5': 'm', 'nspname_1': 'pg_catalog'}
2026-03-15 22:18:20,851 - sqlalchemy.engine.Engine - INFO - SELECT pg_catalog.pg_class.relname 
FROM pg_catalog.pg_class JOIN pg_catalog.pg_namespace ON pg_catalog.pg_namespace.oid = pg_catalog.pg_class.relnamespace 
WHERE pg_catalog.pg_class.relname = %(table_name)s AND pg_catalog.pg_class.relkind = ANY (ARRAY[%(param_1)s, %(param_2)s, %(param_3)s, %(param_4)s, %(param_5)s]) AND pg_catalog.pg_table_is_visible(pg_catalog.pg_class.oid) AND pg_catalog.pg_namespace.nspname != %(nspname_1)s
2026-03-15 22:18:20,851 - sqlalchemy.engine.Engine - INFO - [cached since 7.416s ago] {'table_name': 'audit_logs', 'param_1': 'r', 'param_2': 'p', 'param_3': 'f', 'param_4': 'v', 'param_5': 'm', 'nspname_1': 'pg_catalog'}
2026-03-15 22:18:21,035 - sqlalchemy.engine.Engine - INFO - SELECT pg_catalog.pg_class.relname 
FROM pg_catalog.pg_class JOIN pg_catalog.pg_namespace ON pg_catalog.pg_namespace.oid = pg_catalog.pg_class.relnamespace 
WHERE pg_catalog.pg_class.relname = %(table_name)s AND pg_catalog.pg_class.relkind = ANY (ARRAY[%(param_1)s, %(param_2)s, %(param_3)s, %(param_4)s, %(param_5)s]) AND pg_catalog.pg_table_is_visible(pg_catalog.pg_class.oid) AND pg_catalog.pg_namespace.nspname != %(nspname_1)s
2026-03-15 22:18:21,035 - sqlalchemy.engine.Engine - INFO - [cached since 7.604s ago] {'table_name': 'servicios', 'param_1': 'r', 'param_2': 'p', 'param_3': 'f', 'param_4': 'v', 'param_5': 'm', 'nspname_1': 'pg_catalog'}
2026-03-15 22:18:21,219 - sqlalchemy.engine.Engine - INFO - SELECT pg_catalog.pg_class.relname 
FROM pg_catalog.pg_class JOIN pg_catalog.pg_namespace ON pg_catalog.pg_namespace.oid = pg_catalog.pg_class.relnamespace 
WHERE pg_catalog.pg_class.relname = %(table_name)s AND pg_catalog.pg_class.relkind = ANY (ARRAY[%(param_1)s, %(param_2)s, %(param_3)s, %(param_4)s, %(param_5)s]) AND pg_catalog.pg_table_is_visible(pg_catalog.pg_class.oid) AND pg_catalog.pg_namespace.nspname != %(nspname_1)s
2026-03-15 22:18:21,219 - sqlalchemy.engine.Engine - INFO - [cached since 7.79s ago] {'table_name': 'servicios_novedades', 'param_1': 'r', 'param_2': 'p', 'param_3': 'f', 'param_4': 'v', 'param_5': 'm', 'nspname_1': 'pg_catalog'}
2026-03-15 22:18:21,404 - sqlalchemy.engine.Engine - INFO - SELECT pg_catalog.pg_class.relname 
FROM pg_catalog.pg_class JOIN pg_catalog.pg_namespace ON pg_catalog.pg_namespace.oid = pg_catalog.pg_class.relnamespace 
WHERE pg_catalog.pg_class.relname = %(table_name)s AND pg_catalog.pg_class.relkind = ANY (ARRAY[%(param_1)s, %(param_2)s, %(param_3)s, %(param_4)s, %(param_5)s]) AND pg_catalog.pg_table_is_visible(pg_catalog.pg_class.oid) AND pg_catalog.pg_namespace.nspname != %(nspname_1)s
2026-03-15 22:18:21,404 - sqlalchemy.engine.Engine - INFO - [cached since 7.977s ago] {'table_name': 'servicios_pagos', 'param_1': 'r', 'param_2': 'p', 'param_3': 'f', 'param_4': 'v', 'param_5': 'm', 'nspname_1': 'pg_catalog'}
2026-03-15 22:18:21,585 - sqlalchemy.engine.Engine - INFO - SELECT pg_catalog.pg_class.relname 
FROM pg_catalog.pg_class JOIN pg_catalog.pg_namespace ON pg_catalog.pg_namespace.oid = pg_catalog.pg_class.relnamespace 
WHERE pg_catalog.pg_class.relname = %(table_name)s AND pg_catalog.pg_class.relkind = ANY (ARRAY[%(param_1)s, %(param_2)s, %(param_3)s, %(param_4)s, %(param_5)s]) AND pg_catalog.pg_table_is_visible(pg_catalog.pg_class.oid) AND pg_catalog.pg_namespace.nspname != %(nspname_1)s
2026-03-15 22:18:21,601 - sqlalchemy.engine.Engine - INFO - [cached since 8.164s ago] {'table_name': 'servicios_periodos', 'param_1': 'r', 'param_2': 'p', 'param_3': 'f', 'param_4': 'v', 'param_5': 'm', 'nspname_1': 'pg_catalog'}
2026-03-15 22:18:21,784 - sqlalchemy.engine.Engine - INFO - SELECT pg_catalog.pg_class.relname 
FROM pg_catalog.pg_class JOIN pg_catalog.pg_namespace ON pg_catalog.pg_namespace.oid = pg_catalog.pg_class.relnamespace 
WHERE pg_catalog.pg_class.relname = %(table_name)s AND pg_catalog.pg_class.relkind = ANY (ARRAY[%(param_1)s, %(param_2)s, %(param_3)s, %(param_4)s, %(param_5)s]) AND pg_catalog.pg_table_is_visible(pg_catalog.pg_class.oid) AND pg_catalog.pg_namespace.nspname != %(nspname_1)s
2026-03-15 22:18:21,784 - sqlalchemy.engine.Engine - INFO - [cached since 8.349s ago] {'table_name': 'prestamos_empresa', 'param_1': 'r', 'param_2': 'p', 'param_3': 'f', 'param_4': 'v', 'param_5': 'm', 'nspname_1': 'pg_catalog'}
2026-03-15 22:18:21,969 - sqlalchemy.engine.Engine - INFO - SELECT pg_catalog.pg_class.relname 
FROM pg_catalog.pg_class JOIN pg_catalog.pg_namespace ON pg_catalog.pg_namespace.oid = pg_catalog.pg_class.relnamespace 
WHERE pg_catalog.pg_class.relname = %(table_name)s AND pg_catalog.pg_class.relkind = ANY (ARRAY[%(param_1)s, %(param_2)s, %(param_3)s, %(param_4)s, %(param_5)s]) AND pg_catalog.pg_table_is_visible(pg_catalog.pg_class.oid) AND pg_catalog.pg_namespace.nspname != %(nspname_1)s
2026-03-15 22:18:21,973 - sqlalchemy.engine.Engine - INFO - [cached since 8.535s ago] {'table_name': 'prestamos_novedades', 'param_1': 'r', 'param_2': 'p', 'param_3': 'f', 'param_4': 'v', 'param_5': 'm', 'nspname_1': 'pg_catalog'}
2026-03-15 22:18:22,153 - sqlalchemy.engine.Engine - INFO - SELECT pg_catalog.pg_class.relname 
FROM pg_catalog.pg_class JOIN pg_catalog.pg_namespace ON pg_catalog.pg_namespace.oid = pg_catalog.pg_class.relnamespace 
WHERE pg_catalog.pg_class.relname = %(table_name)s AND pg_catalog.pg_class.relkind = ANY (ARRAY[%(param_1)s, %(param_2)s, %(param_3)s, %(param_4)s, %(param_5)s]) AND pg_catalog.pg_table_is_visible(pg_catalog.pg_class.oid) AND pg_catalog.pg_namespace.nspname != %(nspname_1)s
2026-03-15 22:18:22,153 - sqlalchemy.engine.Engine - INFO - [cached since 8.731s ago] {'table_name': 'prestamos_pagos', 'param_1': 'r', 'param_2': 'p', 'param_3': 'f', 'param_4': 'v', 'param_5': 'm', 'nspname_1': 'pg_catalog'}
2026-03-15 22:18:22,354 - sqlalchemy.engine.Engine - INFO - COMMIT
2026-03-15 22:18:22,555 - sqlalchemy.engine.Engine - INFO - BEGIN (implicit)
2026-03-15 22:18:22,555 - sqlalchemy.engine.Engine - INFO - SELECT pg_catalog.pg_class.relname 
FROM pg_catalog.pg_class JOIN pg_catalog.pg_namespace ON pg_catalog.pg_namespace.oid = pg_catalog.pg_class.relnamespace 
WHERE pg_catalog.pg_class.relkind = ANY (ARRAY[%(param_1)s, %(param_2)s]) AND pg_catalog.pg_class.relpersistence != %(relpersistence_1)s AND pg_catalog.pg_table_is_visible(pg_catalog.pg_class.oid) AND pg_catalog.pg_namespace.nspname != %(nspname_1)s
2026-03-15 22:18:22,555 - sqlalchemy.engine.Engine - INFO - [generated in 0.00332s] {'param_1': 'r', 'param_2': 'p', 'relpersistence_1': 't', 'nspname_1': 'pg_catalog'}
2026-03-15 22:18:22,938 - sqlalchemy.engine.Engine - INFO - ROLLBACK
2026-03-15 22:18:23,126 - sqlalchemy.engine.Engine - INFO - BEGIN (implicit)
2026-03-15 22:18:23,126 - sqlalchemy.engine.Engine - INFO - TRUNCATE TABLE "novedades_aplicadas", "prestamos_pagos", "servicios_pagos", "pagos", "audit_logs", "prestamos_novedades", "servicios_novedades", "liquidos_quincena", "novedades", "prestamos_empresa", "servicios_periodos", "servicios", "parametros_descuentos", "empresa", "quincenas", "conceptos_automaticos", "tipos_novedad", "empleados", "usuarios", "role_permiso", "permisos", "roles" RESTART IDENTITY CASCADE
2026-03-15 22:18:23,126 - sqlalchemy.engine.Engine - INFO - [generated in 0.00161s] {}
2026-03-15 22:18:23,539 - sqlalchemy.engine.Engine - INFO - COMMIT
2026-03-15 22:18:23,774 - sqlalchemy.engine.Engine - INFO - BEGIN (implicit)
2026-03-15 22:18:23,774 - sqlalchemy.engine.Engine - INFO - SELECT pg_catalog.pg_attribute.attname AS name, pg_catalog.format_type(pg_catalog.pg_attribute.atttypid, pg_catalog.pg_attribute.atttypmod) AS format_type, (SELECT pg_catalog.pg_get_expr(pg_catalog.pg_attrdef.adbin, pg_catalog.pg_attrdef.adrelid) AS pg_get_expr_1 
FROM pg_catalog.pg_attrdef 
WHERE pg_catalog.pg_attrdef.adrelid = pg_catalog.pg_attribute.attrelid AND pg_catalog.pg_attrdef.adnum = pg_catalog.pg_attribute.attnum AND pg_catalog.pg_attribute.atthasdef) AS "default", pg_catalog.pg_attribute.attnotnull AS not_null, pg_catalog.pg_class.relname AS table_name, pg_catalog.pg_description.description AS comment, pg_catalog.pg_attribute.attgenerated AS generated, (SELECT json_build_object(%(json_build_object_2)s, pg_catalog.pg_attribute.attidentity = %(attidentity_1)s, %(json_build_object_3)s, pg_catalog.pg_sequence.seqstart, %(json_build_object_4)s, pg_catalog.pg_sequence.seqincrement, %(json_build_object_5)s, pg_catalog.pg_sequence.seqmin, %(json_build_object_6)s, pg_catalog.pg_sequence.seqmax, %(json_build_object_7)s, pg_catalog.pg_sequence.seqcache, %(json_build_object_8)s, pg_catalog.pg_sequence.seqcycle) AS json_build_object_1 
FROM pg_catalog.pg_sequence 
WHERE pg_catalog.pg_attribute.attidentity != %(attidentity_2)s AND pg_catalog.pg_sequence.seqrelid = CAST(CAST(pg_catalog.pg_get_serial_sequence(CAST(CAST(pg_catalog.pg_attribute.attrelid AS REGCLASS) AS TEXT), pg_catalog.pg_attribute.attname) AS REGCLASS) AS OID)) AS identity_options 
FROM pg_catalog.pg_class LEFT OUTER JOIN pg_catalog.pg_attribute ON pg_catalog.pg_class.oid = pg_catalog.pg_attribute.attrelid AND pg_catalog.pg_attribute.attnum > %(attnum_1)s AND NOT pg_catalog.pg_attribute.attisdropped LEFT OUTER JOIN pg_catalog.pg_description ON pg_catalog.pg_description.objoid = pg_catalog.pg_attribute.attrelid AND pg_catalog.pg_description.objsubid = pg_catalog.pg_attribute.attnum JOIN pg_catalog.pg_namespace ON pg_catalog.pg_namespace.oid = pg_catalog.pg_class.relnamespace 
WHERE pg_catalog.pg_class.relkind = ANY (ARRAY[%(param_1)s, %(param_2)s, %(param_3)s, %(param_4)s, %(param_5)s]) AND pg_catalog.pg_table_is_visible(pg_catalog.pg_class.oid) AND pg_catalog.pg_namespace.nspname != %(nspname_1)s AND pg_catalog.pg_class.relname IN (%(filter_names_1)s) ORDER BY pg_catalog.pg_class.relname, pg_catalog.pg_attribute.attnum
2026-03-15 22:18:23,774 - sqlalchemy.engine.Engine - INFO - [generated in 0.00441s] {'json_build_object_2': 'always', 'attidentity_1': 'a', 'json_build_object_3': 'start', 'json_build_object_4': 'increment', 'json_build_object_5': 'minvalue', 'json_build_object_6': 'maxvalue', 'json_build_object_7': 'cache', 'json_build_object_8': 'cycle', 'attidentity_2': '', 'attnum_1': 0, 'param_1': 'r', 'param_2': 'p', 'param_3': 'f', 'param_4': 'v', 'param_5': 'm', 'nspname_1': 'pg_catalog', 'filter_names_1': 'roles'}
2026-03-15 22:18:24,187 - sqlalchemy.engine.Engine - INFO - SELECT pg_catalog.pg_type.typname AS name, pg_catalog.format_type(pg_catalog.pg_type.typbasetype, pg_catalog.pg_type.typtypmod) AS attype, NOT pg_catalog.pg_type.typnotnull AS nullable, pg_catalog.pg_type.typdefault AS "default", pg_catalog.pg_type_is_visible(pg_catalog.pg_type.oid) AS visible, pg_catalog.pg_namespace.nspname AS schema, domain_constraints.condefs, domain_constraints.connames 
FROM pg_catalog.pg_type JOIN pg_catalog.pg_namespace ON pg_catalog.pg_namespace.oid = pg_catalog.pg_type.typnamespace LEFT OUTER JOIN (SELECT pg_catalog.pg_constraint.contypid AS contypid, array_agg(pg_catalog.pg_get_constraintdef(pg_catalog.pg_constraint.oid, %(pg_get_constraintdef_1)s)) AS condefs, array_agg(CAST(pg_catalog.pg_constraint.conname AS TEXT)) AS connames 
FROM pg_catalog.pg_constraint 
WHERE pg_catalog.pg_constraint.contypid != %(contypid_1)s GROUP BY pg_catalog.pg_constraint.contypid) AS domain_constraints ON pg_catalog.pg_type.oid = domain_constraints.contypid 
WHERE pg_catalog.pg_type.typtype = %(typtype_1)s ORDER BY pg_catalog.pg_namespace.nspname, pg_catalog.pg_type.typname
2026-03-15 22:18:24,187 - sqlalchemy.engine.Engine - INFO - [generated in 0.00239s] {'pg_get_constraintdef_1': True, 'contypid_1': 0, 'typtype_1': 'd'}
2026-03-15 22:18:24,395 - sqlalchemy.engine.Engine - INFO - SELECT pg_catalog.pg_type.typname AS name, pg_catalog.pg_type_is_visible(pg_catalog.pg_type.oid) AS visible, pg_catalog.pg_namespace.nspname AS schema, lbl_agg.labels AS labels 
FROM pg_catalog.pg_type JOIN pg_catalog.pg_namespace ON pg_catalog.pg_namespace.oid = pg_catalog.pg_type.typnamespace LEFT OUTER JOIN (SELECT pg_catalog.pg_enum.enumtypid AS enumtypid, array_agg(CAST(pg_catalog.pg_enum.enumlabel AS TEXT) ORDER BY pg_catalog.pg_enum.enumsortorder) AS labels 
FROM pg_catalog.pg_enum GROUP BY pg_catalog.pg_enum.enumtypid) AS lbl_agg ON pg_catalog.pg_type.oid = lbl_agg.enumtypid 
WHERE pg_catalog.pg_type.typtype = %(typtype_1)s ORDER BY pg_catalog.pg_namespace.nspname, pg_catalog.pg_type.typname
2026-03-15 22:18:24,395 - sqlalchemy.engine.Engine - INFO - [generated in 0.00216s] {'typtype_1': 'e'}
2026-03-15 22:18:24,595 - sqlalchemy.engine.Engine - INFO - ROLLBACK
2026-03-15 22:18:24,795 - sqlalchemy.engine.Engine - INFO - BEGIN (implicit)
2026-03-15 22:18:24,795 - sqlalchemy.engine.Engine - INFO - INSERT INTO "roles" ("id", "nombre", "descripcion", "created_at", "updated_at") VALUES (%(id)s, %(nombre)s, %(descripcion)s, %(created_at)s, %(updated_at)s)
2026-03-15 22:18:24,800 - sqlalchemy.engine.Engine - INFO - [generated in 0.00181s] {'id': 1, 'nombre': 'Administrador', 'descripcion': 'Acceso total al sistema', 'created_at': '2026-02-27 19:06:51.451807', 'updated_at': '2026-02-27 19:06:51.451807'}
2026-03-15 22:18:25,193 - sqlalchemy.engine.Engine - INFO - COMMIT
2026-03-15 22:18:25,381 - sqlalchemy.engine.Engine - INFO - BEGIN (implicit)
2026-03-15 22:18:25,381 - sqlalchemy.engine.Engine - INFO - SELECT pg_catalog.pg_attribute.attname AS name, pg_catalog.format_type(pg_catalog.pg_attribute.atttypid, pg_catalog.pg_attribute.atttypmod) AS format_type, (SELECT pg_catalog.pg_get_expr(pg_catalog.pg_attrdef.adbin, pg_catalog.pg_attrdef.adrelid) AS pg_get_expr_1 
FROM pg_catalog.pg_attrdef 
WHERE pg_catalog.pg_attrdef.adrelid = pg_catalog.pg_attribute.attrelid AND pg_catalog.pg_attrdef.adnum = pg_catalog.pg_attribute.attnum AND pg_catalog.pg_attribute.atthasdef) AS "default", pg_catalog.pg_attribute.attnotnull AS not_null, pg_catalog.pg_class.relname AS table_name, pg_catalog.pg_description.description AS comment, pg_catalog.pg_attribute.attgenerated AS generated, (SELECT json_build_object(%(json_build_object_2)s, pg_catalog.pg_attribute.attidentity = %(attidentity_1)s, %(json_build_object_3)s, pg_catalog.pg_sequence.seqstart, %(json_build_object_4)s, pg_catalog.pg_sequence.seqincrement, %(json_build_object_5)s, pg_catalog.pg_sequence.seqmin, %(json_build_object_6)s, pg_catalog.pg_sequence.seqmax, %(json_build_object_7)s, pg_catalog.pg_sequence.seqcache, %(json_build_object_8)s, pg_catalog.pg_sequence.seqcycle) AS json_build_object_1 
FROM pg_catalog.pg_sequence 
WHERE pg_catalog.pg_attribute.attidentity != %(attidentity_2)s AND pg_catalog.pg_sequence.seqrelid = CAST(CAST(pg_catalog.pg_get_serial_sequence(CAST(CAST(pg_catalog.pg_attribute.attrelid AS REGCLASS) AS TEXT), pg_catalog.pg_attribute.attname) AS REGCLASS) AS OID)) AS identity_options 
FROM pg_catalog.pg_class LEFT OUTER JOIN pg_catalog.pg_attribute ON pg_catalog.pg_class.oid = pg_catalog.pg_attribute.attrelid AND pg_catalog.pg_attribute.attnum > %(attnum_1)s AND NOT pg_catalog.pg_attribute.attisdropped LEFT OUTER JOIN pg_catalog.pg_description ON pg_catalog.pg_description.objoid = pg_catalog.pg_attribute.attrelid AND pg_catalog.pg_description.objsubid = pg_catalog.pg_attribute.attnum JOIN pg_catalog.pg_namespace ON pg_catalog.pg_namespace.oid = pg_catalog.pg_class.relnamespace 
WHERE pg_catalog.pg_class.relkind = ANY (ARRAY[%(param_1)s, %(param_2)s, %(param_3)s, %(param_4)s, %(param_5)s]) AND pg_catalog.pg_table_is_visible(pg_catalog.pg_class.oid) AND pg_catalog.pg_namespace.nspname != %(nspname_1)s AND pg_catalog.pg_class.relname IN (%(filter_names_1)s) ORDER BY pg_catalog.pg_class.relname, pg_catalog.pg_attribute.attnum
2026-03-15 22:18:25,385 - sqlalchemy.engine.Engine - INFO - [cached since 1.61s ago] {'json_build_object_2': 'always', 'attidentity_1': 'a', 'json_build_object_3': 'start', 'json_build_object_4': 'increment', 'json_build_object_5': 'minvalue', 'json_build_object_6': 'maxvalue', 'json_build_object_7': 'cache', 'json_build_object_8': 'cycle', 'attidentity_2': '', 'attnum_1': 0, 'param_1': 'r', 'param_2': 'p', 'param_3': 'f', 'param_4': 'v', 'param_5': 'm', 'nspname_1': 'pg_catalog', 'filter_names_1': 'usuarios'}
2026-03-15 22:18:25,747 - sqlalchemy.engine.Engine - INFO - ROLLBACK
2026-03-15 22:18:25,933 - sqlalchemy.engine.Engine - INFO - BEGIN (implicit)
2026-03-15 22:18:25,933 - sqlalchemy.engine.Engine - INFO - INSERT INTO "usuarios" ("id", "nombre_completo", "email", "usuario", "password_hash", "role_id", "activo", "ultimo_acceso", "created_at", "updated_at") VALUES (%(id)s, %(nombre_completo)s, %(email)s, %(usuario)s, %(password_hash)s, %(role_id)s, %(activo)s, %(ultimo_acceso)s, %(created_at)s, %(updated_at)s)
2026-03-15 22:18:25,942 - sqlalchemy.engine.Engine - INFO - [generated in 0.00201s] [{'id': 1, 'nombre_completo': 'Administrador del Sistema', 'email': 'admin@prevent.local', 'usuario': 'admin', 'password_hash': 'pbkdf2:sha256:600000$2uIfMOe3RZcdOXBh$eebe0335bdc5e302d398619e8b097b3a9802b66d9be05854a6780796bcaf54ab', 'role_id': 1, 'activo': 1, 'ultimo_acceso': None, 'created_at': '2026-02-27 19:06:51.868622', 'updated_at': '2026-02-27 19:06:51.868622'}, {'id': 2, 'nombre_completo': 'Usuario EASY', 'email': 'easy@prevent.local', 'usuario': 'EASY', 'password_hash': 'pbkdf2:sha256:600000$5vELuo1CKgo2ykpd$0dd96a170954c6e2b028d498a71a130ff0964c9f12cbceafd81fa1cadec4d790', 'role_id': 1, 'activo': 1, 'ultimo_acceso': None, 'created_at': '2026-02-27 19:15:21.205759', 'updated_at': '2026-02-27 19:15:21.205759'}]
2026-03-15 22:18:26,304 - sqlalchemy.engine.Engine - INFO - ROLLBACK
2026-03-15 22:20:45,333 - sqlalchemy.engine.Engine - INFO - select pg_catalog.version()
2026-03-15 22:20:45,333 - sqlalchemy.engine.Engine - INFO - [raw sql] {}
2026-03-15 22:20:45,722 - sqlalchemy.engine.Engine - INFO - select current_schema()
2026-03-15 22:20:45,722 - sqlalchemy.engine.Engine - INFO - [raw sql] {}
2026-03-15 22:20:46,097 - sqlalchemy.engine.Engine - INFO - show standard_conforming_strings
2026-03-15 22:20:46,097 - sqlalchemy.engine.Engine - INFO - [raw sql] {}
2026-03-15 22:20:46,472 - sqlalchemy.engine.Engine - INFO - BEGIN (implicit)
2026-03-15 22:20:46,489 - sqlalchemy.engine.Engine - INFO - SELECT pg_catalog.pg_class.relname 
FROM pg_catalog.pg_class JOIN pg_catalog.pg_namespace ON pg_catalog.pg_namespace.oid = pg_catalog.pg_class.relnamespace 
WHERE pg_catalog.pg_class.relname = %(table_name)s AND pg_catalog.pg_class.relkind = ANY (ARRAY[%(param_1)s, %(param_2)s, %(param_3)s, %(param_4)s, %(param_5)s]) AND pg_catalog.pg_table_is_visible(pg_catalog.pg_class.oid) AND pg_catalog.pg_namespace.nspname != %(nspname_1)s
2026-03-15 22:20:46,491 - sqlalchemy.engine.Engine - INFO - [generated in 0.00287s] {'table_name': 'roles', 'param_1': 'r', 'param_2': 'p', 'param_3': 'f', 'param_4': 'v', 'param_5': 'm', 'nspname_1': 'pg_catalog'}
2026-03-15 22:20:46,868 - sqlalchemy.engine.Engine - INFO - SELECT pg_catalog.pg_class.relname 
FROM pg_catalog.pg_class JOIN pg_catalog.pg_namespace ON pg_catalog.pg_namespace.oid = pg_catalog.pg_class.relnamespace 
WHERE pg_catalog.pg_class.relname = %(table_name)s AND pg_catalog.pg_class.relkind = ANY (ARRAY[%(param_1)s, %(param_2)s, %(param_3)s, %(param_4)s, %(param_5)s]) AND pg_catalog.pg_table_is_visible(pg_catalog.pg_class.oid) AND pg_catalog.pg_namespace.nspname != %(nspname_1)s
2026-03-15 22:20:46,868 - sqlalchemy.engine.Engine - INFO - [cached since 0.3824s ago] {'table_name': 'permisos', 'param_1': 'r', 'param_2': 'p', 'param_3': 'f', 'param_4': 'v', 'param_5': 'm', 'nspname_1': 'pg_catalog'}
2026-03-15 22:20:47,055 - sqlalchemy.engine.Engine - INFO - SELECT pg_catalog.pg_class.relname 
FROM pg_catalog.pg_class JOIN pg_catalog.pg_namespace ON pg_catalog.pg_namespace.oid = pg_catalog.pg_class.relnamespace 
WHERE pg_catalog.pg_class.relname = %(table_name)s AND pg_catalog.pg_class.relkind = ANY (ARRAY[%(param_1)s, %(param_2)s, %(param_3)s, %(param_4)s, %(param_5)s]) AND pg_catalog.pg_table_is_visible(pg_catalog.pg_class.oid) AND pg_catalog.pg_namespace.nspname != %(nspname_1)s
2026-03-15 22:20:47,055 - sqlalchemy.engine.Engine - INFO - [cached since 0.5679s ago] {'table_name': 'role_permiso', 'param_1': 'r', 'param_2': 'p', 'param_3': 'f', 'param_4': 'v', 'param_5': 'm', 'nspname_1': 'pg_catalog'}
2026-03-15 22:20:47,240 - sqlalchemy.engine.Engine - INFO - SELECT pg_catalog.pg_class.relname 
FROM pg_catalog.pg_class JOIN pg_catalog.pg_namespace ON pg_catalog.pg_namespace.oid = pg_catalog.pg_class.relnamespace 
WHERE pg_catalog.pg_class.relname = %(table_name)s AND pg_catalog.pg_class.relkind = ANY (ARRAY[%(param_1)s, %(param_2)s, %(param_3)s, %(param_4)s, %(param_5)s]) AND pg_catalog.pg_table_is_visible(pg_catalog.pg_class.oid) AND pg_catalog.pg_namespace.nspname != %(nspname_1)s
2026-03-15 22:20:47,243 - sqlalchemy.engine.Engine - INFO - [cached since 0.754s ago] {'table_name': 'usuarios', 'param_1': 'r', 'param_2': 'p', 'param_3': 'f', 'param_4': 'v', 'param_5': 'm', 'nspname_1': 'pg_catalog'}
2026-03-15 22:20:47,422 - sqlalchemy.engine.Engine - INFO - SELECT pg_catalog.pg_class.relname 
FROM pg_catalog.pg_class JOIN pg_catalog.pg_namespace ON pg_catalog.pg_namespace.oid = pg_catalog.pg_class.relnamespace 
WHERE pg_catalog.pg_class.relname = %(table_name)s AND pg_catalog.pg_class.relkind = ANY (ARRAY[%(param_1)s, %(param_2)s, %(param_3)s, %(param_4)s, %(param_5)s]) AND pg_catalog.pg_table_is_visible(pg_catalog.pg_class.oid) AND pg_catalog.pg_namespace.nspname != %(nspname_1)s
2026-03-15 22:20:47,422 - sqlalchemy.engine.Engine - INFO - [cached since 0.9441s ago] {'table_name': 'empleados', 'param_1': 'r', 'param_2': 'p', 'param_3': 'f', 'param_4': 'v', 'param_5': 'm', 'nspname_1': 'pg_catalog'}
2026-03-15 22:20:47,607 - sqlalchemy.engine.Engine - INFO - SELECT pg_catalog.pg_class.relname 
FROM pg_catalog.pg_class JOIN pg_catalog.pg_namespace ON pg_catalog.pg_namespace.oid = pg_catalog.pg_class.relnamespace 
WHERE pg_catalog.pg_class.relname = %(table_name)s AND pg_catalog.pg_class.relkind = ANY (ARRAY[%(param_1)s, %(param_2)s, %(param_3)s, %(param_4)s, %(param_5)s]) AND pg_catalog.pg_table_is_visible(pg_catalog.pg_class.oid) AND pg_catalog.pg_namespace.nspname != %(nspname_1)s
2026-03-15 22:20:47,620 - sqlalchemy.engine.Engine - INFO - [cached since 1.132s ago] {'table_name': 'tipos_novedad', 'param_1': 'r', 'param_2': 'p', 'param_3': 'f', 'param_4': 'v', 'param_5': 'm', 'nspname_1': 'pg_catalog'}
2026-03-15 22:20:47,807 - sqlalchemy.engine.Engine - INFO - SELECT pg_catalog.pg_class.relname 
FROM pg_catalog.pg_class JOIN pg_catalog.pg_namespace ON pg_catalog.pg_namespace.oid = pg_catalog.pg_class.relnamespace 
WHERE pg_catalog.pg_class.relname = %(table_name)s AND pg_catalog.pg_class.relkind = ANY (ARRAY[%(param_1)s, %(param_2)s, %(param_3)s, %(param_4)s, %(param_5)s]) AND pg_catalog.pg_table_is_visible(pg_catalog.pg_class.oid) AND pg_catalog.pg_namespace.nspname != %(nspname_1)s
2026-03-15 22:20:47,810 - sqlalchemy.engine.Engine - INFO - [cached since 1.322s ago] {'table_name': 'novedades', 'param_1': 'r', 'param_2': 'p', 'param_3': 'f', 'param_4': 'v', 'param_5': 'm', 'nspname_1': 'pg_catalog'}
2026-03-15 22:20:47,992 - sqlalchemy.engine.Engine - INFO - SELECT pg_catalog.pg_class.relname 
FROM pg_catalog.pg_class JOIN pg_catalog.pg_namespace ON pg_catalog.pg_namespace.oid = pg_catalog.pg_class.relnamespace 
WHERE pg_catalog.pg_class.relname = %(table_name)s AND pg_catalog.pg_class.relkind = ANY (ARRAY[%(param_1)s, %(param_2)s, %(param_3)s, %(param_4)s, %(param_5)s]) AND pg_catalog.pg_table_is_visible(pg_catalog.pg_class.oid) AND pg_catalog.pg_namespace.nspname != %(nspname_1)s
2026-03-15 22:20:47,992 - sqlalchemy.engine.Engine - INFO - [cached since 1.507s ago] {'table_name': 'novedades_aplicadas', 'param_1': 'r', 'param_2': 'p', 'param_3': 'f', 'param_4': 'v', 'param_5': 'm', 'nspname_1': 'pg_catalog'}
2026-03-15 22:20:48,194 - sqlalchemy.engine.Engine - INFO - SELECT pg_catalog.pg_class.relname 
FROM pg_catalog.pg_class JOIN pg_catalog.pg_namespace ON pg_catalog.pg_namespace.oid = pg_catalog.pg_class.relnamespace 
WHERE pg_catalog.pg_class.relname = %(table_name)s AND pg_catalog.pg_class.relkind = ANY (ARRAY[%(param_1)s, %(param_2)s, %(param_3)s, %(param_4)s, %(param_5)s]) AND pg_catalog.pg_table_is_visible(pg_catalog.pg_class.oid) AND pg_catalog.pg_namespace.nspname != %(nspname_1)s
2026-03-15 22:20:48,194 - sqlalchemy.engine.Engine - INFO - [cached since 1.716s ago] {'table_name': 'conceptos_automaticos', 'param_1': 'r', 'param_2': 'p', 'param_3': 'f', 'param_4': 'v', 'param_5': 'm', 'nspname_1': 'pg_catalog'}
2026-03-15 22:20:48,380 - sqlalchemy.engine.Engine - INFO - SELECT pg_catalog.pg_class.relname 
FROM pg_catalog.pg_class JOIN pg_catalog.pg_namespace ON pg_catalog.pg_namespace.oid = pg_catalog.pg_class.relnamespace 
WHERE pg_catalog.pg_class.relname = %(table_name)s AND pg_catalog.pg_class.relkind = ANY (ARRAY[%(param_1)s, %(param_2)s, %(param_3)s, %(param_4)s, %(param_5)s]) AND pg_catalog.pg_table_is_visible(pg_catalog.pg_class.oid) AND pg_catalog.pg_namespace.nspname != %(nspname_1)s
2026-03-15 22:20:48,380 - sqlalchemy.engine.Engine - INFO - [cached since 1.902s ago] {'table_name': 'quincenas', 'param_1': 'r', 'param_2': 'p', 'param_3': 'f', 'param_4': 'v', 'param_5': 'm', 'nspname_1': 'pg_catalog'}
2026-03-15 22:20:48,576 - sqlalchemy.engine.Engine - INFO - SELECT pg_catalog.pg_class.relname 
FROM pg_catalog.pg_class JOIN pg_catalog.pg_namespace ON pg_catalog.pg_namespace.oid = pg_catalog.pg_class.relnamespace 
WHERE pg_catalog.pg_class.relname = %(table_name)s AND pg_catalog.pg_class.relkind = ANY (ARRAY[%(param_1)s, %(param_2)s, %(param_3)s, %(param_4)s, %(param_5)s]) AND pg_catalog.pg_table_is_visible(pg_catalog.pg_class.oid) AND pg_catalog.pg_namespace.nspname != %(nspname_1)s
2026-03-15 22:20:48,592 - sqlalchemy.engine.Engine - INFO - [cached since 2.104s ago] {'table_name': 'liquidos_quincena', 'param_1': 'r', 'param_2': 'p', 'param_3': 'f', 'param_4': 'v', 'param_5': 'm', 'nspname_1': 'pg_catalog'}
2026-03-15 22:20:48,786 - sqlalchemy.engine.Engine - INFO - SELECT pg_catalog.pg_class.relname 
FROM pg_catalog.pg_class JOIN pg_catalog.pg_namespace ON pg_catalog.pg_namespace.oid = pg_catalog.pg_class.relnamespace 
WHERE pg_catalog.pg_class.relname = %(table_name)s AND pg_catalog.pg_class.relkind = ANY (ARRAY[%(param_1)s, %(param_2)s, %(param_3)s, %(param_4)s, %(param_5)s]) AND pg_catalog.pg_table_is_visible(pg_catalog.pg_class.oid) AND pg_catalog.pg_namespace.nspname != %(nspname_1)s
2026-03-15 22:20:48,786 - sqlalchemy.engine.Engine - INFO - [cached since 2.3s ago] {'table_name': 'pagos', 'param_1': 'r', 'param_2': 'p', 'param_3': 'f', 'param_4': 'v', 'param_5': 'm', 'nspname_1': 'pg_catalog'}
2026-03-15 22:20:48,978 - sqlalchemy.engine.Engine - INFO - SELECT pg_catalog.pg_class.relname 
FROM pg_catalog.pg_class JOIN pg_catalog.pg_namespace ON pg_catalog.pg_namespace.oid = pg_catalog.pg_class.relnamespace 
WHERE pg_catalog.pg_class.relname = %(table_name)s AND pg_catalog.pg_class.relkind = ANY (ARRAY[%(param_1)s, %(param_2)s, %(param_3)s, %(param_4)s, %(param_5)s]) AND pg_catalog.pg_table_is_visible(pg_catalog.pg_class.oid) AND pg_catalog.pg_namespace.nspname != %(nspname_1)s
2026-03-15 22:20:48,978 - sqlalchemy.engine.Engine - INFO - [cached since 2.492s ago] {'table_name': 'empresa', 'param_1': 'r', 'param_2': 'p', 'param_3': 'f', 'param_4': 'v', 'param_5': 'm', 'nspname_1': 'pg_catalog'}
2026-03-15 22:20:49,166 - sqlalchemy.engine.Engine - INFO - SELECT pg_catalog.pg_class.relname 
FROM pg_catalog.pg_class JOIN pg_catalog.pg_namespace ON pg_catalog.pg_namespace.oid = pg_catalog.pg_class.relnamespace 
WHERE pg_catalog.pg_class.relname = %(table_name)s AND pg_catalog.pg_class.relkind = ANY (ARRAY[%(param_1)s, %(param_2)s, %(param_3)s, %(param_4)s, %(param_5)s]) AND pg_catalog.pg_table_is_visible(pg_catalog.pg_class.oid) AND pg_catalog.pg_namespace.nspname != %(nspname_1)s
2026-03-15 22:20:49,166 - sqlalchemy.engine.Engine - INFO - [cached since 2.685s ago] {'table_name': 'parametros_descuentos', 'param_1': 'r', 'param_2': 'p', 'param_3': 'f', 'param_4': 'v', 'param_5': 'm', 'nspname_1': 'pg_catalog'}
2026-03-15 22:20:49,350 - sqlalchemy.engine.Engine - INFO - SELECT pg_catalog.pg_class.relname 
FROM pg_catalog.pg_class JOIN pg_catalog.pg_namespace ON pg_catalog.pg_namespace.oid = pg_catalog.pg_class.relnamespace 
WHERE pg_catalog.pg_class.relname = %(table_name)s AND pg_catalog.pg_class.relkind = ANY (ARRAY[%(param_1)s, %(param_2)s, %(param_3)s, %(param_4)s, %(param_5)s]) AND pg_catalog.pg_table_is_visible(pg_catalog.pg_class.oid) AND pg_catalog.pg_namespace.nspname != %(nspname_1)s
2026-03-15 22:20:49,350 - sqlalchemy.engine.Engine - INFO - [cached since 2.872s ago] {'table_name': 'audit_logs', 'param_1': 'r', 'param_2': 'p', 'param_3': 'f', 'param_4': 'v', 'param_5': 'm', 'nspname_1': 'pg_catalog'}
2026-03-15 22:20:49,546 - sqlalchemy.engine.Engine - INFO - SELECT pg_catalog.pg_class.relname 
FROM pg_catalog.pg_class JOIN pg_catalog.pg_namespace ON pg_catalog.pg_namespace.oid = pg_catalog.pg_class.relnamespace 
WHERE pg_catalog.pg_class.relname = %(table_name)s AND pg_catalog.pg_class.relkind = ANY (ARRAY[%(param_1)s, %(param_2)s, %(param_3)s, %(param_4)s, %(param_5)s]) AND pg_catalog.pg_table_is_visible(pg_catalog.pg_class.oid) AND pg_catalog.pg_namespace.nspname != %(nspname_1)s
2026-03-15 22:20:49,546 - sqlalchemy.engine.Engine - INFO - [cached since 3.06s ago] {'table_name': 'servicios', 'param_1': 'r', 'param_2': 'p', 'param_3': 'f', 'param_4': 'v', 'param_5': 'm', 'nspname_1': 'pg_catalog'}
2026-03-15 22:20:49,731 - sqlalchemy.engine.Engine - INFO - SELECT pg_catalog.pg_class.relname 
FROM pg_catalog.pg_class JOIN pg_catalog.pg_namespace ON pg_catalog.pg_namespace.oid = pg_catalog.pg_class.relnamespace 
WHERE pg_catalog.pg_class.relname = %(table_name)s AND pg_catalog.pg_class.relkind = ANY (ARRAY[%(param_1)s, %(param_2)s, %(param_3)s, %(param_4)s, %(param_5)s]) AND pg_catalog.pg_table_is_visible(pg_catalog.pg_class.oid) AND pg_catalog.pg_namespace.nspname != %(nspname_1)s
2026-03-15 22:20:49,731 - sqlalchemy.engine.Engine - INFO - [cached since 3.246s ago] {'table_name': 'servicios_novedades', 'param_1': 'r', 'param_2': 'p', 'param_3': 'f', 'param_4': 'v', 'param_5': 'm', 'nspname_1': 'pg_catalog'}
2026-03-15 22:20:49,915 - sqlalchemy.engine.Engine - INFO - SELECT pg_catalog.pg_class.relname 
FROM pg_catalog.pg_class JOIN pg_catalog.pg_namespace ON pg_catalog.pg_namespace.oid = pg_catalog.pg_class.relnamespace 
WHERE pg_catalog.pg_class.relname = %(table_name)s AND pg_catalog.pg_class.relkind = ANY (ARRAY[%(param_1)s, %(param_2)s, %(param_3)s, %(param_4)s, %(param_5)s]) AND pg_catalog.pg_table_is_visible(pg_catalog.pg_class.oid) AND pg_catalog.pg_namespace.nspname != %(nspname_1)s
2026-03-15 22:20:49,915 - sqlalchemy.engine.Engine - INFO - [cached since 3.43s ago] {'table_name': 'servicios_pagos', 'param_1': 'r', 'param_2': 'p', 'param_3': 'f', 'param_4': 'v', 'param_5': 'm', 'nspname_1': 'pg_catalog'}
2026-03-15 22:20:50,102 - sqlalchemy.engine.Engine - INFO - SELECT pg_catalog.pg_class.relname 
FROM pg_catalog.pg_class JOIN pg_catalog.pg_namespace ON pg_catalog.pg_namespace.oid = pg_catalog.pg_class.relnamespace 
WHERE pg_catalog.pg_class.relname = %(table_name)s AND pg_catalog.pg_class.relkind = ANY (ARRAY[%(param_1)s, %(param_2)s, %(param_3)s, %(param_4)s, %(param_5)s]) AND pg_catalog.pg_table_is_visible(pg_catalog.pg_class.oid) AND pg_catalog.pg_namespace.nspname != %(nspname_1)s
2026-03-15 22:20:50,102 - sqlalchemy.engine.Engine - INFO - [cached since 3.622s ago] {'table_name': 'servicios_periodos', 'param_1': 'r', 'param_2': 'p', 'param_3': 'f', 'param_4': 'v', 'param_5': 'm', 'nspname_1': 'pg_catalog'}
2026-03-15 22:20:50,300 - sqlalchemy.engine.Engine - INFO - SELECT pg_catalog.pg_class.relname 
FROM pg_catalog.pg_class JOIN pg_catalog.pg_namespace ON pg_catalog.pg_namespace.oid = pg_catalog.pg_class.relnamespace 
WHERE pg_catalog.pg_class.relname = %(table_name)s AND pg_catalog.pg_class.relkind = ANY (ARRAY[%(param_1)s, %(param_2)s, %(param_3)s, %(param_4)s, %(param_5)s]) AND pg_catalog.pg_table_is_visible(pg_catalog.pg_class.oid) AND pg_catalog.pg_namespace.nspname != %(nspname_1)s
2026-03-15 22:20:50,300 - sqlalchemy.engine.Engine - INFO - [cached since 3.814s ago] {'table_name': 'prestamos_empresa', 'param_1': 'r', 'param_2': 'p', 'param_3': 'f', 'param_4': 'v', 'param_5': 'm', 'nspname_1': 'pg_catalog'}
2026-03-15 22:20:50,484 - sqlalchemy.engine.Engine - INFO - SELECT pg_catalog.pg_class.relname 
FROM pg_catalog.pg_class JOIN pg_catalog.pg_namespace ON pg_catalog.pg_namespace.oid = pg_catalog.pg_class.relnamespace 
WHERE pg_catalog.pg_class.relname = %(table_name)s AND pg_catalog.pg_class.relkind = ANY (ARRAY[%(param_1)s, %(param_2)s, %(param_3)s, %(param_4)s, %(param_5)s]) AND pg_catalog.pg_table_is_visible(pg_catalog.pg_class.oid) AND pg_catalog.pg_namespace.nspname != %(nspname_1)s
2026-03-15 22:20:50,484 - sqlalchemy.engine.Engine - INFO - [cached since 4.005s ago] {'table_name': 'prestamos_novedades', 'param_1': 'r', 'param_2': 'p', 'param_3': 'f', 'param_4': 'v', 'param_5': 'm', 'nspname_1': 'pg_catalog'}
2026-03-15 22:20:50,667 - sqlalchemy.engine.Engine - INFO - SELECT pg_catalog.pg_class.relname 
FROM pg_catalog.pg_class JOIN pg_catalog.pg_namespace ON pg_catalog.pg_namespace.oid = pg_catalog.pg_class.relnamespace 
WHERE pg_catalog.pg_class.relname = %(table_name)s AND pg_catalog.pg_class.relkind = ANY (ARRAY[%(param_1)s, %(param_2)s, %(param_3)s, %(param_4)s, %(param_5)s]) AND pg_catalog.pg_table_is_visible(pg_catalog.pg_class.oid) AND pg_catalog.pg_namespace.nspname != %(nspname_1)s
2026-03-15 22:20:50,667 - sqlalchemy.engine.Engine - INFO - [cached since 4.192s ago] {'table_name': 'prestamos_pagos', 'param_1': 'r', 'param_2': 'p', 'param_3': 'f', 'param_4': 'v', 'param_5': 'm', 'nspname_1': 'pg_catalog'}
2026-03-15 22:20:50,852 - sqlalchemy.engine.Engine - INFO - COMMIT
2026-03-15 22:20:51,036 - app - INFO - [OK] Tablas de base de datos creadas/verificadas
2026-03-15 22:20:51,052 - sqlalchemy.engine.Engine - INFO - BEGIN (implicit)
2026-03-15 22:20:51,052 - sqlalchemy.engine.Engine - INFO - SELECT pg_catalog.pg_class.relname 
FROM pg_catalog.pg_class JOIN pg_catalog.pg_namespace ON pg_catalog.pg_namespace.oid = pg_catalog.pg_class.relnamespace 
WHERE pg_catalog.pg_class.relname = %(table_name)s AND pg_catalog.pg_class.relkind = ANY (ARRAY[%(param_1)s, %(param_2)s, %(param_3)s, %(param_4)s, %(param_5)s]) AND pg_catalog.pg_table_is_visible(pg_catalog.pg_class.oid) AND pg_catalog.pg_namespace.nspname != %(nspname_1)s
2026-03-15 22:20:51,056 - sqlalchemy.engine.Engine - INFO - [cached since 4.567s ago] {'table_name': 'roles', 'param_1': 'r', 'param_2': 'p', 'param_3': 'f', 'param_4': 'v', 'param_5': 'm', 'nspname_1': 'pg_catalog'}
2026-03-15 22:20:51,459 - sqlalchemy.engine.Engine - INFO - SELECT pg_catalog.pg_class.relname 
FROM pg_catalog.pg_class JOIN pg_catalog.pg_namespace ON pg_catalog.pg_namespace.oid = pg_catalog.pg_class.relnamespace 
WHERE pg_catalog.pg_class.relname = %(table_name)s AND pg_catalog.pg_class.relkind = ANY (ARRAY[%(param_1)s, %(param_2)s, %(param_3)s, %(param_4)s, %(param_5)s]) AND pg_catalog.pg_table_is_visible(pg_catalog.pg_class.oid) AND pg_catalog.pg_namespace.nspname != %(nspname_1)s
2026-03-15 22:20:51,461 - sqlalchemy.engine.Engine - INFO - [cached since 4.972s ago] {'table_name': 'permisos', 'param_1': 'r', 'param_2': 'p', 'param_3': 'f', 'param_4': 'v', 'param_5': 'm', 'nspname_1': 'pg_catalog'}
2026-03-15 22:20:51,638 - sqlalchemy.engine.Engine - INFO - SELECT pg_catalog.pg_class.relname 
FROM pg_catalog.pg_class JOIN pg_catalog.pg_namespace ON pg_catalog.pg_namespace.oid = pg_catalog.pg_class.relnamespace 
WHERE pg_catalog.pg_class.relname = %(table_name)s AND pg_catalog.pg_class.relkind = ANY (ARRAY[%(param_1)s, %(param_2)s, %(param_3)s, %(param_4)s, %(param_5)s]) AND pg_catalog.pg_table_is_visible(pg_catalog.pg_class.oid) AND pg_catalog.pg_namespace.nspname != %(nspname_1)s
2026-03-15 22:20:51,638 - sqlalchemy.engine.Engine - INFO - [cached since 5.16s ago] {'table_name': 'role_permiso', 'param_1': 'r', 'param_2': 'p', 'param_3': 'f', 'param_4': 'v', 'param_5': 'm', 'nspname_1': 'pg_catalog'}
2026-03-15 22:20:51,824 - sqlalchemy.engine.Engine - INFO - SELECT pg_catalog.pg_class.relname 
FROM pg_catalog.pg_class JOIN pg_catalog.pg_namespace ON pg_catalog.pg_namespace.oid = pg_catalog.pg_class.relnamespace 
WHERE pg_catalog.pg_class.relname = %(table_name)s AND pg_catalog.pg_class.relkind = ANY (ARRAY[%(param_1)s, %(param_2)s, %(param_3)s, %(param_4)s, %(param_5)s]) AND pg_catalog.pg_table_is_visible(pg_catalog.pg_class.oid) AND pg_catalog.pg_namespace.nspname != %(nspname_1)s
2026-03-15 22:20:51,824 - sqlalchemy.engine.Engine - INFO - [cached since 5.345s ago] {'table_name': 'usuarios', 'param_1': 'r', 'param_2': 'p', 'param_3': 'f', 'param_4': 'v', 'param_5': 'm', 'nspname_1': 'pg_catalog'}
2026-03-15 22:20:52,007 - sqlalchemy.engine.Engine - INFO - SELECT pg_catalog.pg_class.relname 
FROM pg_catalog.pg_class JOIN pg_catalog.pg_namespace ON pg_catalog.pg_namespace.oid = pg_catalog.pg_class.relnamespace 
WHERE pg_catalog.pg_class.relname = %(table_name)s AND pg_catalog.pg_class.relkind = ANY (ARRAY[%(param_1)s, %(param_2)s, %(param_3)s, %(param_4)s, %(param_5)s]) AND pg_catalog.pg_table_is_visible(pg_catalog.pg_class.oid) AND pg_catalog.pg_namespace.nspname != %(nspname_1)s
2026-03-15 22:20:52,022 - sqlalchemy.engine.Engine - INFO - [cached since 5.534s ago] {'table_name': 'empleados', 'param_1': 'r', 'param_2': 'p', 'param_3': 'f', 'param_4': 'v', 'param_5': 'm', 'nspname_1': 'pg_catalog'}
2026-03-15 22:20:52,206 - sqlalchemy.engine.Engine - INFO - SELECT pg_catalog.pg_class.relname 
FROM pg_catalog.pg_class JOIN pg_catalog.pg_namespace ON pg_catalog.pg_namespace.oid = pg_catalog.pg_class.relnamespace 
WHERE pg_catalog.pg_class.relname = %(table_name)s AND pg_catalog.pg_class.relkind = ANY (ARRAY[%(param_1)s, %(param_2)s, %(param_3)s, %(param_4)s, %(param_5)s]) AND pg_catalog.pg_table_is_visible(pg_catalog.pg_class.oid) AND pg_catalog.pg_namespace.nspname != %(nspname_1)s
2026-03-15 22:20:52,208 - sqlalchemy.engine.Engine - INFO - [cached since 5.719s ago] {'table_name': 'tipos_novedad', 'param_1': 'r', 'param_2': 'p', 'param_3': 'f', 'param_4': 'v', 'param_5': 'm', 'nspname_1': 'pg_catalog'}
2026-03-15 22:20:52,390 - sqlalchemy.engine.Engine - INFO - SELECT pg_catalog.pg_class.relname 
FROM pg_catalog.pg_class JOIN pg_catalog.pg_namespace ON pg_catalog.pg_namespace.oid = pg_catalog.pg_class.relnamespace 
WHERE pg_catalog.pg_class.relname = %(table_name)s AND pg_catalog.pg_class.relkind = ANY (ARRAY[%(param_1)s, %(param_2)s, %(param_3)s, %(param_4)s, %(param_5)s]) AND pg_catalog.pg_table_is_visible(pg_catalog.pg_class.oid) AND pg_catalog.pg_namespace.nspname != %(nspname_1)s
2026-03-15 22:20:52,390 - sqlalchemy.engine.Engine - INFO - [cached since 5.914s ago] {'table_name': 'novedades', 'param_1': 'r', 'param_2': 'p', 'param_3': 'f', 'param_4': 'v', 'param_5': 'm', 'nspname_1': 'pg_catalog'}
2026-03-15 22:20:52,585 - sqlalchemy.engine.Engine - INFO - SELECT pg_catalog.pg_class.relname 
FROM pg_catalog.pg_class JOIN pg_catalog.pg_namespace ON pg_catalog.pg_namespace.oid = pg_catalog.pg_class.relnamespace 
WHERE pg_catalog.pg_class.relname = %(table_name)s AND pg_catalog.pg_class.relkind = ANY (ARRAY[%(param_1)s, %(param_2)s, %(param_3)s, %(param_4)s, %(param_5)s]) AND pg_catalog.pg_table_is_visible(pg_catalog.pg_class.oid) AND pg_catalog.pg_namespace.nspname != %(nspname_1)s
2026-03-15 22:20:52,585 - sqlalchemy.engine.Engine - INFO - [cached since 6.1s ago] {'table_name': 'novedades_aplicadas', 'param_1': 'r', 'param_2': 'p', 'param_3': 'f', 'param_4': 'v', 'param_5': 'm', 'nspname_1': 'pg_catalog'}
2026-03-15 22:20:52,775 - sqlalchemy.engine.Engine - INFO - SELECT pg_catalog.pg_class.relname 
FROM pg_catalog.pg_class JOIN pg_catalog.pg_namespace ON pg_catalog.pg_namespace.oid = pg_catalog.pg_class.relnamespace 
WHERE pg_catalog.pg_class.relname = %(table_name)s AND pg_catalog.pg_class.relkind = ANY (ARRAY[%(param_1)s, %(param_2)s, %(param_3)s, %(param_4)s, %(param_5)s]) AND pg_catalog.pg_table_is_visible(pg_catalog.pg_class.oid) AND pg_catalog.pg_namespace.nspname != %(nspname_1)s
2026-03-15 22:20:52,775 - sqlalchemy.engine.Engine - INFO - [cached since 6.292s ago] {'table_name': 'conceptos_automaticos', 'param_1': 'r', 'param_2': 'p', 'param_3': 'f', 'param_4': 'v', 'param_5': 'm', 'nspname_1': 'pg_catalog'}
2026-03-15 22:20:52,971 - sqlalchemy.engine.Engine - INFO - SELECT pg_catalog.pg_class.relname 
FROM pg_catalog.pg_class JOIN pg_catalog.pg_namespace ON pg_catalog.pg_namespace.oid = pg_catalog.pg_class.relnamespace 
WHERE pg_catalog.pg_class.relname = %(table_name)s AND pg_catalog.pg_class.relkind = ANY (ARRAY[%(param_1)s, %(param_2)s, %(param_3)s, %(param_4)s, %(param_5)s]) AND pg_catalog.pg_table_is_visible(pg_catalog.pg_class.oid) AND pg_catalog.pg_namespace.nspname != %(nspname_1)s
2026-03-15 22:20:52,973 - sqlalchemy.engine.Engine - INFO - [cached since 6.485s ago] {'table_name': 'quincenas', 'param_1': 'r', 'param_2': 'p', 'param_3': 'f', 'param_4': 'v', 'param_5': 'm', 'nspname_1': 'pg_catalog'}
2026-03-15 22:20:53,176 - sqlalchemy.engine.Engine - INFO - SELECT pg_catalog.pg_class.relname 
FROM pg_catalog.pg_class JOIN pg_catalog.pg_namespace ON pg_catalog.pg_namespace.oid = pg_catalog.pg_class.relnamespace 
WHERE pg_catalog.pg_class.relname = %(table_name)s AND pg_catalog.pg_class.relkind = ANY (ARRAY[%(param_1)s, %(param_2)s, %(param_3)s, %(param_4)s, %(param_5)s]) AND pg_catalog.pg_table_is_visible(pg_catalog.pg_class.oid) AND pg_catalog.pg_namespace.nspname != %(nspname_1)s
2026-03-15 22:20:53,176 - sqlalchemy.engine.Engine - INFO - [cached since 6.69s ago] {'table_name': 'liquidos_quincena', 'param_1': 'r', 'param_2': 'p', 'param_3': 'f', 'param_4': 'v', 'param_5': 'm', 'nspname_1': 'pg_catalog'}
2026-03-15 22:20:53,363 - sqlalchemy.engine.Engine - INFO - SELECT pg_catalog.pg_class.relname 
FROM pg_catalog.pg_class JOIN pg_catalog.pg_namespace ON pg_catalog.pg_namespace.oid = pg_catalog.pg_class.relnamespace 
WHERE pg_catalog.pg_class.relname = %(table_name)s AND pg_catalog.pg_class.relkind = ANY (ARRAY[%(param_1)s, %(param_2)s, %(param_3)s, %(param_4)s, %(param_5)s]) AND pg_catalog.pg_table_is_visible(pg_catalog.pg_class.oid) AND pg_catalog.pg_namespace.nspname != %(nspname_1)s
2026-03-15 22:20:53,363 - sqlalchemy.engine.Engine - INFO - [cached since 6.876s ago] {'table_name': 'pagos', 'param_1': 'r', 'param_2': 'p', 'param_3': 'f', 'param_4': 'v', 'param_5': 'm', 'nspname_1': 'pg_catalog'}
2026-03-15 22:20:53,545 - sqlalchemy.engine.Engine - INFO - SELECT pg_catalog.pg_class.relname 
FROM pg_catalog.pg_class JOIN pg_catalog.pg_namespace ON pg_catalog.pg_namespace.oid = pg_catalog.pg_class.relnamespace 
WHERE pg_catalog.pg_class.relname = %(table_name)s AND pg_catalog.pg_class.relkind = ANY (ARRAY[%(param_1)s, %(param_2)s, %(param_3)s, %(param_4)s, %(param_5)s]) AND pg_catalog.pg_table_is_visible(pg_catalog.pg_class.oid) AND pg_catalog.pg_namespace.nspname != %(nspname_1)s
2026-03-15 22:20:53,545 - sqlalchemy.engine.Engine - INFO - [cached since 7.066s ago] {'table_name': 'empresa', 'param_1': 'r', 'param_2': 'p', 'param_3': 'f', 'param_4': 'v', 'param_5': 'm', 'nspname_1': 'pg_catalog'}
2026-03-15 22:20:53,731 - sqlalchemy.engine.Engine - INFO - SELECT pg_catalog.pg_class.relname 
FROM pg_catalog.pg_class JOIN pg_catalog.pg_namespace ON pg_catalog.pg_namespace.oid = pg_catalog.pg_class.relnamespace 
WHERE pg_catalog.pg_class.relname = %(table_name)s AND pg_catalog.pg_class.relkind = ANY (ARRAY[%(param_1)s, %(param_2)s, %(param_3)s, %(param_4)s, %(param_5)s]) AND pg_catalog.pg_table_is_visible(pg_catalog.pg_class.oid) AND pg_catalog.pg_namespace.nspname != %(nspname_1)s
2026-03-15 22:20:53,731 - sqlalchemy.engine.Engine - INFO - [cached since 7.252s ago] {'table_name': 'parametros_descuentos', 'param_1': 'r', 'param_2': 'p', 'param_3': 'f', 'param_4': 'v', 'param_5': 'm', 'nspname_1': 'pg_catalog'}
2026-03-15 22:20:53,962 - sqlalchemy.engine.Engine - INFO - SELECT pg_catalog.pg_class.relname 
FROM pg_catalog.pg_class JOIN pg_catalog.pg_namespace ON pg_catalog.pg_namespace.oid = pg_catalog.pg_class.relnamespace 
WHERE pg_catalog.pg_class.relname = %(table_name)s AND pg_catalog.pg_class.relkind = ANY (ARRAY[%(param_1)s, %(param_2)s, %(param_3)s, %(param_4)s, %(param_5)s]) AND pg_catalog.pg_table_is_visible(pg_catalog.pg_class.oid) AND pg_catalog.pg_namespace.nspname != %(nspname_1)s
2026-03-15 22:20:53,962 - sqlalchemy.engine.Engine - INFO - [cached since 7.477s ago] {'table_name': 'audit_logs', 'param_1': 'r', 'param_2': 'p', 'param_3': 'f', 'param_4': 'v', 'param_5': 'm', 'nspname_1': 'pg_catalog'}
2026-03-15 22:20:54,147 - sqlalchemy.engine.Engine - INFO - SELECT pg_catalog.pg_class.relname 
FROM pg_catalog.pg_class JOIN pg_catalog.pg_namespace ON pg_catalog.pg_namespace.oid = pg_catalog.pg_class.relnamespace 
WHERE pg_catalog.pg_class.relname = %(table_name)s AND pg_catalog.pg_class.relkind = ANY (ARRAY[%(param_1)s, %(param_2)s, %(param_3)s, %(param_4)s, %(param_5)s]) AND pg_catalog.pg_table_is_visible(pg_catalog.pg_class.oid) AND pg_catalog.pg_namespace.nspname != %(nspname_1)s
2026-03-15 22:20:54,147 - sqlalchemy.engine.Engine - INFO - [cached since 7.664s ago] {'table_name': 'servicios', 'param_1': 'r', 'param_2': 'p', 'param_3': 'f', 'param_4': 'v', 'param_5': 'm', 'nspname_1': 'pg_catalog'}
2026-03-15 22:20:54,333 - sqlalchemy.engine.Engine - INFO - SELECT pg_catalog.pg_class.relname 
FROM pg_catalog.pg_class JOIN pg_catalog.pg_namespace ON pg_catalog.pg_namespace.oid = pg_catalog.pg_class.relnamespace 
WHERE pg_catalog.pg_class.relname = %(table_name)s AND pg_catalog.pg_class.relkind = ANY (ARRAY[%(param_1)s, %(param_2)s, %(param_3)s, %(param_4)s, %(param_5)s]) AND pg_catalog.pg_table_is_visible(pg_catalog.pg_class.oid) AND pg_catalog.pg_namespace.nspname != %(nspname_1)s
2026-03-15 22:20:54,333 - sqlalchemy.engine.Engine - INFO - [cached since 7.855s ago] {'table_name': 'servicios_novedades', 'param_1': 'r', 'param_2': 'p', 'param_3': 'f', 'param_4': 'v', 'param_5': 'm', 'nspname_1': 'pg_catalog'}
2026-03-15 22:20:54,515 - sqlalchemy.engine.Engine - INFO - SELECT pg_catalog.pg_class.relname 
FROM pg_catalog.pg_class JOIN pg_catalog.pg_namespace ON pg_catalog.pg_namespace.oid = pg_catalog.pg_class.relnamespace 
WHERE pg_catalog.pg_class.relname = %(table_name)s AND pg_catalog.pg_class.relkind = ANY (ARRAY[%(param_1)s, %(param_2)s, %(param_3)s, %(param_4)s, %(param_5)s]) AND pg_catalog.pg_table_is_visible(pg_catalog.pg_class.oid) AND pg_catalog.pg_namespace.nspname != %(nspname_1)s
2026-03-15 22:20:54,515 - sqlalchemy.engine.Engine - INFO - [cached since 8.041s ago] {'table_name': 'servicios_pagos', 'param_1': 'r', 'param_2': 'p', 'param_3': 'f', 'param_4': 'v', 'param_5': 'm', 'nspname_1': 'pg_catalog'}
2026-03-15 22:20:54,718 - sqlalchemy.engine.Engine - INFO - SELECT pg_catalog.pg_class.relname 
FROM pg_catalog.pg_class JOIN pg_catalog.pg_namespace ON pg_catalog.pg_namespace.oid = pg_catalog.pg_class.relnamespace 
WHERE pg_catalog.pg_class.relname = %(table_name)s AND pg_catalog.pg_class.relkind = ANY (ARRAY[%(param_1)s, %(param_2)s, %(param_3)s, %(param_4)s, %(param_5)s]) AND pg_catalog.pg_table_is_visible(pg_catalog.pg_class.oid) AND pg_catalog.pg_namespace.nspname != %(nspname_1)s
2026-03-15 22:20:54,718 - sqlalchemy.engine.Engine - INFO - [cached since 8.235s ago] {'table_name': 'servicios_periodos', 'param_1': 'r', 'param_2': 'p', 'param_3': 'f', 'param_4': 'v', 'param_5': 'm', 'nspname_1': 'pg_catalog'}
2026-03-15 22:20:54,899 - sqlalchemy.engine.Engine - INFO - SELECT pg_catalog.pg_class.relname 
FROM pg_catalog.pg_class JOIN pg_catalog.pg_namespace ON pg_catalog.pg_namespace.oid = pg_catalog.pg_class.relnamespace 
WHERE pg_catalog.pg_class.relname = %(table_name)s AND pg_catalog.pg_class.relkind = ANY (ARRAY[%(param_1)s, %(param_2)s, %(param_3)s, %(param_4)s, %(param_5)s]) AND pg_catalog.pg_table_is_visible(pg_catalog.pg_class.oid) AND pg_catalog.pg_namespace.nspname != %(nspname_1)s
2026-03-15 22:20:54,899 - sqlalchemy.engine.Engine - INFO - [cached since 8.423s ago] {'table_name': 'prestamos_empresa', 'param_1': 'r', 'param_2': 'p', 'param_3': 'f', 'param_4': 'v', 'param_5': 'm', 'nspname_1': 'pg_catalog'}
2026-03-15 22:20:55,084 - sqlalchemy.engine.Engine - INFO - SELECT pg_catalog.pg_class.relname 
FROM pg_catalog.pg_class JOIN pg_catalog.pg_namespace ON pg_catalog.pg_namespace.oid = pg_catalog.pg_class.relnamespace 
WHERE pg_catalog.pg_class.relname = %(table_name)s AND pg_catalog.pg_class.relkind = ANY (ARRAY[%(param_1)s, %(param_2)s, %(param_3)s, %(param_4)s, %(param_5)s]) AND pg_catalog.pg_table_is_visible(pg_catalog.pg_class.oid) AND pg_catalog.pg_namespace.nspname != %(nspname_1)s
2026-03-15 22:20:55,099 - sqlalchemy.engine.Engine - INFO - [cached since 8.61s ago] {'table_name': 'prestamos_novedades', 'param_1': 'r', 'param_2': 'p', 'param_3': 'f', 'param_4': 'v', 'param_5': 'm', 'nspname_1': 'pg_catalog'}
2026-03-15 22:20:55,284 - sqlalchemy.engine.Engine - INFO - SELECT pg_catalog.pg_class.relname 
FROM pg_catalog.pg_class JOIN pg_catalog.pg_namespace ON pg_catalog.pg_namespace.oid = pg_catalog.pg_class.relnamespace 
WHERE pg_catalog.pg_class.relname = %(table_name)s AND pg_catalog.pg_class.relkind = ANY (ARRAY[%(param_1)s, %(param_2)s, %(param_3)s, %(param_4)s, %(param_5)s]) AND pg_catalog.pg_table_is_visible(pg_catalog.pg_class.oid) AND pg_catalog.pg_namespace.nspname != %(nspname_1)s
2026-03-15 22:20:55,286 - sqlalchemy.engine.Engine - INFO - [cached since 8.797s ago] {'table_name': 'prestamos_pagos', 'param_1': 'r', 'param_2': 'p', 'param_3': 'f', 'param_4': 'v', 'param_5': 'm', 'nspname_1': 'pg_catalog'}
2026-03-15 22:20:55,468 - sqlalchemy.engine.Engine - INFO - COMMIT
2026-03-15 22:20:55,668 - sqlalchemy.engine.Engine - INFO - BEGIN (implicit)
2026-03-15 22:20:55,668 - sqlalchemy.engine.Engine - INFO - SELECT pg_catalog.pg_class.relname 
FROM pg_catalog.pg_class JOIN pg_catalog.pg_namespace ON pg_catalog.pg_namespace.oid = pg_catalog.pg_class.relnamespace 
WHERE pg_catalog.pg_class.relkind = ANY (ARRAY[%(param_1)s, %(param_2)s]) AND pg_catalog.pg_class.relpersistence != %(relpersistence_1)s AND pg_catalog.pg_table_is_visible(pg_catalog.pg_class.oid) AND pg_catalog.pg_namespace.nspname != %(nspname_1)s
2026-03-15 22:20:55,672 - sqlalchemy.engine.Engine - INFO - [generated in 0.00415s] {'param_1': 'r', 'param_2': 'p', 'relpersistence_1': 't', 'nspname_1': 'pg_catalog'}
2026-03-15 22:20:56,032 - sqlalchemy.engine.Engine - INFO - ROLLBACK
2026-03-15 22:20:56,223 - sqlalchemy.engine.Engine - INFO - BEGIN (implicit)
2026-03-15 22:20:56,223 - sqlalchemy.engine.Engine - INFO - TRUNCATE TABLE "novedades_aplicadas", "prestamos_pagos", "servicios_pagos", "pagos", "audit_logs", "prestamos_novedades", "servicios_novedades", "liquidos_quincena", "novedades", "prestamos_empresa", "servicios_periodos", "servicios", "parametros_descuentos", "empresa", "quincenas", "conceptos_automaticos", "tipos_novedad", "empleados", "usuarios", "role_permiso", "permisos", "roles" RESTART IDENTITY CASCADE
2026-03-15 22:20:56,229 - sqlalchemy.engine.Engine - INFO - [generated in 0.00239s] {}
2026-03-15 22:20:56,608 - sqlalchemy.engine.Engine - INFO - COMMIT
2026-03-15 22:20:56,847 - sqlalchemy.engine.Engine - INFO - BEGIN (implicit)
2026-03-15 22:20:56,850 - sqlalchemy.engine.Engine - INFO - SELECT pg_catalog.pg_class.oid, pg_catalog.pg_class.relname 
FROM pg_catalog.pg_class JOIN pg_catalog.pg_namespace ON pg_catalog.pg_namespace.oid = pg_catalog.pg_class.relnamespace 
WHERE pg_catalog.pg_class.relkind = ANY (ARRAY[%(param_1)s, %(param_2)s, %(param_3)s, %(param_4)s, %(param_5)s]) AND pg_catalog.pg_table_is_visible(pg_catalog.pg_class.oid) AND pg_catalog.pg_namespace.nspname != %(nspname_1)s AND pg_catalog.pg_class.relname IN (%(filter_names_1)s)
2026-03-15 22:20:56,852 - sqlalchemy.engine.Engine - INFO - [generated in 0.00405s] {'param_1': 'r', 'param_2': 'p', 'param_3': 'f', 'param_4': 'v', 'param_5': 'm', 'nspname_1': 'pg_catalog', 'filter_names_1': 'roles'}
2026-03-15 22:20:57,236 - sqlalchemy.engine.Engine - INFO - SELECT attr.conrelid, array_agg(CAST(attr.attname AS TEXT) ORDER BY attr.ord) AS cols, attr.conname, min(attr.description) AS description, NULL AS extra 
FROM (SELECT con.conrelid AS conrelid, con.conname AS conname, con.conindid AS conindid, con.description AS description, con.ord AS ord, pg_catalog.pg_attribute.attname AS attname 
FROM pg_catalog.pg_attribute JOIN (SELECT pg_catalog.pg_constraint.conrelid AS conrelid, pg_catalog.pg_constraint.conname AS conname, pg_catalog.pg_constraint.conindid AS conindid, unnest(pg_catalog.pg_constraint.conkey) AS attnum, generate_subscripts(pg_catalog.pg_constraint.conkey, %(generate_subscripts_1)s) AS ord, pg_catalog.pg_description.description AS description 
FROM pg_catalog.pg_constraint LEFT OUTER JOIN pg_catalog.pg_description ON pg_catalog.pg_description.objoid = pg_catalog.pg_constraint.oid 
WHERE pg_catalog.pg_constraint.contype = %(contype)s AND pg_catalog.pg_constraint.conrelid IN (%(oids_1)s)) AS con ON pg_catalog.pg_attribute.attnum = con.attnum AND pg_catalog.pg_attribute.attrelid = con.conrelid 
WHERE con.conrelid IN (%(oids_1)s)) AS attr GROUP BY attr.conrelid, attr.conname ORDER BY attr.conrelid, attr.conname
2026-03-15 22:20:57,236 - sqlalchemy.engine.Engine - INFO - [generated in 0.00244s] {'generate_subscripts_1': 1, 'contype': 'p', 'oids_1': 16390}
2026-03-15 22:20:57,426 - sqlalchemy.engine.Engine - INFO - ROLLBACK
2026-03-15 22:20:57,612 - sqlalchemy.engine.Engine - INFO - BEGIN (implicit)
2026-03-15 22:20:57,612 - sqlalchemy.engine.Engine - INFO - 
                SELECT setval(
                    pg_get_serial_sequence('roles', 'id'),
                    COALESCE(MAX(id), 1),
                    MAX(id) IS NOT NULL
                )
                FROM "roles"
                
2026-03-15 22:20:57,612 - sqlalchemy.engine.Engine - INFO - [generated in 0.00191s] {}
2026-03-15 22:20:59,304 - sqlalchemy.engine.Engine - INFO - BEGIN (implicit)
2026-03-15 22:20:59,317 - sqlalchemy.engine.Engine - INFO - SELECT pg_catalog.pg_class.oid, pg_catalog.pg_class.relname 
FROM pg_catalog.pg_class JOIN pg_catalog.pg_namespace ON pg_catalog.pg_namespace.oid = pg_catalog.pg_class.relnamespace 
WHERE pg_catalog.pg_class.relkind = ANY (ARRAY[%(param_1)s, %(param_2)s, %(param_3)s, %(param_4)s, %(param_5)s]) AND pg_catalog.pg_table_is_visible(pg_catalog.pg_class.oid) AND pg_catalog.pg_namespace.nspname != %(nspname_1)s AND pg_catalog.pg_class.relname IN (%(filter_names_1)s)
2026-03-15 22:20:59,317 - sqlalchemy.engine.Engine - INFO - [cached since 2.47s ago] {'param_1': 'r', 'param_2': 'p', 'param_3': 'f', 'param_4': 'v', 'param_5': 'm', 'nspname_1': 'pg_catalog', 'filter_names_1': 'permisos'}
2026-03-15 22:20:59,679 - sqlalchemy.engine.Engine - INFO - SELECT attr.conrelid, array_agg(CAST(attr.attname AS TEXT) ORDER BY attr.ord) AS cols, attr.conname, min(attr.description) AS description, NULL AS extra 
FROM (SELECT con.conrelid AS conrelid, con.conname AS conname, con.conindid AS conindid, con.description AS description, con.ord AS ord, pg_catalog.pg_attribute.attname AS attname 
FROM pg_catalog.pg_attribute JOIN (SELECT pg_catalog.pg_constraint.conrelid AS conrelid, pg_catalog.pg_constraint.conname AS conname, pg_catalog.pg_constraint.conindid AS conindid, unnest(pg_catalog.pg_constraint.conkey) AS attnum, generate_subscripts(pg_catalog.pg_constraint.conkey, %(generate_subscripts_1)s) AS ord, pg_catalog.pg_description.description AS description 
FROM pg_catalog.pg_constraint LEFT OUTER JOIN pg_catalog.pg_description ON pg_catalog.pg_description.objoid = pg_catalog.pg_constraint.oid 
WHERE pg_catalog.pg_constraint.contype = %(contype)s AND pg_catalog.pg_constraint.conrelid IN (%(oids_1)s)) AS con ON pg_catalog.pg_attribute.attnum = con.attnum AND pg_catalog.pg_attribute.attrelid = con.conrelid 
WHERE con.conrelid IN (%(oids_1)s)) AS attr GROUP BY attr.conrelid, attr.conname ORDER BY attr.conrelid, attr.conname
2026-03-15 22:20:59,679 - sqlalchemy.engine.Engine - INFO - [cached since 2.446s ago] {'generate_subscripts_1': 1, 'contype': 'p', 'oids_1': 16401}
2026-03-15 22:20:59,867 - sqlalchemy.engine.Engine - INFO - ROLLBACK
2026-03-15 22:21:00,060 - sqlalchemy.engine.Engine - INFO - 
                SELECT setval(
                    pg_get_serial_sequence('permisos', 'id'),
                    COALESCE(MAX(id), 1),
                    MAX(id) IS NOT NULL
                )
                FROM "permisos"
                
2026-03-15 22:21:00,060 - sqlalchemy.engine.Engine - INFO - [generated in 0.00194s] {}
2026-03-15 22:21:00,250 - sqlalchemy.engine.Engine - INFO - BEGIN (implicit)
2026-03-15 22:21:00,250 - sqlalchemy.engine.Engine - INFO - SELECT pg_catalog.pg_class.oid, pg_catalog.pg_class.relname 
FROM pg_catalog.pg_class JOIN pg_catalog.pg_namespace ON pg_catalog.pg_namespace.oid = pg_catalog.pg_class.relnamespace 
WHERE pg_catalog.pg_class.relkind = ANY (ARRAY[%(param_1)s, %(param_2)s, %(param_3)s, %(param_4)s, %(param_5)s]) AND pg_catalog.pg_table_is_visible(pg_catalog.pg_class.oid) AND pg_catalog.pg_namespace.nspname != %(nspname_1)s AND pg_catalog.pg_class.relname IN (%(filter_names_1)s)
2026-03-15 22:21:00,250 - sqlalchemy.engine.Engine - INFO - [cached since 3.407s ago] {'param_1': 'r', 'param_2': 'p', 'param_3': 'f', 'param_4': 'v', 'param_5': 'm', 'nspname_1': 'pg_catalog', 'filter_names_1': 'role_permiso'}
2026-03-15 22:21:00,638 - sqlalchemy.engine.Engine - INFO - SELECT attr.conrelid, array_agg(CAST(attr.attname AS TEXT) ORDER BY attr.ord) AS cols, attr.conname, min(attr.description) AS description, NULL AS extra 
FROM (SELECT con.conrelid AS conrelid, con.conname AS conname, con.conindid AS conindid, con.description AS description, con.ord AS ord, pg_catalog.pg_attribute.attname AS attname 
FROM pg_catalog.pg_attribute JOIN (SELECT pg_catalog.pg_constraint.conrelid AS conrelid, pg_catalog.pg_constraint.conname AS conname, pg_catalog.pg_constraint.conindid AS conindid, unnest(pg_catalog.pg_constraint.conkey) AS attnum, generate_subscripts(pg_catalog.pg_constraint.conkey, %(generate_subscripts_1)s) AS ord, pg_catalog.pg_description.description AS description 
FROM pg_catalog.pg_constraint LEFT OUTER JOIN pg_catalog.pg_description ON pg_catalog.pg_description.objoid = pg_catalog.pg_constraint.oid 
WHERE pg_catalog.pg_constraint.contype = %(contype)s AND pg_catalog.pg_constraint.conrelid IN (%(oids_1)s)) AS con ON pg_catalog.pg_attribute.attnum = con.attnum AND pg_catalog.pg_attribute.attrelid = con.conrelid 
WHERE con.conrelid IN (%(oids_1)s)) AS attr GROUP BY attr.conrelid, attr.conname ORDER BY attr.conrelid, attr.conname
2026-03-15 22:21:00,639 - sqlalchemy.engine.Engine - INFO - [cached since 3.403s ago] {'generate_subscripts_1': 1, 'contype': 'p', 'oids_1': 16486}
2026-03-15 22:21:00,818 - sqlalchemy.engine.Engine - INFO - ROLLBACK
2026-03-15 22:21:01,003 - sqlalchemy.engine.Engine - INFO - BEGIN (implicit)
2026-03-15 22:21:01,004 - sqlalchemy.engine.Engine - INFO - SELECT pg_catalog.pg_class.oid, pg_catalog.pg_class.relname 
FROM pg_catalog.pg_class JOIN pg_catalog.pg_namespace ON pg_catalog.pg_namespace.oid = pg_catalog.pg_class.relnamespace 
WHERE pg_catalog.pg_class.relkind = ANY (ARRAY[%(param_1)s, %(param_2)s, %(param_3)s, %(param_4)s, %(param_5)s]) AND pg_catalog.pg_table_is_visible(pg_catalog.pg_class.oid) AND pg_catalog.pg_namespace.nspname != %(nspname_1)s AND pg_catalog.pg_class.relname IN (%(filter_names_1)s)
2026-03-15 22:21:01,004 - sqlalchemy.engine.Engine - INFO - [cached since 4.157s ago] {'param_1': 'r', 'param_2': 'p', 'param_3': 'f', 'param_4': 'v', 'param_5': 'm', 'nspname_1': 'pg_catalog', 'filter_names_1': 'usuarios'}
2026-03-15 22:21:01,378 - sqlalchemy.engine.Engine - INFO - SELECT attr.conrelid, array_agg(CAST(attr.attname AS TEXT) ORDER BY attr.ord) AS cols, attr.conname, min(attr.description) AS description, NULL AS extra 
FROM (SELECT con.conrelid AS conrelid, con.conname AS conname, con.conindid AS conindid, con.description AS description, con.ord AS ord, pg_catalog.pg_attribute.attname AS attname 
FROM pg_catalog.pg_attribute JOIN (SELECT pg_catalog.pg_constraint.conrelid AS conrelid, pg_catalog.pg_constraint.conname AS conname, pg_catalog.pg_constraint.conindid AS conindid, unnest(pg_catalog.pg_constraint.conkey) AS attnum, generate_subscripts(pg_catalog.pg_constraint.conkey, %(generate_subscripts_1)s) AS ord, pg_catalog.pg_description.description AS description 
FROM pg_catalog.pg_constraint LEFT OUTER JOIN pg_catalog.pg_description ON pg_catalog.pg_description.objoid = pg_catalog.pg_constraint.oid 
WHERE pg_catalog.pg_constraint.contype = %(contype)s AND pg_catalog.pg_constraint.conrelid IN (%(oids_1)s)) AS con ON pg_catalog.pg_attribute.attnum = con.attnum AND pg_catalog.pg_attribute.attrelid = con.conrelid 
WHERE con.conrelid IN (%(oids_1)s)) AS attr GROUP BY attr.conrelid, attr.conname ORDER BY attr.conrelid, attr.conname
2026-03-15 22:21:01,378 - sqlalchemy.engine.Engine - INFO - [cached since 4.142s ago] {'generate_subscripts_1': 1, 'contype': 'p', 'oids_1': 16502}
2026-03-15 22:21:01,557 - sqlalchemy.engine.Engine - INFO - ROLLBACK
2026-03-15 22:21:01,747 - sqlalchemy.engine.Engine - INFO - 
                SELECT setval(
                    pg_get_serial_sequence('usuarios', 'id'),
                    COALESCE(MAX(id), 1),
                    MAX(id) IS NOT NULL
                )
                FROM "usuarios"
                
2026-03-15 22:21:01,750 - sqlalchemy.engine.Engine - INFO - [generated in 0.00203s] {}
2026-03-15 22:21:01,938 - sqlalchemy.engine.Engine - INFO - BEGIN (implicit)
2026-03-15 22:21:01,940 - sqlalchemy.engine.Engine - INFO - SELECT pg_catalog.pg_class.oid, pg_catalog.pg_class.relname 
FROM pg_catalog.pg_class JOIN pg_catalog.pg_namespace ON pg_catalog.pg_namespace.oid = pg_catalog.pg_class.relnamespace 
WHERE pg_catalog.pg_class.relkind = ANY (ARRAY[%(param_1)s, %(param_2)s, %(param_3)s, %(param_4)s, %(param_5)s]) AND pg_catalog.pg_table_is_visible(pg_catalog.pg_class.oid) AND pg_catalog.pg_namespace.nspname != %(nspname_1)s AND pg_catalog.pg_class.relname IN (%(filter_names_1)s)
2026-03-15 22:21:01,942 - sqlalchemy.engine.Engine - INFO - [cached since 5.094s ago] {'param_1': 'r', 'param_2': 'p', 'param_3': 'f', 'param_4': 'v', 'param_5': 'm', 'nspname_1': 'pg_catalog', 'filter_names_1': 'empleados'}
2026-03-15 22:21:02,305 - sqlalchemy.engine.Engine - INFO - SELECT attr.conrelid, array_agg(CAST(attr.attname AS TEXT) ORDER BY attr.ord) AS cols, attr.conname, min(attr.description) AS description, NULL AS extra 
FROM (SELECT con.conrelid AS conrelid, con.conname AS conname, con.conindid AS conindid, con.description AS description, con.ord AS ord, pg_catalog.pg_attribute.attname AS attname 
FROM pg_catalog.pg_attribute JOIN (SELECT pg_catalog.pg_constraint.conrelid AS conrelid, pg_catalog.pg_constraint.conname AS conname, pg_catalog.pg_constraint.conindid AS conindid, unnest(pg_catalog.pg_constraint.conkey) AS attnum, generate_subscripts(pg_catalog.pg_constraint.conkey, %(generate_subscripts_1)s) AS ord, pg_catalog.pg_description.description AS description 
FROM pg_catalog.pg_constraint LEFT OUTER JOIN pg_catalog.pg_description ON pg_catalog.pg_description.objoid = pg_catalog.pg_constraint.oid 
WHERE pg_catalog.pg_constraint.contype = %(contype)s AND pg_catalog.pg_constraint.conrelid IN (%(oids_1)s)) AS con ON pg_catalog.pg_attribute.attnum = con.attnum AND pg_catalog.pg_attribute.attrelid = con.conrelid 
WHERE con.conrelid IN (%(oids_1)s)) AS attr GROUP BY attr.conrelid, attr.conname ORDER BY attr.conrelid, attr.conname
2026-03-15 22:21:02,313 - sqlalchemy.engine.Engine - INFO - [cached since 5.078s ago] {'generate_subscripts_1': 1, 'contype': 'p', 'oids_1': 16412}
2026-03-15 22:21:02,511 - sqlalchemy.engine.Engine - INFO - ROLLBACK
2026-03-15 22:21:02,697 - sqlalchemy.engine.Engine - INFO - 
                SELECT setval(
                    pg_get_serial_sequence('empleados', 'id'),
                    COALESCE(MAX(id), 1),
                    MAX(id) IS NOT NULL
                )
                FROM "empleados"
                
2026-03-15 22:21:02,697 - sqlalchemy.engine.Engine - INFO - [generated in 0.00224s] {}
2026-03-15 22:21:02,897 - sqlalchemy.engine.Engine - INFO - BEGIN (implicit)
2026-03-15 22:21:02,897 - sqlalchemy.engine.Engine - INFO - SELECT pg_catalog.pg_class.oid, pg_catalog.pg_class.relname 
FROM pg_catalog.pg_class JOIN pg_catalog.pg_namespace ON pg_catalog.pg_namespace.oid = pg_catalog.pg_class.relnamespace 
WHERE pg_catalog.pg_class.relkind = ANY (ARRAY[%(param_1)s, %(param_2)s, %(param_3)s, %(param_4)s, %(param_5)s]) AND pg_catalog.pg_table_is_visible(pg_catalog.pg_class.oid) AND pg_catalog.pg_namespace.nspname != %(nspname_1)s AND pg_catalog.pg_class.relname IN (%(filter_names_1)s)
2026-03-15 22:21:02,897 - sqlalchemy.engine.Engine - INFO - [cached since 6.052s ago] {'param_1': 'r', 'param_2': 'p', 'param_3': 'f', 'param_4': 'v', 'param_5': 'm', 'nspname_1': 'pg_catalog', 'filter_names_1': 'tipos_novedad'}
2026-03-15 22:21:03,266 - sqlalchemy.engine.Engine - INFO - SELECT attr.conrelid, array_agg(CAST(attr.attname AS TEXT) ORDER BY attr.ord) AS cols, attr.conname, min(attr.description) AS description, NULL AS extra 
FROM (SELECT con.conrelid AS conrelid, con.conname AS conname, con.conindid AS conindid, con.description AS description, con.ord AS ord, pg_catalog.pg_attribute.attname AS attname 
FROM pg_catalog.pg_attribute JOIN (SELECT pg_catalog.pg_constraint.conrelid AS conrelid, pg_catalog.pg_constraint.conname AS conname, pg_catalog.pg_constraint.conindid AS conindid, unnest(pg_catalog.pg_constraint.conkey) AS attnum, generate_subscripts(pg_catalog.pg_constraint.conkey, %(generate_subscripts_1)s) AS ord, pg_catalog.pg_description.description AS description 
FROM pg_catalog.pg_constraint LEFT OUTER JOIN pg_catalog.pg_description ON pg_catalog.pg_description.objoid = pg_catalog.pg_constraint.oid 
WHERE pg_catalog.pg_constraint.contype = %(contype)s AND pg_catalog.pg_constraint.conrelid IN (%(oids_1)s)) AS con ON pg_catalog.pg_attribute.attnum = con.attnum AND pg_catalog.pg_attribute.attrelid = con.conrelid 
WHERE con.conrelid IN (%(oids_1)s)) AS attr GROUP BY attr.conrelid, attr.conname ORDER BY attr.conrelid, attr.conname
2026-03-15 22:21:03,267 - sqlalchemy.engine.Engine - INFO - [cached since 6.031s ago] {'generate_subscripts_1': 1, 'contype': 'p', 'oids_1': 16422}
2026-03-15 22:21:03,447 - sqlalchemy.engine.Engine - INFO - ROLLBACK
2026-03-15 22:21:03,649 - sqlalchemy.engine.Engine - INFO - 
                SELECT setval(
                    pg_get_serial_sequence('tipos_novedad', 'id'),
                    COALESCE(MAX(id), 1),
                    MAX(id) IS NOT NULL
                )
                FROM "tipos_novedad"
                
2026-03-15 22:21:03,652 - sqlalchemy.engine.Engine - INFO - [generated in 0.00210s] {}
2026-03-15 22:21:03,838 - sqlalchemy.engine.Engine - INFO - BEGIN (implicit)
2026-03-15 22:21:03,838 - sqlalchemy.engine.Engine - INFO - SELECT pg_catalog.pg_class.oid, pg_catalog.pg_class.relname 
FROM pg_catalog.pg_class JOIN pg_catalog.pg_namespace ON pg_catalog.pg_namespace.oid = pg_catalog.pg_class.relnamespace 
WHERE pg_catalog.pg_class.relkind = ANY (ARRAY[%(param_1)s, %(param_2)s, %(param_3)s, %(param_4)s, %(param_5)s]) AND pg_catalog.pg_table_is_visible(pg_catalog.pg_class.oid) AND pg_catalog.pg_namespace.nspname != %(nspname_1)s AND pg_catalog.pg_class.relname IN (%(filter_names_1)s)
2026-03-15 22:21:03,838 - sqlalchemy.engine.Engine - INFO - [cached since 6.997s ago] {'param_1': 'r', 'param_2': 'p', 'param_3': 'f', 'param_4': 'v', 'param_5': 'm', 'nspname_1': 'pg_catalog', 'filter_names_1': 'conceptos_automaticos'}
2026-03-15 22:21:04,234 - sqlalchemy.engine.Engine - INFO - SELECT attr.conrelid, array_agg(CAST(attr.attname AS TEXT) ORDER BY attr.ord) AS cols, attr.conname, min(attr.description) AS description, NULL AS extra 
FROM (SELECT con.conrelid AS conrelid, con.conname AS conname, con.conindid AS conindid, con.description AS description, con.ord AS ord, pg_catalog.pg_attribute.attname AS attname 
FROM pg_catalog.pg_attribute JOIN (SELECT pg_catalog.pg_constraint.conrelid AS conrelid, pg_catalog.pg_constraint.conname AS conname, pg_catalog.pg_constraint.conindid AS conindid, unnest(pg_catalog.pg_constraint.conkey) AS attnum, generate_subscripts(pg_catalog.pg_constraint.conkey, %(generate_subscripts_1)s) AS ord, pg_catalog.pg_description.description AS description 
FROM pg_catalog.pg_constraint LEFT OUTER JOIN pg_catalog.pg_description ON pg_catalog.pg_description.objoid = pg_catalog.pg_constraint.oid 
WHERE pg_catalog.pg_constraint.contype = %(contype)s AND pg_catalog.pg_constraint.conrelid IN (%(oids_1)s)) AS con ON pg_catalog.pg_attribute.attnum = con.attnum AND pg_catalog.pg_attribute.attrelid = con.conrelid 
WHERE con.conrelid IN (%(oids_1)s)) AS attr GROUP BY attr.conrelid, attr.conname ORDER BY attr.conrelid, attr.conname
2026-03-15 22:21:04,234 - sqlalchemy.engine.Engine - INFO - [cached since 7.003s ago] {'generate_subscripts_1': 1, 'contype': 'p', 'oids_1': 16433}
2026-03-15 22:21:04,419 - sqlalchemy.engine.Engine - INFO - ROLLBACK
2026-03-15 22:21:04,603 - sqlalchemy.engine.Engine - INFO - 
                SELECT setval(
                    pg_get_serial_sequence('conceptos_automaticos', 'id'),
                    COALESCE(MAX(id), 1),
                    MAX(id) IS NOT NULL
                )
                FROM "conceptos_automaticos"
                
2026-03-15 22:21:04,603 - sqlalchemy.engine.Engine - INFO - [generated in 0.00217s] {}
2026-03-15 22:21:04,801 - sqlalchemy.engine.Engine - INFO - BEGIN (implicit)
2026-03-15 22:21:04,801 - sqlalchemy.engine.Engine - INFO - SELECT pg_catalog.pg_class.oid, pg_catalog.pg_class.relname 
FROM pg_catalog.pg_class JOIN pg_catalog.pg_namespace ON pg_catalog.pg_namespace.oid = pg_catalog.pg_class.relnamespace 
WHERE pg_catalog.pg_class.relkind = ANY (ARRAY[%(param_1)s, %(param_2)s, %(param_3)s, %(param_4)s, %(param_5)s]) AND pg_catalog.pg_table_is_visible(pg_catalog.pg_class.oid) AND pg_catalog.pg_namespace.nspname != %(nspname_1)s AND pg_catalog.pg_class.relname IN (%(filter_names_1)s)
2026-03-15 22:21:04,801 - sqlalchemy.engine.Engine - INFO - [cached since 7.964s ago] {'param_1': 'r', 'param_2': 'p', 'param_3': 'f', 'param_4': 'v', 'param_5': 'm', 'nspname_1': 'pg_catalog', 'filter_names_1': 'quincenas'}
2026-03-15 22:21:05,186 - sqlalchemy.engine.Engine - INFO - SELECT attr.conrelid, array_agg(CAST(attr.attname AS TEXT) ORDER BY attr.ord) AS cols, attr.conname, min(attr.description) AS description, NULL AS extra 
FROM (SELECT con.conrelid AS conrelid, con.conname AS conname, con.conindid AS conindid, con.description AS description, con.ord AS ord, pg_catalog.pg_attribute.attname AS attname 
FROM pg_catalog.pg_attribute JOIN (SELECT pg_catalog.pg_constraint.conrelid AS conrelid, pg_catalog.pg_constraint.conname AS conname, pg_catalog.pg_constraint.conindid AS conindid, unnest(pg_catalog.pg_constraint.conkey) AS attnum, generate_subscripts(pg_catalog.pg_constraint.conkey, %(generate_subscripts_1)s) AS ord, pg_catalog.pg_description.description AS description 
FROM pg_catalog.pg_constraint LEFT OUTER JOIN pg_catalog.pg_description ON pg_catalog.pg_description.objoid = pg_catalog.pg_constraint.oid 
WHERE pg_catalog.pg_constraint.contype = %(contype)s AND pg_catalog.pg_constraint.conrelid IN (%(oids_1)s)) AS con ON pg_catalog.pg_attribute.attnum = con.attnum AND pg_catalog.pg_attribute.attrelid = con.conrelid 
WHERE con.conrelid IN (%(oids_1)s)) AS attr GROUP BY attr.conrelid, attr.conname ORDER BY attr.conrelid, attr.conname
2026-03-15 22:21:05,188 - sqlalchemy.engine.Engine - INFO - [cached since 7.953s ago] {'generate_subscripts_1': 1, 'contype': 'p', 'oids_1': 16565}
2026-03-15 22:21:05,599 - sqlalchemy.engine.Engine - INFO - ROLLBACK
2026-03-15 22:21:05,790 - sqlalchemy.engine.Engine - INFO - 
                SELECT setval(
                    pg_get_serial_sequence('quincenas', 'id'),
                    COALESCE(MAX(id), 1),
                    MAX(id) IS NOT NULL
                )
                FROM "quincenas"
                
2026-03-15 22:21:05,790 - sqlalchemy.engine.Engine - INFO - [generated in 0.00220s] {}
2026-03-15 22:21:05,973 - sqlalchemy.engine.Engine - INFO - BEGIN (implicit)
2026-03-15 22:21:05,973 - sqlalchemy.engine.Engine - INFO - SELECT pg_catalog.pg_class.oid, pg_catalog.pg_class.relname 
FROM pg_catalog.pg_class JOIN pg_catalog.pg_namespace ON pg_catalog.pg_namespace.oid = pg_catalog.pg_class.relnamespace 
WHERE pg_catalog.pg_class.relkind = ANY (ARRAY[%(param_1)s, %(param_2)s, %(param_3)s, %(param_4)s, %(param_5)s]) AND pg_catalog.pg_table_is_visible(pg_catalog.pg_class.oid) AND pg_catalog.pg_namespace.nspname != %(nspname_1)s AND pg_catalog.pg_class.relname IN (%(filter_names_1)s)
2026-03-15 22:21:05,973 - sqlalchemy.engine.Engine - INFO - [cached since 9.134s ago] {'param_1': 'r', 'param_2': 'p', 'param_3': 'f', 'param_4': 'v', 'param_5': 'm', 'nspname_1': 'pg_catalog', 'filter_names_1': 'empresa'}
2026-03-15 22:21:06,344 - sqlalchemy.engine.Engine - INFO - SELECT attr.conrelid, array_agg(CAST(attr.attname AS TEXT) ORDER BY attr.ord) AS cols, attr.conname, min(attr.description) AS description, NULL AS extra 
FROM (SELECT con.conrelid AS conrelid, con.conname AS conname, con.conindid AS conindid, con.description AS description, con.ord AS ord, pg_catalog.pg_attribute.attname AS attname 
FROM pg_catalog.pg_attribute JOIN (SELECT pg_catalog.pg_constraint.conrelid AS conrelid, pg_catalog.pg_constraint.conname AS conname, pg_catalog.pg_constraint.conindid AS conindid, unnest(pg_catalog.pg_constraint.conkey) AS attnum, generate_subscripts(pg_catalog.pg_constraint.conkey, %(generate_subscripts_1)s) AS ord, pg_catalog.pg_description.description AS description 
FROM pg_catalog.pg_constraint LEFT OUTER JOIN pg_catalog.pg_description ON pg_catalog.pg_description.objoid = pg_catalog.pg_constraint.oid 
WHERE pg_catalog.pg_constraint.contype = %(contype)s AND pg_catalog.pg_constraint.conrelid IN (%(oids_1)s)) AS con ON pg_catalog.pg_attribute.attnum = con.attnum AND pg_catalog.pg_attribute.attrelid = con.conrelid 
WHERE con.conrelid IN (%(oids_1)s)) AS attr GROUP BY attr.conrelid, attr.conname ORDER BY attr.conrelid, attr.conname
2026-03-15 22:21:06,346 - sqlalchemy.engine.Engine - INFO - [cached since 9.11s ago] {'generate_subscripts_1': 1, 'contype': 'p', 'oids_1': 16442}
2026-03-15 22:21:06,532 - sqlalchemy.engine.Engine - INFO - ROLLBACK
2026-03-15 22:21:06,714 - sqlalchemy.engine.Engine - INFO - 
                SELECT setval(
                    pg_get_serial_sequence('empresa', 'id'),
                    COALESCE(MAX(id), 1),
                    MAX(id) IS NOT NULL
                )
                FROM "empresa"
                
2026-03-15 22:21:06,718 - sqlalchemy.engine.Engine - INFO - [generated in 0.00405s] {}
2026-03-15 22:21:06,893 - sqlalchemy.engine.Engine - INFO - BEGIN (implicit)
2026-03-15 22:21:06,893 - sqlalchemy.engine.Engine - INFO - SELECT pg_catalog.pg_class.oid, pg_catalog.pg_class.relname 
FROM pg_catalog.pg_class JOIN pg_catalog.pg_namespace ON pg_catalog.pg_namespace.oid = pg_catalog.pg_class.relnamespace 
WHERE pg_catalog.pg_class.relkind = ANY (ARRAY[%(param_1)s, %(param_2)s, %(param_3)s, %(param_4)s, %(param_5)s]) AND pg_catalog.pg_table_is_visible(pg_catalog.pg_class.oid) AND pg_catalog.pg_namespace.nspname != %(nspname_1)s AND pg_catalog.pg_class.relname IN (%(filter_names_1)s)
2026-03-15 22:21:06,907 - sqlalchemy.engine.Engine - INFO - [cached since 10.06s ago] {'param_1': 'r', 'param_2': 'p', 'param_3': 'f', 'param_4': 'v', 'param_5': 'm', 'nspname_1': 'pg_catalog', 'filter_names_1': 'parametros_descuentos'}
2026-03-15 22:21:07,278 - sqlalchemy.engine.Engine - INFO - SELECT attr.conrelid, array_agg(CAST(attr.attname AS TEXT) ORDER BY attr.ord) AS cols, attr.conname, min(attr.description) AS description, NULL AS extra 
FROM (SELECT con.conrelid AS conrelid, con.conname AS conname, con.conindid AS conindid, con.description AS description, con.ord AS ord, pg_catalog.pg_attribute.attname AS attname 
FROM pg_catalog.pg_attribute JOIN (SELECT pg_catalog.pg_constraint.conrelid AS conrelid, pg_catalog.pg_constraint.conname AS conname, pg_catalog.pg_constraint.conindid AS conindid, unnest(pg_catalog.pg_constraint.conkey) AS attnum, generate_subscripts(pg_catalog.pg_constraint.conkey, %(generate_subscripts_1)s) AS ord, pg_catalog.pg_description.description AS description 
FROM pg_catalog.pg_constraint LEFT OUTER JOIN pg_catalog.pg_description ON pg_catalog.pg_description.objoid = pg_catalog.pg_constraint.oid 
WHERE pg_catalog.pg_constraint.contype = %(contype)s AND pg_catalog.pg_constraint.conrelid IN (%(oids_1)s)) AS con ON pg_catalog.pg_attribute.attnum = con.attnum AND pg_catalog.pg_attribute.attrelid = con.conrelid 
WHERE con.conrelid IN (%(oids_1)s)) AS attr GROUP BY attr.conrelid, attr.conname ORDER BY attr.conrelid, attr.conname
2026-03-15 22:21:07,278 - sqlalchemy.engine.Engine - INFO - [cached since 10.04s ago] {'generate_subscripts_1': 1, 'contype': 'p', 'oids_1': 16453}
2026-03-15 22:21:07,464 - sqlalchemy.engine.Engine - INFO - ROLLBACK
2026-03-15 22:21:07,648 - sqlalchemy.engine.Engine - INFO - 
                SELECT setval(
                    pg_get_serial_sequence('parametros_descuentos', 'id'),
                    COALESCE(MAX(id), 1),
                    MAX(id) IS NOT NULL
                )
                FROM "parametros_descuentos"
                
2026-03-15 22:21:07,660 - sqlalchemy.engine.Engine - INFO - [generated in 0.00244s] {}
2026-03-15 22:21:07,846 - sqlalchemy.engine.Engine - INFO - BEGIN (implicit)
2026-03-15 22:21:07,848 - sqlalchemy.engine.Engine - INFO - SELECT pg_catalog.pg_class.oid, pg_catalog.pg_class.relname 
FROM pg_catalog.pg_class JOIN pg_catalog.pg_namespace ON pg_catalog.pg_namespace.oid = pg_catalog.pg_class.relnamespace 
WHERE pg_catalog.pg_class.relkind = ANY (ARRAY[%(param_1)s, %(param_2)s, %(param_3)s, %(param_4)s, %(param_5)s]) AND pg_catalog.pg_table_is_visible(pg_catalog.pg_class.oid) AND pg_catalog.pg_namespace.nspname != %(nspname_1)s AND pg_catalog.pg_class.relname IN (%(filter_names_1)s)
2026-03-15 22:21:07,848 - sqlalchemy.engine.Engine - INFO - [cached since 11s ago] {'param_1': 'r', 'param_2': 'p', 'param_3': 'f', 'param_4': 'v', 'param_5': 'm', 'nspname_1': 'pg_catalog', 'filter_names_1': 'servicios'}
2026-03-15 22:21:08,217 - sqlalchemy.engine.Engine - INFO - SELECT attr.conrelid, array_agg(CAST(attr.attname AS TEXT) ORDER BY attr.ord) AS cols, attr.conname, min(attr.description) AS description, NULL AS extra 
FROM (SELECT con.conrelid AS conrelid, con.conname AS conname, con.conindid AS conindid, con.description AS description, con.ord AS ord, pg_catalog.pg_attribute.attname AS attname 
FROM pg_catalog.pg_attribute JOIN (SELECT pg_catalog.pg_constraint.conrelid AS conrelid, pg_catalog.pg_constraint.conname AS conname, pg_catalog.pg_constraint.conindid AS conindid, unnest(pg_catalog.pg_constraint.conkey) AS attnum, generate_subscripts(pg_catalog.pg_constraint.conkey, %(generate_subscripts_1)s) AS ord, pg_catalog.pg_description.description AS description 
FROM pg_catalog.pg_constraint LEFT OUTER JOIN pg_catalog.pg_description ON pg_catalog.pg_description.objoid = pg_catalog.pg_constraint.oid 
WHERE pg_catalog.pg_constraint.contype = %(contype)s AND pg_catalog.pg_constraint.conrelid IN (%(oids_1)s)) AS con ON pg_catalog.pg_attribute.attnum = con.attnum AND pg_catalog.pg_attribute.attrelid = con.conrelid 
WHERE con.conrelid IN (%(oids_1)s)) AS attr GROUP BY attr.conrelid, attr.conname ORDER BY attr.conrelid, attr.conname
2026-03-15 22:21:08,217 - sqlalchemy.engine.Engine - INFO - [cached since 10.98s ago] {'generate_subscripts_1': 1, 'contype': 'p', 'oids_1': 16464}
2026-03-15 22:21:08,397 - sqlalchemy.engine.Engine - INFO - ROLLBACK
2026-03-15 22:21:08,585 - sqlalchemy.engine.Engine - INFO - 
                SELECT setval(
                    pg_get_serial_sequence('servicios', 'id'),
                    COALESCE(MAX(id), 1),
                    MAX(id) IS NOT NULL
                )
                FROM "servicios"
                
2026-03-15 22:21:08,585 - sqlalchemy.engine.Engine - INFO - [generated in 0.00202s] {}
2026-03-15 22:21:08,785 - sqlalchemy.engine.Engine - INFO - BEGIN (implicit)
2026-03-15 22:21:08,785 - sqlalchemy.engine.Engine - INFO - SELECT pg_catalog.pg_class.oid, pg_catalog.pg_class.relname 
FROM pg_catalog.pg_class JOIN pg_catalog.pg_namespace ON pg_catalog.pg_namespace.oid = pg_catalog.pg_class.relnamespace 
WHERE pg_catalog.pg_class.relkind = ANY (ARRAY[%(param_1)s, %(param_2)s, %(param_3)s, %(param_4)s, %(param_5)s]) AND pg_catalog.pg_table_is_visible(pg_catalog.pg_class.oid) AND pg_catalog.pg_namespace.nspname != %(nspname_1)s AND pg_catalog.pg_class.relname IN (%(filter_names_1)s)
2026-03-15 22:21:08,785 - sqlalchemy.engine.Engine - INFO - [cached since 11.94s ago] {'param_1': 'r', 'param_2': 'p', 'param_3': 'f', 'param_4': 'v', 'param_5': 'm', 'nspname_1': 'pg_catalog', 'filter_names_1': 'servicios_periodos'}
2026-03-15 22:21:09,146 - sqlalchemy.engine.Engine - INFO - SELECT attr.conrelid, array_agg(CAST(attr.attname AS TEXT) ORDER BY attr.ord) AS cols, attr.conname, min(attr.description) AS description, NULL AS extra 
FROM (SELECT con.conrelid AS conrelid, con.conname AS conname, con.conindid AS conindid, con.description AS description, con.ord AS ord, pg_catalog.pg_attribute.attname AS attname 
FROM pg_catalog.pg_attribute JOIN (SELECT pg_catalog.pg_constraint.conrelid AS conrelid, pg_catalog.pg_constraint.conname AS conname, pg_catalog.pg_constraint.conindid AS conindid, unnest(pg_catalog.pg_constraint.conkey) AS attnum, generate_subscripts(pg_catalog.pg_constraint.conkey, %(generate_subscripts_1)s) AS ord, pg_catalog.pg_description.description AS description 
FROM pg_catalog.pg_constraint LEFT OUTER JOIN pg_catalog.pg_description ON pg_catalog.pg_description.objoid = pg_catalog.pg_constraint.oid 
WHERE pg_catalog.pg_constraint.contype = %(contype)s AND pg_catalog.pg_constraint.conrelid IN (%(oids_1)s)) AS con ON pg_catalog.pg_attribute.attnum = con.attnum AND pg_catalog.pg_attribute.attrelid = con.conrelid 
WHERE con.conrelid IN (%(oids_1)s)) AS attr GROUP BY attr.conrelid, attr.conname ORDER BY attr.conrelid, attr.conname
2026-03-15 22:21:09,146 - sqlalchemy.engine.Engine - INFO - [cached since 11.91s ago] {'generate_subscripts_1': 1, 'contype': 'p', 'oids_1': 16473}
2026-03-15 22:21:09,318 - sqlalchemy.engine.Engine - INFO - ROLLBACK
2026-03-15 22:21:09,503 - sqlalchemy.engine.Engine - INFO - 
                SELECT setval(
                    pg_get_serial_sequence('servicios_periodos', 'id'),
                    COALESCE(MAX(id), 1),
                    MAX(id) IS NOT NULL
                )
                FROM "servicios_periodos"
                
2026-03-15 22:21:09,503 - sqlalchemy.engine.Engine - INFO - [generated in 0.00223s] {}
2026-03-15 22:21:09,702 - sqlalchemy.engine.Engine - INFO - BEGIN (implicit)
2026-03-15 22:21:09,702 - sqlalchemy.engine.Engine - INFO - SELECT pg_catalog.pg_class.oid, pg_catalog.pg_class.relname 
FROM pg_catalog.pg_class JOIN pg_catalog.pg_namespace ON pg_catalog.pg_namespace.oid = pg_catalog.pg_class.relnamespace 
WHERE pg_catalog.pg_class.relkind = ANY (ARRAY[%(param_1)s, %(param_2)s, %(param_3)s, %(param_4)s, %(param_5)s]) AND pg_catalog.pg_table_is_visible(pg_catalog.pg_class.oid) AND pg_catalog.pg_namespace.nspname != %(nspname_1)s AND pg_catalog.pg_class.relname IN (%(filter_names_1)s)
2026-03-15 22:21:09,706 - sqlalchemy.engine.Engine - INFO - [cached since 12.86s ago] {'param_1': 'r', 'param_2': 'p', 'param_3': 'f', 'param_4': 'v', 'param_5': 'm', 'nspname_1': 'pg_catalog', 'filter_names_1': 'prestamos_empresa'}
2026-03-15 22:21:10,071 - sqlalchemy.engine.Engine - INFO - SELECT attr.conrelid, array_agg(CAST(attr.attname AS TEXT) ORDER BY attr.ord) AS cols, attr.conname, min(attr.description) AS description, NULL AS extra 
FROM (SELECT con.conrelid AS conrelid, con.conname AS conname, con.conindid AS conindid, con.description AS description, con.ord AS ord, pg_catalog.pg_attribute.attname AS attname 
FROM pg_catalog.pg_attribute JOIN (SELECT pg_catalog.pg_constraint.conrelid AS conrelid, pg_catalog.pg_constraint.conname AS conname, pg_catalog.pg_constraint.conindid AS conindid, unnest(pg_catalog.pg_constraint.conkey) AS attnum, generate_subscripts(pg_catalog.pg_constraint.conkey, %(generate_subscripts_1)s) AS ord, pg_catalog.pg_description.description AS description 
FROM pg_catalog.pg_constraint LEFT OUTER JOIN pg_catalog.pg_description ON pg_catalog.pg_description.objoid = pg_catalog.pg_constraint.oid 
WHERE pg_catalog.pg_constraint.contype = %(contype)s AND pg_catalog.pg_constraint.conrelid IN (%(oids_1)s)) AS con ON pg_catalog.pg_attribute.attnum = con.attnum AND pg_catalog.pg_attribute.attrelid = con.conrelid 
WHERE con.conrelid IN (%(oids_1)s)) AS attr GROUP BY attr.conrelid, attr.conname ORDER BY attr.conrelid, attr.conname
2026-03-15 22:21:10,086 - sqlalchemy.engine.Engine - INFO - [cached since 12.85s ago] {'generate_subscripts_1': 1, 'contype': 'p', 'oids_1': 16480}
2026-03-15 22:21:10,288 - sqlalchemy.engine.Engine - INFO - ROLLBACK
2026-03-15 22:21:10,476 - sqlalchemy.engine.Engine - INFO - 
                SELECT setval(
                    pg_get_serial_sequence('prestamos_empresa', 'id'),
                    COALESCE(MAX(id), 1),
                    MAX(id) IS NOT NULL
                )
                FROM "prestamos_empresa"
                
2026-03-15 22:21:10,478 - sqlalchemy.engine.Engine - INFO - [generated in 0.00226s] {}
2026-03-15 22:21:10,664 - sqlalchemy.engine.Engine - INFO - BEGIN (implicit)
2026-03-15 22:21:10,664 - sqlalchemy.engine.Engine - INFO - SELECT pg_catalog.pg_class.oid, pg_catalog.pg_class.relname 
FROM pg_catalog.pg_class JOIN pg_catalog.pg_namespace ON pg_catalog.pg_namespace.oid = pg_catalog.pg_class.relnamespace 
WHERE pg_catalog.pg_class.relkind = ANY (ARRAY[%(param_1)s, %(param_2)s, %(param_3)s, %(param_4)s, %(param_5)s]) AND pg_catalog.pg_table_is_visible(pg_catalog.pg_class.oid) AND pg_catalog.pg_namespace.nspname != %(nspname_1)s AND pg_catalog.pg_class.relname IN (%(filter_names_1)s)
2026-03-15 22:21:10,664 - sqlalchemy.engine.Engine - INFO - [cached since 13.82s ago] {'param_1': 'r', 'param_2': 'p', 'param_3': 'f', 'param_4': 'v', 'param_5': 'm', 'nspname_1': 'pg_catalog', 'filter_names_1': 'novedades'}
2026-03-15 22:21:11,036 - sqlalchemy.engine.Engine - INFO - SELECT attr.conrelid, array_agg(CAST(attr.attname AS TEXT) ORDER BY attr.ord) AS cols, attr.conname, min(attr.description) AS description, NULL AS extra 
FROM (SELECT con.conrelid AS conrelid, con.conname AS conname, con.conindid AS conindid, con.description AS description, con.ord AS ord, pg_catalog.pg_attribute.attname AS attname 
FROM pg_catalog.pg_attribute JOIN (SELECT pg_catalog.pg_constraint.conrelid AS conrelid, pg_catalog.pg_constraint.conname AS conname, pg_catalog.pg_constraint.conindid AS conindid, unnest(pg_catalog.pg_constraint.conkey) AS attnum, generate_subscripts(pg_catalog.pg_constraint.conkey, %(generate_subscripts_1)s) AS ord, pg_catalog.pg_description.description AS description 
FROM pg_catalog.pg_constraint LEFT OUTER JOIN pg_catalog.pg_description ON pg_catalog.pg_description.objoid = pg_catalog.pg_constraint.oid 
WHERE pg_catalog.pg_constraint.contype = %(contype)s AND pg_catalog.pg_constraint.conrelid IN (%(oids_1)s)) AS con ON pg_catalog.pg_attribute.attnum = con.attnum AND pg_catalog.pg_attribute.attrelid = con.conrelid 
WHERE con.conrelid IN (%(oids_1)s)) AS attr GROUP BY attr.conrelid, attr.conname ORDER BY attr.conrelid, attr.conname
2026-03-15 22:21:11,044 - sqlalchemy.engine.Engine - INFO - [cached since 13.81s ago] {'generate_subscripts_1': 1, 'contype': 'p', 'oids_1': 16518}
2026-03-15 22:21:11,245 - sqlalchemy.engine.Engine - INFO - ROLLBACK
2026-03-15 22:21:11,426 - sqlalchemy.engine.Engine - INFO - 
                SELECT setval(
                    pg_get_serial_sequence('novedades', 'id'),
                    COALESCE(MAX(id), 1),
                    MAX(id) IS NOT NULL
                )
                FROM "novedades"
                
2026-03-15 22:21:11,426 - sqlalchemy.engine.Engine - INFO - [generated in 0.00216s] {}
2026-03-15 22:21:11,625 - sqlalchemy.engine.Engine - INFO - BEGIN (implicit)
2026-03-15 22:21:11,640 - sqlalchemy.engine.Engine - INFO - SELECT pg_catalog.pg_class.oid, pg_catalog.pg_class.relname 
FROM pg_catalog.pg_class JOIN pg_catalog.pg_namespace ON pg_catalog.pg_namespace.oid = pg_catalog.pg_class.relnamespace 
WHERE pg_catalog.pg_class.relkind = ANY (ARRAY[%(param_1)s, %(param_2)s, %(param_3)s, %(param_4)s, %(param_5)s]) AND pg_catalog.pg_table_is_visible(pg_catalog.pg_class.oid) AND pg_catalog.pg_namespace.nspname != %(nspname_1)s AND pg_catalog.pg_class.relname IN (%(filter_names_1)s)
2026-03-15 22:21:11,642 - sqlalchemy.engine.Engine - INFO - [cached since 14.79s ago] {'param_1': 'r', 'param_2': 'p', 'param_3': 'f', 'param_4': 'v', 'param_5': 'm', 'nspname_1': 'pg_catalog', 'filter_names_1': 'liquidos_quincena'}
2026-03-15 22:21:12,006 - sqlalchemy.engine.Engine - INFO - SELECT attr.conrelid, array_agg(CAST(attr.attname AS TEXT) ORDER BY attr.ord) AS cols, attr.conname, min(attr.description) AS description, NULL AS extra 
FROM (SELECT con.conrelid AS conrelid, con.conname AS conname, con.conindid AS conindid, con.description AS description, con.ord AS ord, pg_catalog.pg_attribute.attname AS attname 
FROM pg_catalog.pg_attribute JOIN (SELECT pg_catalog.pg_constraint.conrelid AS conrelid, pg_catalog.pg_constraint.conname AS conname, pg_catalog.pg_constraint.conindid AS conindid, unnest(pg_catalog.pg_constraint.conkey) AS attnum, generate_subscripts(pg_catalog.pg_constraint.conkey, %(generate_subscripts_1)s) AS ord, pg_catalog.pg_description.description AS description 
FROM pg_catalog.pg_constraint LEFT OUTER JOIN pg_catalog.pg_description ON pg_catalog.pg_description.objoid = pg_catalog.pg_constraint.oid 
WHERE pg_catalog.pg_constraint.contype = %(contype)s AND pg_catalog.pg_constraint.conrelid IN (%(oids_1)s)) AS con ON pg_catalog.pg_attribute.attnum = con.attnum AND pg_catalog.pg_attribute.attrelid = con.conrelid 
WHERE con.conrelid IN (%(oids_1)s)) AS attr GROUP BY attr.conrelid, attr.conname ORDER BY attr.conrelid, attr.conname
2026-03-15 22:21:12,017 - sqlalchemy.engine.Engine - INFO - [cached since 14.78s ago] {'generate_subscripts_1': 1, 'contype': 'p', 'oids_1': 16634}
2026-03-15 22:21:12,196 - sqlalchemy.engine.Engine - INFO - ROLLBACK
2026-03-15 22:21:12,384 - sqlalchemy.engine.Engine - INFO - 
                SELECT setval(
                    pg_get_serial_sequence('liquidos_quincena', 'id'),
                    COALESCE(MAX(id), 1),
                    MAX(id) IS NOT NULL
                )
                FROM "liquidos_quincena"
                
2026-03-15 22:21:12,384 - sqlalchemy.engine.Engine - INFO - [generated in 0.00203s] {}
2026-03-15 22:21:12,580 - sqlalchemy.engine.Engine - INFO - BEGIN (implicit)
2026-03-15 22:21:12,580 - sqlalchemy.engine.Engine - INFO - SELECT pg_catalog.pg_class.oid, pg_catalog.pg_class.relname 
FROM pg_catalog.pg_class JOIN pg_catalog.pg_namespace ON pg_catalog.pg_namespace.oid = pg_catalog.pg_class.relnamespace 
WHERE pg_catalog.pg_class.relkind = ANY (ARRAY[%(param_1)s, %(param_2)s, %(param_3)s, %(param_4)s, %(param_5)s]) AND pg_catalog.pg_table_is_visible(pg_catalog.pg_class.oid) AND pg_catalog.pg_namespace.nspname != %(nspname_1)s AND pg_catalog.pg_class.relname IN (%(filter_names_1)s)
2026-03-15 22:21:12,580 - sqlalchemy.engine.Engine - INFO - [cached since 15.74s ago] {'param_1': 'r', 'param_2': 'p', 'param_3': 'f', 'param_4': 'v', 'param_5': 'm', 'nspname_1': 'pg_catalog', 'filter_names_1': 'servicios_novedades'}
2026-03-15 22:21:12,945 - sqlalchemy.engine.Engine - INFO - SELECT attr.conrelid, array_agg(CAST(attr.attname AS TEXT) ORDER BY attr.ord) AS cols, attr.conname, min(attr.description) AS description, NULL AS extra 
FROM (SELECT con.conrelid AS conrelid, con.conname AS conname, con.conindid AS conindid, con.description AS description, con.ord AS ord, pg_catalog.pg_attribute.attname AS attname 
FROM pg_catalog.pg_attribute JOIN (SELECT pg_catalog.pg_constraint.conrelid AS conrelid, pg_catalog.pg_constraint.conname AS conname, pg_catalog.pg_constraint.conindid AS conindid, unnest(pg_catalog.pg_constraint.conkey) AS attnum, generate_subscripts(pg_catalog.pg_constraint.conkey, %(generate_subscripts_1)s) AS ord, pg_catalog.pg_description.description AS description 
FROM pg_catalog.pg_constraint LEFT OUTER JOIN pg_catalog.pg_description ON pg_catalog.pg_description.objoid = pg_catalog.pg_constraint.oid 
WHERE pg_catalog.pg_constraint.contype = %(contype)s AND pg_catalog.pg_constraint.conrelid IN (%(oids_1)s)) AS con ON pg_catalog.pg_attribute.attnum = con.attnum AND pg_catalog.pg_attribute.attrelid = con.conrelid 
WHERE con.conrelid IN (%(oids_1)s)) AS attr GROUP BY attr.conrelid, attr.conname ORDER BY attr.conrelid, attr.conname
2026-03-15 22:21:12,945 - sqlalchemy.engine.Engine - INFO - [cached since 15.71s ago] {'generate_subscripts_1': 1, 'contype': 'p', 'oids_1': 16537}
2026-03-15 22:21:13,150 - sqlalchemy.engine.Engine - INFO - ROLLBACK
2026-03-15 22:21:13,360 - sqlalchemy.engine.Engine - INFO - 
                SELECT setval(
                    pg_get_serial_sequence('servicios_novedades', 'id'),
                    COALESCE(MAX(id), 1),
                    MAX(id) IS NOT NULL
                )
                FROM "servicios_novedades"
                
2026-03-15 22:21:13,360 - sqlalchemy.engine.Engine - INFO - [generated in 0.00203s] {}
2026-03-15 22:21:13,551 - sqlalchemy.engine.Engine - INFO - BEGIN (implicit)
2026-03-15 22:21:13,551 - sqlalchemy.engine.Engine - INFO - SELECT pg_catalog.pg_class.oid, pg_catalog.pg_class.relname 
FROM pg_catalog.pg_class JOIN pg_catalog.pg_namespace ON pg_catalog.pg_namespace.oid = pg_catalog.pg_class.relnamespace 
WHERE pg_catalog.pg_class.relkind = ANY (ARRAY[%(param_1)s, %(param_2)s, %(param_3)s, %(param_4)s, %(param_5)s]) AND pg_catalog.pg_table_is_visible(pg_catalog.pg_class.oid) AND pg_catalog.pg_namespace.nspname != %(nspname_1)s AND pg_catalog.pg_class.relname IN (%(filter_names_1)s)
2026-03-15 22:21:13,551 - sqlalchemy.engine.Engine - INFO - [cached since 16.71s ago] {'param_1': 'r', 'param_2': 'p', 'param_3': 'f', 'param_4': 'v', 'param_5': 'm', 'nspname_1': 'pg_catalog', 'filter_names_1': 'prestamos_novedades'}
2026-03-15 22:21:13,920 - sqlalchemy.engine.Engine - INFO - SELECT attr.conrelid, array_agg(CAST(attr.attname AS TEXT) ORDER BY attr.ord) AS cols, attr.conname, min(attr.description) AS description, NULL AS extra 
FROM (SELECT con.conrelid AS conrelid, con.conname AS conname, con.conindid AS conindid, con.description AS description, con.ord AS ord, pg_catalog.pg_attribute.attname AS attname 
FROM pg_catalog.pg_attribute JOIN (SELECT pg_catalog.pg_constraint.conrelid AS conrelid, pg_catalog.pg_constraint.conname AS conname, pg_catalog.pg_constraint.conindid AS conindid, unnest(pg_catalog.pg_constraint.conkey) AS attnum, generate_subscripts(pg_catalog.pg_constraint.conkey, %(generate_subscripts_1)s) AS ord, pg_catalog.pg_description.description AS description 
FROM pg_catalog.pg_constraint LEFT OUTER JOIN pg_catalog.pg_description ON pg_catalog.pg_description.objoid = pg_catalog.pg_constraint.oid 
WHERE pg_catalog.pg_constraint.contype = %(contype)s AND pg_catalog.pg_constraint.conrelid IN (%(oids_1)s)) AS con ON pg_catalog.pg_attribute.attnum = con.attnum AND pg_catalog.pg_attribute.attrelid = con.conrelid 
WHERE con.conrelid IN (%(oids_1)s)) AS attr GROUP BY attr.conrelid, attr.conname ORDER BY attr.conrelid, attr.conname
2026-03-15 22:21:13,920 - sqlalchemy.engine.Engine - INFO - [cached since 16.69s ago] {'generate_subscripts_1': 1, 'contype': 'p', 'oids_1': 16551}
2026-03-15 22:21:14,101 - sqlalchemy.engine.Engine - INFO - ROLLBACK
2026-03-15 22:21:14,286 - sqlalchemy.engine.Engine - INFO - 
                SELECT setval(
                    pg_get_serial_sequence('prestamos_novedades', 'id'),
                    COALESCE(MAX(id), 1),
                    MAX(id) IS NOT NULL
                )
                FROM "prestamos_novedades"
                
2026-03-15 22:21:14,293 - sqlalchemy.engine.Engine - INFO - [generated in 0.00219s] {}
2026-03-15 22:21:14,488 - sqlalchemy.engine.Engine - INFO - BEGIN (implicit)
2026-03-15 22:21:14,488 - sqlalchemy.engine.Engine - INFO - SELECT pg_catalog.pg_class.oid, pg_catalog.pg_class.relname 
FROM pg_catalog.pg_class JOIN pg_catalog.pg_namespace ON pg_catalog.pg_namespace.oid = pg_catalog.pg_class.relnamespace 
WHERE pg_catalog.pg_class.relkind = ANY (ARRAY[%(param_1)s, %(param_2)s, %(param_3)s, %(param_4)s, %(param_5)s]) AND pg_catalog.pg_table_is_visible(pg_catalog.pg_class.oid) AND pg_catalog.pg_namespace.nspname != %(nspname_1)s AND pg_catalog.pg_class.relname IN (%(filter_names_1)s)
2026-03-15 22:21:14,488 - sqlalchemy.engine.Engine - INFO - [cached since 17.64s ago] {'param_1': 'r', 'param_2': 'p', 'param_3': 'f', 'param_4': 'v', 'param_5': 'm', 'nspname_1': 'pg_catalog', 'filter_names_1': 'audit_logs'}
2026-03-15 22:21:14,881 - sqlalchemy.engine.Engine - INFO - SELECT attr.conrelid, array_agg(CAST(attr.attname AS TEXT) ORDER BY attr.ord) AS cols, attr.conname, min(attr.description) AS description, NULL AS extra 
FROM (SELECT con.conrelid AS conrelid, con.conname AS conname, con.conindid AS conindid, con.description AS description, con.ord AS ord, pg_catalog.pg_attribute.attname AS attname 
FROM pg_catalog.pg_attribute JOIN (SELECT pg_catalog.pg_constraint.conrelid AS conrelid, pg_catalog.pg_constraint.conname AS conname, pg_catalog.pg_constraint.conindid AS conindid, unnest(pg_catalog.pg_constraint.conkey) AS attnum, generate_subscripts(pg_catalog.pg_constraint.conkey, %(generate_subscripts_1)s) AS ord, pg_catalog.pg_description.description AS description 
FROM pg_catalog.pg_constraint LEFT OUTER JOIN pg_catalog.pg_description ON pg_catalog.pg_description.objoid = pg_catalog.pg_constraint.oid 
WHERE pg_catalog.pg_constraint.contype = %(contype)s AND pg_catalog.pg_constraint.conrelid IN (%(oids_1)s)) AS con ON pg_catalog.pg_attribute.attnum = con.attnum AND pg_catalog.pg_attribute.attrelid = con.conrelid 
WHERE con.conrelid IN (%(oids_1)s)) AS attr GROUP BY attr.conrelid, attr.conname ORDER BY attr.conrelid, attr.conname
2026-03-15 22:21:14,881 - sqlalchemy.engine.Engine - INFO - [cached since 17.65s ago] {'generate_subscripts_1': 1, 'contype': 'p', 'oids_1': 16582}
2026-03-15 22:21:15,065 - sqlalchemy.engine.Engine - INFO - ROLLBACK
2026-03-15 22:21:15,238 - sqlalchemy.engine.Engine - INFO - 
                SELECT setval(
                    pg_get_serial_sequence('audit_logs', 'id'),
                    COALESCE(MAX(id), 1),
                    MAX(id) IS NOT NULL
                )
                FROM "audit_logs"
                
2026-03-15 22:21:15,251 - sqlalchemy.engine.Engine - INFO - [generated in 0.00222s] {}
2026-03-15 22:21:15,443 - sqlalchemy.engine.Engine - INFO - BEGIN (implicit)
2026-03-15 22:21:15,443 - sqlalchemy.engine.Engine - INFO - SELECT pg_catalog.pg_class.oid, pg_catalog.pg_class.relname 
FROM pg_catalog.pg_class JOIN pg_catalog.pg_namespace ON pg_catalog.pg_namespace.oid = pg_catalog.pg_class.relnamespace 
WHERE pg_catalog.pg_class.relkind = ANY (ARRAY[%(param_1)s, %(param_2)s, %(param_3)s, %(param_4)s, %(param_5)s]) AND pg_catalog.pg_table_is_visible(pg_catalog.pg_class.oid) AND pg_catalog.pg_namespace.nspname != %(nspname_1)s AND pg_catalog.pg_class.relname IN (%(filter_names_1)s)
2026-03-15 22:21:15,443 - sqlalchemy.engine.Engine - INFO - [cached since 18.6s ago] {'param_1': 'r', 'param_2': 'p', 'param_3': 'f', 'param_4': 'v', 'param_5': 'm', 'nspname_1': 'pg_catalog', 'filter_names_1': 'pagos'}
2026-03-15 22:21:15,821 - sqlalchemy.engine.Engine - INFO - SELECT attr.conrelid, array_agg(CAST(attr.attname AS TEXT) ORDER BY attr.ord) AS cols, attr.conname, min(attr.description) AS description, NULL AS extra 
FROM (SELECT con.conrelid AS conrelid, con.conname AS conname, con.conindid AS conindid, con.description AS description, con.ord AS ord, pg_catalog.pg_attribute.attname AS attname 
FROM pg_catalog.pg_attribute JOIN (SELECT pg_catalog.pg_constraint.conrelid AS conrelid, pg_catalog.pg_constraint.conname AS conname, pg_catalog.pg_constraint.conindid AS conindid, unnest(pg_catalog.pg_constraint.conkey) AS attnum, generate_subscripts(pg_catalog.pg_constraint.conkey, %(generate_subscripts_1)s) AS ord, pg_catalog.pg_description.description AS description 
FROM pg_catalog.pg_constraint LEFT OUTER JOIN pg_catalog.pg_description ON pg_catalog.pg_description.objoid = pg_catalog.pg_constraint.oid 
WHERE pg_catalog.pg_constraint.contype = %(contype)s AND pg_catalog.pg_constraint.conrelid IN (%(oids_1)s)) AS con ON pg_catalog.pg_attribute.attnum = con.attnum AND pg_catalog.pg_attribute.attrelid = con.conrelid 
WHERE con.conrelid IN (%(oids_1)s)) AS attr GROUP BY attr.conrelid, attr.conname ORDER BY attr.conrelid, attr.conname
2026-03-15 22:21:15,823 - sqlalchemy.engine.Engine - INFO - [cached since 18.59s ago] {'generate_subscripts_1': 1, 'contype': 'p', 'oids_1': 16673}
2026-03-15 22:21:16,008 - sqlalchemy.engine.Engine - INFO - ROLLBACK
2026-03-15 22:21:16,195 - sqlalchemy.engine.Engine - INFO - 
                SELECT setval(
                    pg_get_serial_sequence('pagos', 'id'),
                    COALESCE(MAX(id), 1),
                    MAX(id) IS NOT NULL
                )
                FROM "pagos"
                
2026-03-15 22:21:16,195 - sqlalchemy.engine.Engine - INFO - [generated in 0.00225s] {}
2026-03-15 22:21:16,389 - sqlalchemy.engine.Engine - INFO - BEGIN (implicit)
2026-03-15 22:21:16,391 - sqlalchemy.engine.Engine - INFO - SELECT pg_catalog.pg_class.oid, pg_catalog.pg_class.relname 
FROM pg_catalog.pg_class JOIN pg_catalog.pg_namespace ON pg_catalog.pg_namespace.oid = pg_catalog.pg_class.relnamespace 
WHERE pg_catalog.pg_class.relkind = ANY (ARRAY[%(param_1)s, %(param_2)s, %(param_3)s, %(param_4)s, %(param_5)s]) AND pg_catalog.pg_table_is_visible(pg_catalog.pg_class.oid) AND pg_catalog.pg_namespace.nspname != %(nspname_1)s AND pg_catalog.pg_class.relname IN (%(filter_names_1)s)
2026-03-15 22:21:16,392 - sqlalchemy.engine.Engine - INFO - [cached since 19.54s ago] {'param_1': 'r', 'param_2': 'p', 'param_3': 'f', 'param_4': 'v', 'param_5': 'm', 'nspname_1': 'pg_catalog', 'filter_names_1': 'servicios_pagos'}
2026-03-15 22:21:16,757 - sqlalchemy.engine.Engine - INFO - SELECT attr.conrelid, array_agg(CAST(attr.attname AS TEXT) ORDER BY attr.ord) AS cols, attr.conname, min(attr.description) AS description, NULL AS extra 
FROM (SELECT con.conrelid AS conrelid, con.conname AS conname, con.conindid AS conindid, con.description AS description, con.ord AS ord, pg_catalog.pg_attribute.attname AS attname 
FROM pg_catalog.pg_attribute JOIN (SELECT pg_catalog.pg_constraint.conrelid AS conrelid, pg_catalog.pg_constraint.conname AS conname, pg_catalog.pg_constraint.conindid AS conindid, unnest(pg_catalog.pg_constraint.conkey) AS attnum, generate_subscripts(pg_catalog.pg_constraint.conkey, %(generate_subscripts_1)s) AS ord, pg_catalog.pg_description.description AS description 
FROM pg_catalog.pg_constraint LEFT OUTER JOIN pg_catalog.pg_description ON pg_catalog.pg_description.objoid = pg_catalog.pg_constraint.oid 
WHERE pg_catalog.pg_constraint.contype = %(contype)s AND pg_catalog.pg_constraint.conrelid IN (%(oids_1)s)) AS con ON pg_catalog.pg_attribute.attnum = con.attnum AND pg_catalog.pg_attribute.attrelid = con.conrelid 
WHERE con.conrelid IN (%(oids_1)s)) AS attr GROUP BY attr.conrelid, attr.conname ORDER BY attr.conrelid, attr.conname
2026-03-15 22:21:16,761 - sqlalchemy.engine.Engine - INFO - [cached since 19.52s ago] {'generate_subscripts_1': 1, 'contype': 'p', 'oids_1': 16596}
2026-03-15 22:21:16,949 - sqlalchemy.engine.Engine - INFO - ROLLBACK
2026-03-15 22:21:17,139 - sqlalchemy.engine.Engine - INFO - 
                SELECT setval(
                    pg_get_serial_sequence('servicios_pagos', 'id'),
                    COALESCE(MAX(id), 1),
                    MAX(id) IS NOT NULL
                )
                FROM "servicios_pagos"
                
2026-03-15 22:21:17,139 - sqlalchemy.engine.Engine - INFO - [generated in 0.00231s] {}
2026-03-15 22:21:17,329 - sqlalchemy.engine.Engine - INFO - BEGIN (implicit)
2026-03-15 22:21:17,329 - sqlalchemy.engine.Engine - INFO - SELECT pg_catalog.pg_class.oid, pg_catalog.pg_class.relname 
FROM pg_catalog.pg_class JOIN pg_catalog.pg_namespace ON pg_catalog.pg_namespace.oid = pg_catalog.pg_class.relnamespace 
WHERE pg_catalog.pg_class.relkind = ANY (ARRAY[%(param_1)s, %(param_2)s, %(param_3)s, %(param_4)s, %(param_5)s]) AND pg_catalog.pg_table_is_visible(pg_catalog.pg_class.oid) AND pg_catalog.pg_namespace.nspname != %(nspname_1)s AND pg_catalog.pg_class.relname IN (%(filter_names_1)s)
2026-03-15 22:21:17,329 - sqlalchemy.engine.Engine - INFO - [cached since 20.49s ago] {'param_1': 'r', 'param_2': 'p', 'param_3': 'f', 'param_4': 'v', 'param_5': 'm', 'nspname_1': 'pg_catalog', 'filter_names_1': 'prestamos_pagos'}
2026-03-15 22:21:17,698 - sqlalchemy.engine.Engine - INFO - SELECT attr.conrelid, array_agg(CAST(attr.attname AS TEXT) ORDER BY attr.ord) AS cols, attr.conname, min(attr.description) AS description, NULL AS extra 
FROM (SELECT con.conrelid AS conrelid, con.conname AS conname, con.conindid AS conindid, con.description AS description, con.ord AS ord, pg_catalog.pg_attribute.attname AS attname 
FROM pg_catalog.pg_attribute JOIN (SELECT pg_catalog.pg_constraint.conrelid AS conrelid, pg_catalog.pg_constraint.conname AS conname, pg_catalog.pg_constraint.conindid AS conindid, unnest(pg_catalog.pg_constraint.conkey) AS attnum, generate_subscripts(pg_catalog.pg_constraint.conkey, %(generate_subscripts_1)s) AS ord, pg_catalog.pg_description.description AS description 
FROM pg_catalog.pg_constraint LEFT OUTER JOIN pg_catalog.pg_description ON pg_catalog.pg_description.objoid = pg_catalog.pg_constraint.oid 
WHERE pg_catalog.pg_constraint.contype = %(contype)s AND pg_catalog.pg_constraint.conrelid IN (%(oids_1)s)) AS con ON pg_catalog.pg_attribute.attnum = con.attnum AND pg_catalog.pg_attribute.attrelid = con.conrelid 
WHERE con.conrelid IN (%(oids_1)s)) AS attr GROUP BY attr.conrelid, attr.conname ORDER BY attr.conrelid, attr.conname
2026-03-15 22:21:17,700 - sqlalchemy.engine.Engine - INFO - [cached since 20.46s ago] {'generate_subscripts_1': 1, 'contype': 'p', 'oids_1': 16615}
2026-03-15 22:21:17,885 - sqlalchemy.engine.Engine - INFO - ROLLBACK
2026-03-15 22:21:18,114 - sqlalchemy.engine.Engine - INFO - 
                SELECT setval(
                    pg_get_serial_sequence('prestamos_pagos', 'id'),
                    COALESCE(MAX(id), 1),
                    MAX(id) IS NOT NULL
                )
                FROM "prestamos_pagos"
                
2026-03-15 22:21:18,115 - sqlalchemy.engine.Engine - INFO - [generated in 0.00201s] {}
2026-03-15 22:21:18,302 - sqlalchemy.engine.Engine - INFO - BEGIN (implicit)
2026-03-15 22:21:18,302 - sqlalchemy.engine.Engine - INFO - SELECT pg_catalog.pg_class.oid, pg_catalog.pg_class.relname 
FROM pg_catalog.pg_class JOIN pg_catalog.pg_namespace ON pg_catalog.pg_namespace.oid = pg_catalog.pg_class.relnamespace 
WHERE pg_catalog.pg_class.relkind = ANY (ARRAY[%(param_1)s, %(param_2)s, %(param_3)s, %(param_4)s, %(param_5)s]) AND pg_catalog.pg_table_is_visible(pg_catalog.pg_class.oid) AND pg_catalog.pg_namespace.nspname != %(nspname_1)s AND pg_catalog.pg_class.relname IN (%(filter_names_1)s)
2026-03-15 22:21:18,302 - sqlalchemy.engine.Engine - INFO - [cached since 21.46s ago] {'param_1': 'r', 'param_2': 'p', 'param_3': 'f', 'param_4': 'v', 'param_5': 'm', 'nspname_1': 'pg_catalog', 'filter_names_1': 'novedades_aplicadas'}
2026-03-15 22:21:18,682 - sqlalchemy.engine.Engine - INFO - SELECT attr.conrelid, array_agg(CAST(attr.attname AS TEXT) ORDER BY attr.ord) AS cols, attr.conname, min(attr.description) AS description, NULL AS extra 
FROM (SELECT con.conrelid AS conrelid, con.conname AS conname, con.conindid AS conindid, con.description AS description, con.ord AS ord, pg_catalog.pg_attribute.attname AS attname 
FROM pg_catalog.pg_attribute JOIN (SELECT pg_catalog.pg_constraint.conrelid AS conrelid, pg_catalog.pg_constraint.conname AS conname, pg_catalog.pg_constraint.conindid AS conindid, unnest(pg_catalog.pg_constraint.conkey) AS attnum, generate_subscripts(pg_catalog.pg_constraint.conkey, %(generate_subscripts_1)s) AS ord, pg_catalog.pg_description.description AS description 
FROM pg_catalog.pg_constraint LEFT OUTER JOIN pg_catalog.pg_description ON pg_catalog.pg_description.objoid = pg_catalog.pg_constraint.oid 
WHERE pg_catalog.pg_constraint.contype = %(contype)s AND pg_catalog.pg_constraint.conrelid IN (%(oids_1)s)) AS con ON pg_catalog.pg_attribute.attnum = con.attnum AND pg_catalog.pg_attribute.attrelid = con.conrelid 
WHERE con.conrelid IN (%(oids_1)s)) AS attr GROUP BY attr.conrelid, attr.conname ORDER BY attr.conrelid, attr.conname
2026-03-15 22:21:18,682 - sqlalchemy.engine.Engine - INFO - [cached since 21.45s ago] {'generate_subscripts_1': 1, 'contype': 'p', 'oids_1': 16651}
2026-03-15 22:21:18,879 - sqlalchemy.engine.Engine - INFO - ROLLBACK
2026-03-15 22:21:19,068 - sqlalchemy.engine.Engine - INFO - 
                SELECT setval(
                    pg_get_serial_sequence('novedades_aplicadas', 'id'),
                    COALESCE(MAX(id), 1),
                    MAX(id) IS NOT NULL
                )
                FROM "novedades_aplicadas"
                
2026-03-15 22:21:19,068 - sqlalchemy.engine.Engine - INFO - [generated in 0.00196s] {}
2026-03-15 22:21:19,251 - sqlalchemy.engine.Engine - INFO - COMMIT
2026-03-15 22:22:46,762 - sqlalchemy.engine.Engine - INFO - select pg_catalog.version()
2026-03-15 22:22:46,762 - sqlalchemy.engine.Engine - INFO - [raw sql] {}
2026-03-15 22:22:47,143 - sqlalchemy.engine.Engine - INFO - select current_schema()
2026-03-15 22:22:47,143 - sqlalchemy.engine.Engine - INFO - [raw sql] {}
2026-03-15 22:22:47,513 - sqlalchemy.engine.Engine - INFO - show standard_conforming_strings
2026-03-15 22:22:47,513 - sqlalchemy.engine.Engine - INFO - [raw sql] {}
2026-03-15 22:22:47,921 - sqlalchemy.engine.Engine - INFO - BEGIN (implicit)
2026-03-15 22:22:47,932 - sqlalchemy.engine.Engine - INFO - SELECT pg_catalog.pg_class.relname 
FROM pg_catalog.pg_class JOIN pg_catalog.pg_namespace ON pg_catalog.pg_namespace.oid = pg_catalog.pg_class.relnamespace 
WHERE pg_catalog.pg_class.relname = %(table_name)s AND pg_catalog.pg_class.relkind = ANY (ARRAY[%(param_1)s, %(param_2)s, %(param_3)s, %(param_4)s, %(param_5)s]) AND pg_catalog.pg_table_is_visible(pg_catalog.pg_class.oid) AND pg_catalog.pg_namespace.nspname != %(nspname_1)s
2026-03-15 22:22:47,932 - sqlalchemy.engine.Engine - INFO - [generated in 0.00197s] {'table_name': 'roles', 'param_1': 'r', 'param_2': 'p', 'param_3': 'f', 'param_4': 'v', 'param_5': 'm', 'nspname_1': 'pg_catalog'}
2026-03-15 22:22:48,318 - sqlalchemy.engine.Engine - INFO - SELECT pg_catalog.pg_class.relname 
FROM pg_catalog.pg_class JOIN pg_catalog.pg_namespace ON pg_catalog.pg_namespace.oid = pg_catalog.pg_class.relnamespace 
WHERE pg_catalog.pg_class.relname = %(table_name)s AND pg_catalog.pg_class.relkind = ANY (ARRAY[%(param_1)s, %(param_2)s, %(param_3)s, %(param_4)s, %(param_5)s]) AND pg_catalog.pg_table_is_visible(pg_catalog.pg_class.oid) AND pg_catalog.pg_namespace.nspname != %(nspname_1)s
2026-03-15 22:22:48,318 - sqlalchemy.engine.Engine - INFO - [cached since 0.3868s ago] {'table_name': 'permisos', 'param_1': 'r', 'param_2': 'p', 'param_3': 'f', 'param_4': 'v', 'param_5': 'm', 'nspname_1': 'pg_catalog'}
2026-03-15 22:22:48,527 - sqlalchemy.engine.Engine - INFO - SELECT pg_catalog.pg_class.relname 
FROM pg_catalog.pg_class JOIN pg_catalog.pg_namespace ON pg_catalog.pg_namespace.oid = pg_catalog.pg_class.relnamespace 
WHERE pg_catalog.pg_class.relname = %(table_name)s AND pg_catalog.pg_class.relkind = ANY (ARRAY[%(param_1)s, %(param_2)s, %(param_3)s, %(param_4)s, %(param_5)s]) AND pg_catalog.pg_table_is_visible(pg_catalog.pg_class.oid) AND pg_catalog.pg_namespace.nspname != %(nspname_1)s
2026-03-15 22:22:48,527 - sqlalchemy.engine.Engine - INFO - [cached since 0.5926s ago] {'table_name': 'role_permiso', 'param_1': 'r', 'param_2': 'p', 'param_3': 'f', 'param_4': 'v', 'param_5': 'm', 'nspname_1': 'pg_catalog'}
2026-03-15 22:22:48,722 - sqlalchemy.engine.Engine - INFO - SELECT pg_catalog.pg_class.relname 
FROM pg_catalog.pg_class JOIN pg_catalog.pg_namespace ON pg_catalog.pg_namespace.oid = pg_catalog.pg_class.relnamespace 
WHERE pg_catalog.pg_class.relname = %(table_name)s AND pg_catalog.pg_class.relkind = ANY (ARRAY[%(param_1)s, %(param_2)s, %(param_3)s, %(param_4)s, %(param_5)s]) AND pg_catalog.pg_table_is_visible(pg_catalog.pg_class.oid) AND pg_catalog.pg_namespace.nspname != %(nspname_1)s
2026-03-15 22:22:48,738 - sqlalchemy.engine.Engine - INFO - [cached since 0.7976s ago] {'table_name': 'usuarios', 'param_1': 'r', 'param_2': 'p', 'param_3': 'f', 'param_4': 'v', 'param_5': 'm', 'nspname_1': 'pg_catalog'}
2026-03-15 22:22:48,922 - sqlalchemy.engine.Engine - INFO - SELECT pg_catalog.pg_class.relname 
FROM pg_catalog.pg_class JOIN pg_catalog.pg_namespace ON pg_catalog.pg_namespace.oid = pg_catalog.pg_class.relnamespace 
WHERE pg_catalog.pg_class.relname = %(table_name)s AND pg_catalog.pg_class.relkind = ANY (ARRAY[%(param_1)s, %(param_2)s, %(param_3)s, %(param_4)s, %(param_5)s]) AND pg_catalog.pg_table_is_visible(pg_catalog.pg_class.oid) AND pg_catalog.pg_namespace.nspname != %(nspname_1)s
2026-03-15 22:22:48,926 - sqlalchemy.engine.Engine - INFO - [cached since 0.9848s ago] {'table_name': 'empleados', 'param_1': 'r', 'param_2': 'p', 'param_3': 'f', 'param_4': 'v', 'param_5': 'm', 'nspname_1': 'pg_catalog'}
2026-03-15 22:22:49,107 - sqlalchemy.engine.Engine - INFO - SELECT pg_catalog.pg_class.relname 
FROM pg_catalog.pg_class JOIN pg_catalog.pg_namespace ON pg_catalog.pg_namespace.oid = pg_catalog.pg_class.relnamespace 
WHERE pg_catalog.pg_class.relname = %(table_name)s AND pg_catalog.pg_class.relkind = ANY (ARRAY[%(param_1)s, %(param_2)s, %(param_3)s, %(param_4)s, %(param_5)s]) AND pg_catalog.pg_table_is_visible(pg_catalog.pg_class.oid) AND pg_catalog.pg_namespace.nspname != %(nspname_1)s
2026-03-15 22:22:49,119 - sqlalchemy.engine.Engine - INFO - [cached since 1.18s ago] {'table_name': 'tipos_novedad', 'param_1': 'r', 'param_2': 'p', 'param_3': 'f', 'param_4': 'v', 'param_5': 'm', 'nspname_1': 'pg_catalog'}
2026-03-15 22:22:49,360 - sqlalchemy.engine.Engine - INFO - SELECT pg_catalog.pg_class.relname 
FROM pg_catalog.pg_class JOIN pg_catalog.pg_namespace ON pg_catalog.pg_namespace.oid = pg_catalog.pg_class.relnamespace 
WHERE pg_catalog.pg_class.relname = %(table_name)s AND pg_catalog.pg_class.relkind = ANY (ARRAY[%(param_1)s, %(param_2)s, %(param_3)s, %(param_4)s, %(param_5)s]) AND pg_catalog.pg_table_is_visible(pg_catalog.pg_class.oid) AND pg_catalog.pg_namespace.nspname != %(nspname_1)s
2026-03-15 22:22:49,360 - sqlalchemy.engine.Engine - INFO - [cached since 1.426s ago] {'table_name': 'novedades', 'param_1': 'r', 'param_2': 'p', 'param_3': 'f', 'param_4': 'v', 'param_5': 'm', 'nspname_1': 'pg_catalog'}
2026-03-15 22:22:49,544 - sqlalchemy.engine.Engine - INFO - SELECT pg_catalog.pg_class.relname 
FROM pg_catalog.pg_class JOIN pg_catalog.pg_namespace ON pg_catalog.pg_namespace.oid = pg_catalog.pg_class.relnamespace 
WHERE pg_catalog.pg_class.relname = %(table_name)s AND pg_catalog.pg_class.relkind = ANY (ARRAY[%(param_1)s, %(param_2)s, %(param_3)s, %(param_4)s, %(param_5)s]) AND pg_catalog.pg_table_is_visible(pg_catalog.pg_class.oid) AND pg_catalog.pg_namespace.nspname != %(nspname_1)s
2026-03-15 22:22:49,544 - sqlalchemy.engine.Engine - INFO - [cached since 1.615s ago] {'table_name': 'novedades_aplicadas', 'param_1': 'r', 'param_2': 'p', 'param_3': 'f', 'param_4': 'v', 'param_5': 'm', 'nspname_1': 'pg_catalog'}
2026-03-15 22:22:49,742 - sqlalchemy.engine.Engine - INFO - SELECT pg_catalog.pg_class.relname 
FROM pg_catalog.pg_class JOIN pg_catalog.pg_namespace ON pg_catalog.pg_namespace.oid = pg_catalog.pg_class.relnamespace 
WHERE pg_catalog.pg_class.relname = %(table_name)s AND pg_catalog.pg_class.relkind = ANY (ARRAY[%(param_1)s, %(param_2)s, %(param_3)s, %(param_4)s, %(param_5)s]) AND pg_catalog.pg_table_is_visible(pg_catalog.pg_class.oid) AND pg_catalog.pg_namespace.nspname != %(nspname_1)s
2026-03-15 22:22:49,742 - sqlalchemy.engine.Engine - INFO - [cached since 1.803s ago] {'table_name': 'conceptos_automaticos', 'param_1': 'r', 'param_2': 'p', 'param_3': 'f', 'param_4': 'v', 'param_5': 'm', 'nspname_1': 'pg_catalog'}
2026-03-15 22:22:49,925 - sqlalchemy.engine.Engine - INFO - SELECT pg_catalog.pg_class.relname 
FROM pg_catalog.pg_class JOIN pg_catalog.pg_namespace ON pg_catalog.pg_namespace.oid = pg_catalog.pg_class.relnamespace 
WHERE pg_catalog.pg_class.relname = %(table_name)s AND pg_catalog.pg_class.relkind = ANY (ARRAY[%(param_1)s, %(param_2)s, %(param_3)s, %(param_4)s, %(param_5)s]) AND pg_catalog.pg_table_is_visible(pg_catalog.pg_class.oid) AND pg_catalog.pg_namespace.nspname != %(nspname_1)s
2026-03-15 22:22:49,934 - sqlalchemy.engine.Engine - INFO - [cached since 1.993s ago] {'table_name': 'quincenas', 'param_1': 'r', 'param_2': 'p', 'param_3': 'f', 'param_4': 'v', 'param_5': 'm', 'nspname_1': 'pg_catalog'}
2026-03-15 22:22:50,126 - sqlalchemy.engine.Engine - INFO - SELECT pg_catalog.pg_class.relname 
FROM pg_catalog.pg_class JOIN pg_catalog.pg_namespace ON pg_catalog.pg_namespace.oid = pg_catalog.pg_class.relnamespace 
WHERE pg_catalog.pg_class.relname = %(table_name)s AND pg_catalog.pg_class.relkind = ANY (ARRAY[%(param_1)s, %(param_2)s, %(param_3)s, %(param_4)s, %(param_5)s]) AND pg_catalog.pg_table_is_visible(pg_catalog.pg_class.oid) AND pg_catalog.pg_namespace.nspname != %(nspname_1)s
2026-03-15 22:22:50,139 - sqlalchemy.engine.Engine - INFO - [cached since 2.2s ago] {'table_name': 'liquidos_quincena', 'param_1': 'r', 'param_2': 'p', 'param_3': 'f', 'param_4': 'v', 'param_5': 'm', 'nspname_1': 'pg_catalog'}
2026-03-15 22:22:50,340 - sqlalchemy.engine.Engine - INFO - SELECT pg_catalog.pg_class.relname 
FROM pg_catalog.pg_class JOIN pg_catalog.pg_namespace ON pg_catalog.pg_namespace.oid = pg_catalog.pg_class.relnamespace 
WHERE pg_catalog.pg_class.relname = %(table_name)s AND pg_catalog.pg_class.relkind = ANY (ARRAY[%(param_1)s, %(param_2)s, %(param_3)s, %(param_4)s, %(param_5)s]) AND pg_catalog.pg_table_is_visible(pg_catalog.pg_class.oid) AND pg_catalog.pg_namespace.nspname != %(nspname_1)s
2026-03-15 22:22:50,342 - sqlalchemy.engine.Engine - INFO - [cached since 2.401s ago] {'table_name': 'pagos', 'param_1': 'r', 'param_2': 'p', 'param_3': 'f', 'param_4': 'v', 'param_5': 'm', 'nspname_1': 'pg_catalog'}
2026-03-15 22:22:50,527 - sqlalchemy.engine.Engine - INFO - SELECT pg_catalog.pg_class.relname 
FROM pg_catalog.pg_class JOIN pg_catalog.pg_namespace ON pg_catalog.pg_namespace.oid = pg_catalog.pg_class.relnamespace 
WHERE pg_catalog.pg_class.relname = %(table_name)s AND pg_catalog.pg_class.relkind = ANY (ARRAY[%(param_1)s, %(param_2)s, %(param_3)s, %(param_4)s, %(param_5)s]) AND pg_catalog.pg_table_is_visible(pg_catalog.pg_class.oid) AND pg_catalog.pg_namespace.nspname != %(nspname_1)s
2026-03-15 22:22:50,527 - sqlalchemy.engine.Engine - INFO - [cached since 2.59s ago] {'table_name': 'empresa', 'param_1': 'r', 'param_2': 'p', 'param_3': 'f', 'param_4': 'v', 'param_5': 'm', 'nspname_1': 'pg_catalog'}
2026-03-15 22:22:50,712 - sqlalchemy.engine.Engine - INFO - SELECT pg_catalog.pg_class.relname 
FROM pg_catalog.pg_class JOIN pg_catalog.pg_namespace ON pg_catalog.pg_namespace.oid = pg_catalog.pg_class.relnamespace 
WHERE pg_catalog.pg_class.relname = %(table_name)s AND pg_catalog.pg_class.relkind = ANY (ARRAY[%(param_1)s, %(param_2)s, %(param_3)s, %(param_4)s, %(param_5)s]) AND pg_catalog.pg_table_is_visible(pg_catalog.pg_class.oid) AND pg_catalog.pg_namespace.nspname != %(nspname_1)s
2026-03-15 22:22:50,712 - sqlalchemy.engine.Engine - INFO - [cached since 2.783s ago] {'table_name': 'parametros_descuentos', 'param_1': 'r', 'param_2': 'p', 'param_3': 'f', 'param_4': 'v', 'param_5': 'm', 'nspname_1': 'pg_catalog'}
2026-03-15 22:22:50,916 - sqlalchemy.engine.Engine - INFO - SELECT pg_catalog.pg_class.relname 
FROM pg_catalog.pg_class JOIN pg_catalog.pg_namespace ON pg_catalog.pg_namespace.oid = pg_catalog.pg_class.relnamespace 
WHERE pg_catalog.pg_class.relname = %(table_name)s AND pg_catalog.pg_class.relkind = ANY (ARRAY[%(param_1)s, %(param_2)s, %(param_3)s, %(param_4)s, %(param_5)s]) AND pg_catalog.pg_table_is_visible(pg_catalog.pg_class.oid) AND pg_catalog.pg_namespace.nspname != %(nspname_1)s
2026-03-15 22:22:50,916 - sqlalchemy.engine.Engine - INFO - [cached since 2.978s ago] {'table_name': 'audit_logs', 'param_1': 'r', 'param_2': 'p', 'param_3': 'f', 'param_4': 'v', 'param_5': 'm', 'nspname_1': 'pg_catalog'}
2026-03-15 22:22:51,114 - sqlalchemy.engine.Engine - INFO - SELECT pg_catalog.pg_class.relname 
FROM pg_catalog.pg_class JOIN pg_catalog.pg_namespace ON pg_catalog.pg_namespace.oid = pg_catalog.pg_class.relnamespace 
WHERE pg_catalog.pg_class.relname = %(table_name)s AND pg_catalog.pg_class.relkind = ANY (ARRAY[%(param_1)s, %(param_2)s, %(param_3)s, %(param_4)s, %(param_5)s]) AND pg_catalog.pg_table_is_visible(pg_catalog.pg_class.oid) AND pg_catalog.pg_namespace.nspname != %(nspname_1)s
2026-03-15 22:22:51,114 - sqlalchemy.engine.Engine - INFO - [cached since 3.181s ago] {'table_name': 'servicios', 'param_1': 'r', 'param_2': 'p', 'param_3': 'f', 'param_4': 'v', 'param_5': 'm', 'nspname_1': 'pg_catalog'}
2026-03-15 22:22:51,312 - sqlalchemy.engine.Engine - INFO - SELECT pg_catalog.pg_class.relname 
FROM pg_catalog.pg_class JOIN pg_catalog.pg_namespace ON pg_catalog.pg_namespace.oid = pg_catalog.pg_class.relnamespace 
WHERE pg_catalog.pg_class.relname = %(table_name)s AND pg_catalog.pg_class.relkind = ANY (ARRAY[%(param_1)s, %(param_2)s, %(param_3)s, %(param_4)s, %(param_5)s]) AND pg_catalog.pg_table_is_visible(pg_catalog.pg_class.oid) AND pg_catalog.pg_namespace.nspname != %(nspname_1)s
2026-03-15 22:22:51,314 - sqlalchemy.engine.Engine - INFO - [cached since 3.373s ago] {'table_name': 'servicios_novedades', 'param_1': 'r', 'param_2': 'p', 'param_3': 'f', 'param_4': 'v', 'param_5': 'm', 'nspname_1': 'pg_catalog'}
2026-03-15 22:22:51,501 - sqlalchemy.engine.Engine - INFO - SELECT pg_catalog.pg_class.relname 
FROM pg_catalog.pg_class JOIN pg_catalog.pg_namespace ON pg_catalog.pg_namespace.oid = pg_catalog.pg_class.relnamespace 
WHERE pg_catalog.pg_class.relname = %(table_name)s AND pg_catalog.pg_class.relkind = ANY (ARRAY[%(param_1)s, %(param_2)s, %(param_3)s, %(param_4)s, %(param_5)s]) AND pg_catalog.pg_table_is_visible(pg_catalog.pg_class.oid) AND pg_catalog.pg_namespace.nspname != %(nspname_1)s
2026-03-15 22:22:51,501 - sqlalchemy.engine.Engine - INFO - [cached since 3.566s ago] {'table_name': 'servicios_pagos', 'param_1': 'r', 'param_2': 'p', 'param_3': 'f', 'param_4': 'v', 'param_5': 'm', 'nspname_1': 'pg_catalog'}
2026-03-15 22:22:51,698 - sqlalchemy.engine.Engine - INFO - SELECT pg_catalog.pg_class.relname 
FROM pg_catalog.pg_class JOIN pg_catalog.pg_namespace ON pg_catalog.pg_namespace.oid = pg_catalog.pg_class.relnamespace 
WHERE pg_catalog.pg_class.relname = %(table_name)s AND pg_catalog.pg_class.relkind = ANY (ARRAY[%(param_1)s, %(param_2)s, %(param_3)s, %(param_4)s, %(param_5)s]) AND pg_catalog.pg_table_is_visible(pg_catalog.pg_class.oid) AND pg_catalog.pg_namespace.nspname != %(nspname_1)s
2026-03-15 22:22:51,698 - sqlalchemy.engine.Engine - INFO - [cached since 3.767s ago] {'table_name': 'servicios_periodos', 'param_1': 'r', 'param_2': 'p', 'param_3': 'f', 'param_4': 'v', 'param_5': 'm', 'nspname_1': 'pg_catalog'}
2026-03-15 22:22:51,885 - sqlalchemy.engine.Engine - INFO - SELECT pg_catalog.pg_class.relname 
FROM pg_catalog.pg_class JOIN pg_catalog.pg_namespace ON pg_catalog.pg_namespace.oid = pg_catalog.pg_class.relnamespace 
WHERE pg_catalog.pg_class.relname = %(table_name)s AND pg_catalog.pg_class.relkind = ANY (ARRAY[%(param_1)s, %(param_2)s, %(param_3)s, %(param_4)s, %(param_5)s]) AND pg_catalog.pg_table_is_visible(pg_catalog.pg_class.oid) AND pg_catalog.pg_namespace.nspname != %(nspname_1)s
2026-03-15 22:22:51,885 - sqlalchemy.engine.Engine - INFO - [cached since 3.954s ago] {'table_name': 'prestamos_empresa', 'param_1': 'r', 'param_2': 'p', 'param_3': 'f', 'param_4': 'v', 'param_5': 'm', 'nspname_1': 'pg_catalog'}
2026-03-15 22:22:52,084 - sqlalchemy.engine.Engine - INFO - SELECT pg_catalog.pg_class.relname 
FROM pg_catalog.pg_class JOIN pg_catalog.pg_namespace ON pg_catalog.pg_namespace.oid = pg_catalog.pg_class.relnamespace 
WHERE pg_catalog.pg_class.relname = %(table_name)s AND pg_catalog.pg_class.relkind = ANY (ARRAY[%(param_1)s, %(param_2)s, %(param_3)s, %(param_4)s, %(param_5)s]) AND pg_catalog.pg_table_is_visible(pg_catalog.pg_class.oid) AND pg_catalog.pg_namespace.nspname != %(nspname_1)s
2026-03-15 22:22:52,084 - sqlalchemy.engine.Engine - INFO - [cached since 4.153s ago] {'table_name': 'prestamos_novedades', 'param_1': 'r', 'param_2': 'p', 'param_3': 'f', 'param_4': 'v', 'param_5': 'm', 'nspname_1': 'pg_catalog'}
2026-03-15 22:22:52,299 - sqlalchemy.engine.Engine - INFO - SELECT pg_catalog.pg_class.relname 
FROM pg_catalog.pg_class JOIN pg_catalog.pg_namespace ON pg_catalog.pg_namespace.oid = pg_catalog.pg_class.relnamespace 
WHERE pg_catalog.pg_class.relname = %(table_name)s AND pg_catalog.pg_class.relkind = ANY (ARRAY[%(param_1)s, %(param_2)s, %(param_3)s, %(param_4)s, %(param_5)s]) AND pg_catalog.pg_table_is_visible(pg_catalog.pg_class.oid) AND pg_catalog.pg_namespace.nspname != %(nspname_1)s
2026-03-15 22:22:52,299 - sqlalchemy.engine.Engine - INFO - [cached since 4.361s ago] {'table_name': 'prestamos_pagos', 'param_1': 'r', 'param_2': 'p', 'param_3': 'f', 'param_4': 'v', 'param_5': 'm', 'nspname_1': 'pg_catalog'}
2026-03-15 22:22:52,502 - sqlalchemy.engine.Engine - INFO - COMMIT
2026-03-15 22:22:52,700 - app - INFO - [OK] Tablas de base de datos creadas/verificadas
2026-03-15 22:22:52,702 - sqlalchemy.engine.Engine - INFO - BEGIN (implicit)
2026-03-15 22:22:52,704 - sqlalchemy.engine.Engine - INFO - SELECT pg_catalog.pg_class.relname 
FROM pg_catalog.pg_class JOIN pg_catalog.pg_namespace ON pg_catalog.pg_namespace.oid = pg_catalog.pg_class.relnamespace 
WHERE pg_catalog.pg_class.relname = %(table_name)s AND pg_catalog.pg_class.relkind = ANY (ARRAY[%(param_1)s, %(param_2)s, %(param_3)s, %(param_4)s, %(param_5)s]) AND pg_catalog.pg_table_is_visible(pg_catalog.pg_class.oid) AND pg_catalog.pg_namespace.nspname != %(nspname_1)s
2026-03-15 22:22:52,704 - sqlalchemy.engine.Engine - INFO - [cached since 4.765s ago] {'table_name': 'roles', 'param_1': 'r', 'param_2': 'p', 'param_3': 'f', 'param_4': 'v', 'param_5': 'm', 'nspname_1': 'pg_catalog'}
2026-03-15 22:22:53,119 - sqlalchemy.engine.Engine - INFO - SELECT pg_catalog.pg_class.relname 
FROM pg_catalog.pg_class JOIN pg_catalog.pg_namespace ON pg_catalog.pg_namespace.oid = pg_catalog.pg_class.relnamespace 
WHERE pg_catalog.pg_class.relname = %(table_name)s AND pg_catalog.pg_class.relkind = ANY (ARRAY[%(param_1)s, %(param_2)s, %(param_3)s, %(param_4)s, %(param_5)s]) AND pg_catalog.pg_table_is_visible(pg_catalog.pg_class.oid) AND pg_catalog.pg_namespace.nspname != %(nspname_1)s
2026-03-15 22:22:53,119 - sqlalchemy.engine.Engine - INFO - [cached since 5.18s ago] {'table_name': 'permisos', 'param_1': 'r', 'param_2': 'p', 'param_3': 'f', 'param_4': 'v', 'param_5': 'm', 'nspname_1': 'pg_catalog'}
2026-03-15 22:22:53,305 - sqlalchemy.engine.Engine - INFO - SELECT pg_catalog.pg_class.relname 
FROM pg_catalog.pg_class JOIN pg_catalog.pg_namespace ON pg_catalog.pg_namespace.oid = pg_catalog.pg_class.relnamespace 
WHERE pg_catalog.pg_class.relname = %(table_name)s AND pg_catalog.pg_class.relkind = ANY (ARRAY[%(param_1)s, %(param_2)s, %(param_3)s, %(param_4)s, %(param_5)s]) AND pg_catalog.pg_table_is_visible(pg_catalog.pg_class.oid) AND pg_catalog.pg_namespace.nspname != %(nspname_1)s
2026-03-15 22:22:53,305 - sqlalchemy.engine.Engine - INFO - [cached since 5.37s ago] {'table_name': 'role_permiso', 'param_1': 'r', 'param_2': 'p', 'param_3': 'f', 'param_4': 'v', 'param_5': 'm', 'nspname_1': 'pg_catalog'}
2026-03-15 22:22:53,500 - sqlalchemy.engine.Engine - INFO - SELECT pg_catalog.pg_class.relname 
FROM pg_catalog.pg_class JOIN pg_catalog.pg_namespace ON pg_catalog.pg_namespace.oid = pg_catalog.pg_class.relnamespace 
WHERE pg_catalog.pg_class.relname = %(table_name)s AND pg_catalog.pg_class.relkind = ANY (ARRAY[%(param_1)s, %(param_2)s, %(param_3)s, %(param_4)s, %(param_5)s]) AND pg_catalog.pg_table_is_visible(pg_catalog.pg_class.oid) AND pg_catalog.pg_namespace.nspname != %(nspname_1)s
2026-03-15 22:22:53,502 - sqlalchemy.engine.Engine - INFO - [cached since 5.561s ago] {'table_name': 'usuarios', 'param_1': 'r', 'param_2': 'p', 'param_3': 'f', 'param_4': 'v', 'param_5': 'm', 'nspname_1': 'pg_catalog'}
2026-03-15 22:22:53,692 - sqlalchemy.engine.Engine - INFO - SELECT pg_catalog.pg_class.relname 
FROM pg_catalog.pg_class JOIN pg_catalog.pg_namespace ON pg_catalog.pg_namespace.oid = pg_catalog.pg_class.relnamespace 
WHERE pg_catalog.pg_class.relname = %(table_name)s AND pg_catalog.pg_class.relkind = ANY (ARRAY[%(param_1)s, %(param_2)s, %(param_3)s, %(param_4)s, %(param_5)s]) AND pg_catalog.pg_table_is_visible(pg_catalog.pg_class.oid) AND pg_catalog.pg_namespace.nspname != %(nspname_1)s
2026-03-15 22:22:53,692 - sqlalchemy.engine.Engine - INFO - [cached since 5.757s ago] {'table_name': 'empleados', 'param_1': 'r', 'param_2': 'p', 'param_3': 'f', 'param_4': 'v', 'param_5': 'm', 'nspname_1': 'pg_catalog'}
2026-03-15 22:22:53,884 - sqlalchemy.engine.Engine - INFO - SELECT pg_catalog.pg_class.relname 
FROM pg_catalog.pg_class JOIN pg_catalog.pg_namespace ON pg_catalog.pg_namespace.oid = pg_catalog.pg_class.relnamespace 
WHERE pg_catalog.pg_class.relname = %(table_name)s AND pg_catalog.pg_class.relkind = ANY (ARRAY[%(param_1)s, %(param_2)s, %(param_3)s, %(param_4)s, %(param_5)s]) AND pg_catalog.pg_table_is_visible(pg_catalog.pg_class.oid) AND pg_catalog.pg_namespace.nspname != %(nspname_1)s
2026-03-15 22:22:53,884 - sqlalchemy.engine.Engine - INFO - [cached since 5.947s ago] {'table_name': 'tipos_novedad', 'param_1': 'r', 'param_2': 'p', 'param_3': 'f', 'param_4': 'v', 'param_5': 'm', 'nspname_1': 'pg_catalog'}
2026-03-15 22:22:54,077 - sqlalchemy.engine.Engine - INFO - SELECT pg_catalog.pg_class.relname 
FROM pg_catalog.pg_class JOIN pg_catalog.pg_namespace ON pg_catalog.pg_namespace.oid = pg_catalog.pg_class.relnamespace 
WHERE pg_catalog.pg_class.relname = %(table_name)s AND pg_catalog.pg_class.relkind = ANY (ARRAY[%(param_1)s, %(param_2)s, %(param_3)s, %(param_4)s, %(param_5)s]) AND pg_catalog.pg_table_is_visible(pg_catalog.pg_class.oid) AND pg_catalog.pg_namespace.nspname != %(nspname_1)s
2026-03-15 22:22:54,077 - sqlalchemy.engine.Engine - INFO - [cached since 6.143s ago] {'table_name': 'novedades', 'param_1': 'r', 'param_2': 'p', 'param_3': 'f', 'param_4': 'v', 'param_5': 'm', 'nspname_1': 'pg_catalog'}
2026-03-15 22:22:54,277 - sqlalchemy.engine.Engine - INFO - SELECT pg_catalog.pg_class.relname 
FROM pg_catalog.pg_class JOIN pg_catalog.pg_namespace ON pg_catalog.pg_namespace.oid = pg_catalog.pg_class.relnamespace 
WHERE pg_catalog.pg_class.relname = %(table_name)s AND pg_catalog.pg_class.relkind = ANY (ARRAY[%(param_1)s, %(param_2)s, %(param_3)s, %(param_4)s, %(param_5)s]) AND pg_catalog.pg_table_is_visible(pg_catalog.pg_class.oid) AND pg_catalog.pg_namespace.nspname != %(nspname_1)s
2026-03-15 22:22:54,277 - sqlalchemy.engine.Engine - INFO - [cached since 6.339s ago] {'table_name': 'novedades_aplicadas', 'param_1': 'r', 'param_2': 'p', 'param_3': 'f', 'param_4': 'v', 'param_5': 'm', 'nspname_1': 'pg_catalog'}
2026-03-15 22:22:54,462 - sqlalchemy.engine.Engine - INFO - SELECT pg_catalog.pg_class.relname 
FROM pg_catalog.pg_class JOIN pg_catalog.pg_namespace ON pg_catalog.pg_namespace.oid = pg_catalog.pg_class.relnamespace 
WHERE pg_catalog.pg_class.relname = %(table_name)s AND pg_catalog.pg_class.relkind = ANY (ARRAY[%(param_1)s, %(param_2)s, %(param_3)s, %(param_4)s, %(param_5)s]) AND pg_catalog.pg_table_is_visible(pg_catalog.pg_class.oid) AND pg_catalog.pg_namespace.nspname != %(nspname_1)s
2026-03-15 22:22:54,462 - sqlalchemy.engine.Engine - INFO - [cached since 6.526s ago] {'table_name': 'conceptos_automaticos', 'param_1': 'r', 'param_2': 'p', 'param_3': 'f', 'param_4': 'v', 'param_5': 'm', 'nspname_1': 'pg_catalog'}
2026-03-15 22:22:54,679 - sqlalchemy.engine.Engine - INFO - SELECT pg_catalog.pg_class.relname 
FROM pg_catalog.pg_class JOIN pg_catalog.pg_namespace ON pg_catalog.pg_namespace.oid = pg_catalog.pg_class.relnamespace 
WHERE pg_catalog.pg_class.relname = %(table_name)s AND pg_catalog.pg_class.relkind = ANY (ARRAY[%(param_1)s, %(param_2)s, %(param_3)s, %(param_4)s, %(param_5)s]) AND pg_catalog.pg_table_is_visible(pg_catalog.pg_class.oid) AND pg_catalog.pg_namespace.nspname != %(nspname_1)s
2026-03-15 22:22:54,679 - sqlalchemy.engine.Engine - INFO - [cached since 6.739s ago] {'table_name': 'quincenas', 'param_1': 'r', 'param_2': 'p', 'param_3': 'f', 'param_4': 'v', 'param_5': 'm', 'nspname_1': 'pg_catalog'}
2026-03-15 22:22:54,863 - sqlalchemy.engine.Engine - INFO - SELECT pg_catalog.pg_class.relname 
FROM pg_catalog.pg_class JOIN pg_catalog.pg_namespace ON pg_catalog.pg_namespace.oid = pg_catalog.pg_class.relnamespace 
WHERE pg_catalog.pg_class.relname = %(table_name)s AND pg_catalog.pg_class.relkind = ANY (ARRAY[%(param_1)s, %(param_2)s, %(param_3)s, %(param_4)s, %(param_5)s]) AND pg_catalog.pg_table_is_visible(pg_catalog.pg_class.oid) AND pg_catalog.pg_namespace.nspname != %(nspname_1)s
2026-03-15 22:22:54,876 - sqlalchemy.engine.Engine - INFO - [cached since 6.936s ago] {'table_name': 'liquidos_quincena', 'param_1': 'r', 'param_2': 'p', 'param_3': 'f', 'param_4': 'v', 'param_5': 'm', 'nspname_1': 'pg_catalog'}
2026-03-15 22:22:55,080 - sqlalchemy.engine.Engine - INFO - SELECT pg_catalog.pg_class.relname 
FROM pg_catalog.pg_class JOIN pg_catalog.pg_namespace ON pg_catalog.pg_namespace.oid = pg_catalog.pg_class.relnamespace 
WHERE pg_catalog.pg_class.relname = %(table_name)s AND pg_catalog.pg_class.relkind = ANY (ARRAY[%(param_1)s, %(param_2)s, %(param_3)s, %(param_4)s, %(param_5)s]) AND pg_catalog.pg_table_is_visible(pg_catalog.pg_class.oid) AND pg_catalog.pg_namespace.nspname != %(nspname_1)s
2026-03-15 22:22:55,082 - sqlalchemy.engine.Engine - INFO - [cached since 7.141s ago] {'table_name': 'pagos', 'param_1': 'r', 'param_2': 'p', 'param_3': 'f', 'param_4': 'v', 'param_5': 'm', 'nspname_1': 'pg_catalog'}
2026-03-15 22:22:55,271 - sqlalchemy.engine.Engine - INFO - SELECT pg_catalog.pg_class.relname 
FROM pg_catalog.pg_class JOIN pg_catalog.pg_namespace ON pg_catalog.pg_namespace.oid = pg_catalog.pg_class.relnamespace 
WHERE pg_catalog.pg_class.relname = %(table_name)s AND pg_catalog.pg_class.relkind = ANY (ARRAY[%(param_1)s, %(param_2)s, %(param_3)s, %(param_4)s, %(param_5)s]) AND pg_catalog.pg_table_is_visible(pg_catalog.pg_class.oid) AND pg_catalog.pg_namespace.nspname != %(nspname_1)s
2026-03-15 22:22:55,271 - sqlalchemy.engine.Engine - INFO - [cached since 7.333s ago] {'table_name': 'empresa', 'param_1': 'r', 'param_2': 'p', 'param_3': 'f', 'param_4': 'v', 'param_5': 'm', 'nspname_1': 'pg_catalog'}
2026-03-15 22:22:55,460 - sqlalchemy.engine.Engine - INFO - SELECT pg_catalog.pg_class.relname 
FROM pg_catalog.pg_class JOIN pg_catalog.pg_namespace ON pg_catalog.pg_namespace.oid = pg_catalog.pg_class.relnamespace 
WHERE pg_catalog.pg_class.relname = %(table_name)s AND pg_catalog.pg_class.relkind = ANY (ARRAY[%(param_1)s, %(param_2)s, %(param_3)s, %(param_4)s, %(param_5)s]) AND pg_catalog.pg_table_is_visible(pg_catalog.pg_class.oid) AND pg_catalog.pg_namespace.nspname != %(nspname_1)s
2026-03-15 22:22:55,460 - sqlalchemy.engine.Engine - INFO - [cached since 7.523s ago] {'table_name': 'parametros_descuentos', 'param_1': 'r', 'param_2': 'p', 'param_3': 'f', 'param_4': 'v', 'param_5': 'm', 'nspname_1': 'pg_catalog'}
2026-03-15 22:22:55,647 - sqlalchemy.engine.Engine - INFO - SELECT pg_catalog.pg_class.relname 
FROM pg_catalog.pg_class JOIN pg_catalog.pg_namespace ON pg_catalog.pg_namespace.oid = pg_catalog.pg_class.relnamespace 
WHERE pg_catalog.pg_class.relname = %(table_name)s AND pg_catalog.pg_class.relkind = ANY (ARRAY[%(param_1)s, %(param_2)s, %(param_3)s, %(param_4)s, %(param_5)s]) AND pg_catalog.pg_table_is_visible(pg_catalog.pg_class.oid) AND pg_catalog.pg_namespace.nspname != %(nspname_1)s
2026-03-15 22:22:55,647 - sqlalchemy.engine.Engine - INFO - [cached since 7.715s ago] {'table_name': 'audit_logs', 'param_1': 'r', 'param_2': 'p', 'param_3': 'f', 'param_4': 'v', 'param_5': 'm', 'nspname_1': 'pg_catalog'}
2026-03-15 22:22:55,830 - sqlalchemy.engine.Engine - INFO - SELECT pg_catalog.pg_class.relname 
FROM pg_catalog.pg_class JOIN pg_catalog.pg_namespace ON pg_catalog.pg_namespace.oid = pg_catalog.pg_class.relnamespace 
WHERE pg_catalog.pg_class.relname = %(table_name)s AND pg_catalog.pg_class.relkind = ANY (ARRAY[%(param_1)s, %(param_2)s, %(param_3)s, %(param_4)s, %(param_5)s]) AND pg_catalog.pg_table_is_visible(pg_catalog.pg_class.oid) AND pg_catalog.pg_namespace.nspname != %(nspname_1)s
2026-03-15 22:22:55,830 - sqlalchemy.engine.Engine - INFO - [cached since 7.903s ago] {'table_name': 'servicios', 'param_1': 'r', 'param_2': 'p', 'param_3': 'f', 'param_4': 'v', 'param_5': 'm', 'nspname_1': 'pg_catalog'}
2026-03-15 22:22:56,035 - sqlalchemy.engine.Engine - INFO - SELECT pg_catalog.pg_class.relname 
FROM pg_catalog.pg_class JOIN pg_catalog.pg_namespace ON pg_catalog.pg_namespace.oid = pg_catalog.pg_class.relnamespace 
WHERE pg_catalog.pg_class.relname = %(table_name)s AND pg_catalog.pg_class.relkind = ANY (ARRAY[%(param_1)s, %(param_2)s, %(param_3)s, %(param_4)s, %(param_5)s]) AND pg_catalog.pg_table_is_visible(pg_catalog.pg_class.oid) AND pg_catalog.pg_namespace.nspname != %(nspname_1)s
2026-03-15 22:22:56,035 - sqlalchemy.engine.Engine - INFO - [cached since 8.103s ago] {'table_name': 'servicios_novedades', 'param_1': 'r', 'param_2': 'p', 'param_3': 'f', 'param_4': 'v', 'param_5': 'm', 'nspname_1': 'pg_catalog'}
2026-03-15 22:22:56,231 - sqlalchemy.engine.Engine - INFO - SELECT pg_catalog.pg_class.relname 
FROM pg_catalog.pg_class JOIN pg_catalog.pg_namespace ON pg_catalog.pg_namespace.oid = pg_catalog.pg_class.relnamespace 
WHERE pg_catalog.pg_class.relname = %(table_name)s AND pg_catalog.pg_class.relkind = ANY (ARRAY[%(param_1)s, %(param_2)s, %(param_3)s, %(param_4)s, %(param_5)s]) AND pg_catalog.pg_table_is_visible(pg_catalog.pg_class.oid) AND pg_catalog.pg_namespace.nspname != %(nspname_1)s
2026-03-15 22:22:56,233 - sqlalchemy.engine.Engine - INFO - [cached since 8.292s ago] {'table_name': 'servicios_pagos', 'param_1': 'r', 'param_2': 'p', 'param_3': 'f', 'param_4': 'v', 'param_5': 'm', 'nspname_1': 'pg_catalog'}
2026-03-15 22:22:56,418 - sqlalchemy.engine.Engine - INFO - SELECT pg_catalog.pg_class.relname 
FROM pg_catalog.pg_class JOIN pg_catalog.pg_namespace ON pg_catalog.pg_namespace.oid = pg_catalog.pg_class.relnamespace 
WHERE pg_catalog.pg_class.relname = %(table_name)s AND pg_catalog.pg_class.relkind = ANY (ARRAY[%(param_1)s, %(param_2)s, %(param_3)s, %(param_4)s, %(param_5)s]) AND pg_catalog.pg_table_is_visible(pg_catalog.pg_class.oid) AND pg_catalog.pg_namespace.nspname != %(nspname_1)s
2026-03-15 22:22:56,418 - sqlalchemy.engine.Engine - INFO - [cached since 8.488s ago] {'table_name': 'servicios_periodos', 'param_1': 'r', 'param_2': 'p', 'param_3': 'f', 'param_4': 'v', 'param_5': 'm', 'nspname_1': 'pg_catalog'}
2026-03-15 22:22:56,611 - sqlalchemy.engine.Engine - INFO - SELECT pg_catalog.pg_class.relname 
FROM pg_catalog.pg_class JOIN pg_catalog.pg_namespace ON pg_catalog.pg_namespace.oid = pg_catalog.pg_class.relnamespace 
WHERE pg_catalog.pg_class.relname = %(table_name)s AND pg_catalog.pg_class.relkind = ANY (ARRAY[%(param_1)s, %(param_2)s, %(param_3)s, %(param_4)s, %(param_5)s]) AND pg_catalog.pg_table_is_visible(pg_catalog.pg_class.oid) AND pg_catalog.pg_namespace.nspname != %(nspname_1)s
2026-03-15 22:22:56,616 - sqlalchemy.engine.Engine - INFO - [cached since 8.675s ago] {'table_name': 'prestamos_empresa', 'param_1': 'r', 'param_2': 'p', 'param_3': 'f', 'param_4': 'v', 'param_5': 'm', 'nspname_1': 'pg_catalog'}
2026-03-15 22:22:56,803 - sqlalchemy.engine.Engine - INFO - SELECT pg_catalog.pg_class.relname 
FROM pg_catalog.pg_class JOIN pg_catalog.pg_namespace ON pg_catalog.pg_namespace.oid = pg_catalog.pg_class.relnamespace 
WHERE pg_catalog.pg_class.relname = %(table_name)s AND pg_catalog.pg_class.relkind = ANY (ARRAY[%(param_1)s, %(param_2)s, %(param_3)s, %(param_4)s, %(param_5)s]) AND pg_catalog.pg_table_is_visible(pg_catalog.pg_class.oid) AND pg_catalog.pg_namespace.nspname != %(nspname_1)s
2026-03-15 22:22:56,803 - sqlalchemy.engine.Engine - INFO - [cached since 8.87s ago] {'table_name': 'prestamos_novedades', 'param_1': 'r', 'param_2': 'p', 'param_3': 'f', 'param_4': 'v', 'param_5': 'm', 'nspname_1': 'pg_catalog'}
2026-03-15 22:22:57,000 - sqlalchemy.engine.Engine - INFO - SELECT pg_catalog.pg_class.relname 
FROM pg_catalog.pg_class JOIN pg_catalog.pg_namespace ON pg_catalog.pg_namespace.oid = pg_catalog.pg_class.relnamespace 
WHERE pg_catalog.pg_class.relname = %(table_name)s AND pg_catalog.pg_class.relkind = ANY (ARRAY[%(param_1)s, %(param_2)s, %(param_3)s, %(param_4)s, %(param_5)s]) AND pg_catalog.pg_table_is_visible(pg_catalog.pg_class.oid) AND pg_catalog.pg_namespace.nspname != %(nspname_1)s
2026-03-15 22:22:57,000 - sqlalchemy.engine.Engine - INFO - [cached since 9.062s ago] {'table_name': 'prestamos_pagos', 'param_1': 'r', 'param_2': 'p', 'param_3': 'f', 'param_4': 'v', 'param_5': 'm', 'nspname_1': 'pg_catalog'}
2026-03-15 22:22:57,187 - sqlalchemy.engine.Engine - INFO - COMMIT
2026-03-15 22:22:57,385 - sqlalchemy.engine.Engine - INFO - BEGIN (implicit)
2026-03-15 22:22:57,386 - sqlalchemy.engine.Engine - INFO - SELECT pg_catalog.pg_class.relname 
FROM pg_catalog.pg_class JOIN pg_catalog.pg_namespace ON pg_catalog.pg_namespace.oid = pg_catalog.pg_class.relnamespace 
WHERE pg_catalog.pg_class.relkind = ANY (ARRAY[%(param_1)s, %(param_2)s]) AND pg_catalog.pg_class.relpersistence != %(relpersistence_1)s AND pg_catalog.pg_table_is_visible(pg_catalog.pg_class.oid) AND pg_catalog.pg_namespace.nspname != %(nspname_1)s
2026-03-15 22:22:57,389 - sqlalchemy.engine.Engine - INFO - [generated in 0.00409s] {'param_1': 'r', 'param_2': 'p', 'relpersistence_1': 't', 'nspname_1': 'pg_catalog'}
2026-03-15 22:22:57,773 - sqlalchemy.engine.Engine - INFO - ROLLBACK
2026-03-15 22:22:57,973 - sqlalchemy.engine.Engine - INFO - BEGIN (implicit)
2026-03-15 22:22:57,973 - sqlalchemy.engine.Engine - INFO - TRUNCATE TABLE "novedades_aplicadas", "prestamos_pagos", "servicios_pagos", "pagos", "audit_logs", "prestamos_novedades", "servicios_novedades", "liquidos_quincena", "novedades", "prestamos_empresa", "servicios_periodos", "servicios", "parametros_descuentos", "empresa", "quincenas", "conceptos_automaticos", "tipos_novedad", "empleados", "usuarios", "role_permiso", "permisos", "roles" RESTART IDENTITY CASCADE
2026-03-15 22:22:57,973 - sqlalchemy.engine.Engine - INFO - [generated in 0.00184s] {}
2026-03-15 22:22:58,376 - sqlalchemy.engine.Engine - INFO - COMMIT
2026-03-15 22:22:58,628 - sqlalchemy.engine.Engine - INFO - BEGIN (implicit)
2026-03-15 22:22:58,631 - sqlalchemy.engine.Engine - INFO - SELECT pg_catalog.pg_class.oid, pg_catalog.pg_class.relname 
FROM pg_catalog.pg_class JOIN pg_catalog.pg_namespace ON pg_catalog.pg_namespace.oid = pg_catalog.pg_class.relnamespace 
WHERE pg_catalog.pg_class.relkind = ANY (ARRAY[%(param_1)s, %(param_2)s, %(param_3)s, %(param_4)s, %(param_5)s]) AND pg_catalog.pg_table_is_visible(pg_catalog.pg_class.oid) AND pg_catalog.pg_namespace.nspname != %(nspname_1)s AND pg_catalog.pg_class.relname IN (%(filter_names_1)s)
2026-03-15 22:22:58,631 - sqlalchemy.engine.Engine - INFO - [generated in 0.00228s] {'param_1': 'r', 'param_2': 'p', 'param_3': 'f', 'param_4': 'v', 'param_5': 'm', 'nspname_1': 'pg_catalog', 'filter_names_1': 'roles'}
2026-03-15 22:22:59,011 - sqlalchemy.engine.Engine - INFO - SELECT attr.conrelid, array_agg(CAST(attr.attname AS TEXT) ORDER BY attr.ord) AS cols, attr.conname, min(attr.description) AS description, NULL AS extra 
FROM (SELECT con.conrelid AS conrelid, con.conname AS conname, con.conindid AS conindid, con.description AS description, con.ord AS ord, pg_catalog.pg_attribute.attname AS attname 
FROM pg_catalog.pg_attribute JOIN (SELECT pg_catalog.pg_constraint.conrelid AS conrelid, pg_catalog.pg_constraint.conname AS conname, pg_catalog.pg_constraint.conindid AS conindid, unnest(pg_catalog.pg_constraint.conkey) AS attnum, generate_subscripts(pg_catalog.pg_constraint.conkey, %(generate_subscripts_1)s) AS ord, pg_catalog.pg_description.description AS description 
FROM pg_catalog.pg_constraint LEFT OUTER JOIN pg_catalog.pg_description ON pg_catalog.pg_description.objoid = pg_catalog.pg_constraint.oid 
WHERE pg_catalog.pg_constraint.contype = %(contype)s AND pg_catalog.pg_constraint.conrelid IN (%(oids_1)s)) AS con ON pg_catalog.pg_attribute.attnum = con.attnum AND pg_catalog.pg_attribute.attrelid = con.conrelid 
WHERE con.conrelid IN (%(oids_1)s)) AS attr GROUP BY attr.conrelid, attr.conname ORDER BY attr.conrelid, attr.conname
2026-03-15 22:22:59,011 - sqlalchemy.engine.Engine - INFO - [generated in 0.00253s] {'generate_subscripts_1': 1, 'contype': 'p', 'oids_1': 16390}
2026-03-15 22:22:59,225 - sqlalchemy.engine.Engine - INFO - ROLLBACK
2026-03-15 22:22:59,445 - sqlalchemy.engine.Engine - INFO - BEGIN (implicit)
2026-03-15 22:22:59,445 - sqlalchemy.engine.Engine - INFO - 
                SELECT setval(
                    pg_get_serial_sequence('roles', 'id'),
                    COALESCE(MAX(id), 1),
                    MAX(id) IS NOT NULL
                )
                FROM "roles"
                
2026-03-15 22:22:59,445 - sqlalchemy.engine.Engine - INFO - [generated in 0.00187s] {}
2026-03-15 22:23:01,232 - sqlalchemy.engine.Engine - INFO - BEGIN (implicit)
2026-03-15 22:23:01,232 - sqlalchemy.engine.Engine - INFO - SELECT pg_catalog.pg_class.oid, pg_catalog.pg_class.relname 
FROM pg_catalog.pg_class JOIN pg_catalog.pg_namespace ON pg_catalog.pg_namespace.oid = pg_catalog.pg_class.relnamespace 
WHERE pg_catalog.pg_class.relkind = ANY (ARRAY[%(param_1)s, %(param_2)s, %(param_3)s, %(param_4)s, %(param_5)s]) AND pg_catalog.pg_table_is_visible(pg_catalog.pg_class.oid) AND pg_catalog.pg_namespace.nspname != %(nspname_1)s AND pg_catalog.pg_class.relname IN (%(filter_names_1)s)
2026-03-15 22:23:01,232 - sqlalchemy.engine.Engine - INFO - [cached since 2.607s ago] {'param_1': 'r', 'param_2': 'p', 'param_3': 'f', 'param_4': 'v', 'param_5': 'm', 'nspname_1': 'pg_catalog', 'filter_names_1': 'permisos'}
2026-03-15 22:23:01,632 - sqlalchemy.engine.Engine - INFO - SELECT attr.conrelid, array_agg(CAST(attr.attname AS TEXT) ORDER BY attr.ord) AS cols, attr.conname, min(attr.description) AS description, NULL AS extra 
FROM (SELECT con.conrelid AS conrelid, con.conname AS conname, con.conindid AS conindid, con.description AS description, con.ord AS ord, pg_catalog.pg_attribute.attname AS attname 
FROM pg_catalog.pg_attribute JOIN (SELECT pg_catalog.pg_constraint.conrelid AS conrelid, pg_catalog.pg_constraint.conname AS conname, pg_catalog.pg_constraint.conindid AS conindid, unnest(pg_catalog.pg_constraint.conkey) AS attnum, generate_subscripts(pg_catalog.pg_constraint.conkey, %(generate_subscripts_1)s) AS ord, pg_catalog.pg_description.description AS description 
FROM pg_catalog.pg_constraint LEFT OUTER JOIN pg_catalog.pg_description ON pg_catalog.pg_description.objoid = pg_catalog.pg_constraint.oid 
WHERE pg_catalog.pg_constraint.contype = %(contype)s AND pg_catalog.pg_constraint.conrelid IN (%(oids_1)s)) AS con ON pg_catalog.pg_attribute.attnum = con.attnum AND pg_catalog.pg_attribute.attrelid = con.conrelid 
WHERE con.conrelid IN (%(oids_1)s)) AS attr GROUP BY attr.conrelid, attr.conname ORDER BY attr.conrelid, attr.conname
2026-03-15 22:23:01,632 - sqlalchemy.engine.Engine - INFO - [cached since 2.622s ago] {'generate_subscripts_1': 1, 'contype': 'p', 'oids_1': 16401}
2026-03-15 22:23:01,835 - sqlalchemy.engine.Engine - INFO - ROLLBACK
2026-03-15 22:23:02,019 - sqlalchemy.engine.Engine - INFO - 
                SELECT setval(
                    pg_get_serial_sequence('permisos', 'id'),
                    COALESCE(MAX(id), 1),
                    MAX(id) IS NOT NULL
                )
                FROM "permisos"
                
2026-03-15 22:23:02,027 - sqlalchemy.engine.Engine - INFO - [generated in 0.00231s] {}
2026-03-15 22:23:02,203 - sqlalchemy.engine.Engine - INFO - BEGIN (implicit)
2026-03-15 22:23:02,219 - sqlalchemy.engine.Engine - INFO - SELECT pg_catalog.pg_class.oid, pg_catalog.pg_class.relname 
FROM pg_catalog.pg_class JOIN pg_catalog.pg_namespace ON pg_catalog.pg_namespace.oid = pg_catalog.pg_class.relnamespace 
WHERE pg_catalog.pg_class.relkind = ANY (ARRAY[%(param_1)s, %(param_2)s, %(param_3)s, %(param_4)s, %(param_5)s]) AND pg_catalog.pg_table_is_visible(pg_catalog.pg_class.oid) AND pg_catalog.pg_namespace.nspname != %(nspname_1)s AND pg_catalog.pg_class.relname IN (%(filter_names_1)s)
2026-03-15 22:23:02,219 - sqlalchemy.engine.Engine - INFO - [cached since 3.593s ago] {'param_1': 'r', 'param_2': 'p', 'param_3': 'f', 'param_4': 'v', 'param_5': 'm', 'nspname_1': 'pg_catalog', 'filter_names_1': 'role_permiso'}
2026-03-15 22:23:02,594 - sqlalchemy.engine.Engine - INFO - SELECT attr.conrelid, array_agg(CAST(attr.attname AS TEXT) ORDER BY attr.ord) AS cols, attr.conname, min(attr.description) AS description, NULL AS extra 
FROM (SELECT con.conrelid AS conrelid, con.conname AS conname, con.conindid AS conindid, con.description AS description, con.ord AS ord, pg_catalog.pg_attribute.attname AS attname 
FROM pg_catalog.pg_attribute JOIN (SELECT pg_catalog.pg_constraint.conrelid AS conrelid, pg_catalog.pg_constraint.conname AS conname, pg_catalog.pg_constraint.conindid AS conindid, unnest(pg_catalog.pg_constraint.conkey) AS attnum, generate_subscripts(pg_catalog.pg_constraint.conkey, %(generate_subscripts_1)s) AS ord, pg_catalog.pg_description.description AS description 
FROM pg_catalog.pg_constraint LEFT OUTER JOIN pg_catalog.pg_description ON pg_catalog.pg_description.objoid = pg_catalog.pg_constraint.oid 
WHERE pg_catalog.pg_constraint.contype = %(contype)s AND pg_catalog.pg_constraint.conrelid IN (%(oids_1)s)) AS con ON pg_catalog.pg_attribute.attnum = con.attnum AND pg_catalog.pg_attribute.attrelid = con.conrelid 
WHERE con.conrelid IN (%(oids_1)s)) AS attr GROUP BY attr.conrelid, attr.conname ORDER BY attr.conrelid, attr.conname
2026-03-15 22:23:02,594 - sqlalchemy.engine.Engine - INFO - [cached since 3.584s ago] {'generate_subscripts_1': 1, 'contype': 'p', 'oids_1': 16486}
2026-03-15 22:23:02,777 - sqlalchemy.engine.Engine - INFO - ROLLBACK
2026-03-15 22:23:02,966 - sqlalchemy.engine.Engine - INFO - BEGIN (implicit)
2026-03-15 22:23:02,966 - sqlalchemy.engine.Engine - INFO - SELECT pg_catalog.pg_class.oid, pg_catalog.pg_class.relname 
FROM pg_catalog.pg_class JOIN pg_catalog.pg_namespace ON pg_catalog.pg_namespace.oid = pg_catalog.pg_class.relnamespace 
WHERE pg_catalog.pg_class.relkind = ANY (ARRAY[%(param_1)s, %(param_2)s, %(param_3)s, %(param_4)s, %(param_5)s]) AND pg_catalog.pg_table_is_visible(pg_catalog.pg_class.oid) AND pg_catalog.pg_namespace.nspname != %(nspname_1)s AND pg_catalog.pg_class.relname IN (%(filter_names_1)s)
2026-03-15 22:23:02,966 - sqlalchemy.engine.Engine - INFO - [cached since 4.341s ago] {'param_1': 'r', 'param_2': 'p', 'param_3': 'f', 'param_4': 'v', 'param_5': 'm', 'nspname_1': 'pg_catalog', 'filter_names_1': 'usuarios'}
2026-03-15 22:23:03,351 - sqlalchemy.engine.Engine - INFO - SELECT attr.conrelid, array_agg(CAST(attr.attname AS TEXT) ORDER BY attr.ord) AS cols, attr.conname, min(attr.description) AS description, NULL AS extra 
FROM (SELECT con.conrelid AS conrelid, con.conname AS conname, con.conindid AS conindid, con.description AS description, con.ord AS ord, pg_catalog.pg_attribute.attname AS attname 
FROM pg_catalog.pg_attribute JOIN (SELECT pg_catalog.pg_constraint.conrelid AS conrelid, pg_catalog.pg_constraint.conname AS conname, pg_catalog.pg_constraint.conindid AS conindid, unnest(pg_catalog.pg_constraint.conkey) AS attnum, generate_subscripts(pg_catalog.pg_constraint.conkey, %(generate_subscripts_1)s) AS ord, pg_catalog.pg_description.description AS description 
FROM pg_catalog.pg_constraint LEFT OUTER JOIN pg_catalog.pg_description ON pg_catalog.pg_description.objoid = pg_catalog.pg_constraint.oid 
WHERE pg_catalog.pg_constraint.contype = %(contype)s AND pg_catalog.pg_constraint.conrelid IN (%(oids_1)s)) AS con ON pg_catalog.pg_attribute.attnum = con.attnum AND pg_catalog.pg_attribute.attrelid = con.conrelid 
WHERE con.conrelid IN (%(oids_1)s)) AS attr GROUP BY attr.conrelid, attr.conname ORDER BY attr.conrelid, attr.conname
2026-03-15 22:23:03,351 - sqlalchemy.engine.Engine - INFO - [cached since 4.342s ago] {'generate_subscripts_1': 1, 'contype': 'p', 'oids_1': 16502}
2026-03-15 22:23:03,544 - sqlalchemy.engine.Engine - INFO - ROLLBACK
2026-03-15 22:23:03,729 - sqlalchemy.engine.Engine - INFO - 
                SELECT setval(
                    pg_get_serial_sequence('usuarios', 'id'),
                    COALESCE(MAX(id), 1),
                    MAX(id) IS NOT NULL
                )
                FROM "usuarios"
                
2026-03-15 22:23:03,729 - sqlalchemy.engine.Engine - INFO - [generated in 0.00233s] {}
2026-03-15 22:23:03,931 - sqlalchemy.engine.Engine - INFO - BEGIN (implicit)
2026-03-15 22:23:03,931 - sqlalchemy.engine.Engine - INFO - SELECT pg_catalog.pg_class.oid, pg_catalog.pg_class.relname 
FROM pg_catalog.pg_class JOIN pg_catalog.pg_namespace ON pg_catalog.pg_namespace.oid = pg_catalog.pg_class.relnamespace 
WHERE pg_catalog.pg_class.relkind = ANY (ARRAY[%(param_1)s, %(param_2)s, %(param_3)s, %(param_4)s, %(param_5)s]) AND pg_catalog.pg_table_is_visible(pg_catalog.pg_class.oid) AND pg_catalog.pg_namespace.nspname != %(nspname_1)s AND pg_catalog.pg_class.relname IN (%(filter_names_1)s)
2026-03-15 22:23:03,931 - sqlalchemy.engine.Engine - INFO - [cached since 5.307s ago] {'param_1': 'r', 'param_2': 'p', 'param_3': 'f', 'param_4': 'v', 'param_5': 'm', 'nspname_1': 'pg_catalog', 'filter_names_1': 'empleados'}
2026-03-15 22:23:04,340 - sqlalchemy.engine.Engine - INFO - SELECT attr.conrelid, array_agg(CAST(attr.attname AS TEXT) ORDER BY attr.ord) AS cols, attr.conname, min(attr.description) AS description, NULL AS extra 
FROM (SELECT con.conrelid AS conrelid, con.conname AS conname, con.conindid AS conindid, con.description AS description, con.ord AS ord, pg_catalog.pg_attribute.attname AS attname 
FROM pg_catalog.pg_attribute JOIN (SELECT pg_catalog.pg_constraint.conrelid AS conrelid, pg_catalog.pg_constraint.conname AS conname, pg_catalog.pg_constraint.conindid AS conindid, unnest(pg_catalog.pg_constraint.conkey) AS attnum, generate_subscripts(pg_catalog.pg_constraint.conkey, %(generate_subscripts_1)s) AS ord, pg_catalog.pg_description.description AS description 
FROM pg_catalog.pg_constraint LEFT OUTER JOIN pg_catalog.pg_description ON pg_catalog.pg_description.objoid = pg_catalog.pg_constraint.oid 
WHERE pg_catalog.pg_constraint.contype = %(contype)s AND pg_catalog.pg_constraint.conrelid IN (%(oids_1)s)) AS con ON pg_catalog.pg_attribute.attnum = con.attnum AND pg_catalog.pg_attribute.attrelid = con.conrelid 
WHERE con.conrelid IN (%(oids_1)s)) AS attr GROUP BY attr.conrelid, attr.conname ORDER BY attr.conrelid, attr.conname
2026-03-15 22:23:04,340 - sqlalchemy.engine.Engine - INFO - [cached since 5.335s ago] {'generate_subscripts_1': 1, 'contype': 'p', 'oids_1': 16412}
2026-03-15 22:23:04,528 - sqlalchemy.engine.Engine - INFO - ROLLBACK
2026-03-15 22:23:04,726 - sqlalchemy.engine.Engine - INFO - 
                SELECT setval(
                    pg_get_serial_sequence('empleados', 'id'),
                    COALESCE(MAX(id), 1),
                    MAX(id) IS NOT NULL
                )
                FROM "empleados"
                
2026-03-15 22:23:04,741 - sqlalchemy.engine.Engine - INFO - [generated in 0.00223s] {}
2026-03-15 22:23:04,932 - sqlalchemy.engine.Engine - INFO - BEGIN (implicit)
2026-03-15 22:23:04,932 - sqlalchemy.engine.Engine - INFO - SELECT pg_catalog.pg_class.oid, pg_catalog.pg_class.relname 
FROM pg_catalog.pg_class JOIN pg_catalog.pg_namespace ON pg_catalog.pg_namespace.oid = pg_catalog.pg_class.relnamespace 
WHERE pg_catalog.pg_class.relkind = ANY (ARRAY[%(param_1)s, %(param_2)s, %(param_3)s, %(param_4)s, %(param_5)s]) AND pg_catalog.pg_table_is_visible(pg_catalog.pg_class.oid) AND pg_catalog.pg_namespace.nspname != %(nspname_1)s AND pg_catalog.pg_class.relname IN (%(filter_names_1)s)
2026-03-15 22:23:04,932 - sqlalchemy.engine.Engine - INFO - [cached since 6.312s ago] {'param_1': 'r', 'param_2': 'p', 'param_3': 'f', 'param_4': 'v', 'param_5': 'm', 'nspname_1': 'pg_catalog', 'filter_names_1': 'tipos_novedad'}
2026-03-15 22:23:05,346 - sqlalchemy.engine.Engine - INFO - SELECT attr.conrelid, array_agg(CAST(attr.attname AS TEXT) ORDER BY attr.ord) AS cols, attr.conname, min(attr.description) AS description, NULL AS extra 
FROM (SELECT con.conrelid AS conrelid, con.conname AS conname, con.conindid AS conindid, con.description AS description, con.ord AS ord, pg_catalog.pg_attribute.attname AS attname 
FROM pg_catalog.pg_attribute JOIN (SELECT pg_catalog.pg_constraint.conrelid AS conrelid, pg_catalog.pg_constraint.conname AS conname, pg_catalog.pg_constraint.conindid AS conindid, unnest(pg_catalog.pg_constraint.conkey) AS attnum, generate_subscripts(pg_catalog.pg_constraint.conkey, %(generate_subscripts_1)s) AS ord, pg_catalog.pg_description.description AS description 
FROM pg_catalog.pg_constraint LEFT OUTER JOIN pg_catalog.pg_description ON pg_catalog.pg_description.objoid = pg_catalog.pg_constraint.oid 
WHERE pg_catalog.pg_constraint.contype = %(contype)s AND pg_catalog.pg_constraint.conrelid IN (%(oids_1)s)) AS con ON pg_catalog.pg_attribute.attnum = con.attnum AND pg_catalog.pg_attribute.attrelid = con.conrelid 
WHERE con.conrelid IN (%(oids_1)s)) AS attr GROUP BY attr.conrelid, attr.conname ORDER BY attr.conrelid, attr.conname
2026-03-15 22:23:05,346 - sqlalchemy.engine.Engine - INFO - [cached since 6.343s ago] {'generate_subscripts_1': 1, 'contype': 'p', 'oids_1': 16422}
2026-03-15 22:23:05,548 - sqlalchemy.engine.Engine - INFO - ROLLBACK
2026-03-15 22:23:05,727 - sqlalchemy.engine.Engine - INFO - 
                SELECT setval(
                    pg_get_serial_sequence('tipos_novedad', 'id'),
                    COALESCE(MAX(id), 1),
                    MAX(id) IS NOT NULL
                )
                FROM "tipos_novedad"
                
2026-03-15 22:23:05,732 - sqlalchemy.engine.Engine - INFO - [generated in 0.00207s] {}
2026-03-15 22:23:05,919 - sqlalchemy.engine.Engine - INFO - BEGIN (implicit)
2026-03-15 22:23:05,919 - sqlalchemy.engine.Engine - INFO - SELECT pg_catalog.pg_class.oid, pg_catalog.pg_class.relname 
FROM pg_catalog.pg_class JOIN pg_catalog.pg_namespace ON pg_catalog.pg_namespace.oid = pg_catalog.pg_class.relnamespace 
WHERE pg_catalog.pg_class.relkind = ANY (ARRAY[%(param_1)s, %(param_2)s, %(param_3)s, %(param_4)s, %(param_5)s]) AND pg_catalog.pg_table_is_visible(pg_catalog.pg_class.oid) AND pg_catalog.pg_namespace.nspname != %(nspname_1)s AND pg_catalog.pg_class.relname IN (%(filter_names_1)s)
2026-03-15 22:23:05,919 - sqlalchemy.engine.Engine - INFO - [cached since 7.297s ago] {'param_1': 'r', 'param_2': 'p', 'param_3': 'f', 'param_4': 'v', 'param_5': 'm', 'nspname_1': 'pg_catalog', 'filter_names_1': 'conceptos_automaticos'}
2026-03-15 22:23:06,283 - sqlalchemy.engine.Engine - INFO - SELECT attr.conrelid, array_agg(CAST(attr.attname AS TEXT) ORDER BY attr.ord) AS cols, attr.conname, min(attr.description) AS description, NULL AS extra 
FROM (SELECT con.conrelid AS conrelid, con.conname AS conname, con.conindid AS conindid, con.description AS description, con.ord AS ord, pg_catalog.pg_attribute.attname AS attname 
FROM pg_catalog.pg_attribute JOIN (SELECT pg_catalog.pg_constraint.conrelid AS conrelid, pg_catalog.pg_constraint.conname AS conname, pg_catalog.pg_constraint.conindid AS conindid, unnest(pg_catalog.pg_constraint.conkey) AS attnum, generate_subscripts(pg_catalog.pg_constraint.conkey, %(generate_subscripts_1)s) AS ord, pg_catalog.pg_description.description AS description 
FROM pg_catalog.pg_constraint LEFT OUTER JOIN pg_catalog.pg_description ON pg_catalog.pg_description.objoid = pg_catalog.pg_constraint.oid 
WHERE pg_catalog.pg_constraint.contype = %(contype)s AND pg_catalog.pg_constraint.conrelid IN (%(oids_1)s)) AS con ON pg_catalog.pg_attribute.attnum = con.attnum AND pg_catalog.pg_attribute.attrelid = con.conrelid 
WHERE con.conrelid IN (%(oids_1)s)) AS attr GROUP BY attr.conrelid, attr.conname ORDER BY attr.conrelid, attr.conname
2026-03-15 22:23:06,283 - sqlalchemy.engine.Engine - INFO - [cached since 7.272s ago] {'generate_subscripts_1': 1, 'contype': 'p', 'oids_1': 16433}
2026-03-15 22:23:06,468 - sqlalchemy.engine.Engine - INFO - ROLLBACK
2026-03-15 22:23:06,654 - sqlalchemy.engine.Engine - INFO - 
                SELECT setval(
                    pg_get_serial_sequence('conceptos_automaticos', 'id'),
                    COALESCE(MAX(id), 1),
                    MAX(id) IS NOT NULL
                )
                FROM "conceptos_automaticos"
                
2026-03-15 22:23:06,656 - sqlalchemy.engine.Engine - INFO - [generated in 0.00212s] {}
2026-03-15 22:23:06,890 - sqlalchemy.engine.Engine - INFO - BEGIN (implicit)
2026-03-15 22:23:06,890 - sqlalchemy.engine.Engine - INFO - SELECT pg_catalog.pg_class.oid, pg_catalog.pg_class.relname 
FROM pg_catalog.pg_class JOIN pg_catalog.pg_namespace ON pg_catalog.pg_namespace.oid = pg_catalog.pg_class.relnamespace 
WHERE pg_catalog.pg_class.relkind = ANY (ARRAY[%(param_1)s, %(param_2)s, %(param_3)s, %(param_4)s, %(param_5)s]) AND pg_catalog.pg_table_is_visible(pg_catalog.pg_class.oid) AND pg_catalog.pg_namespace.nspname != %(nspname_1)s AND pg_catalog.pg_class.relname IN (%(filter_names_1)s)
2026-03-15 22:23:06,899 - sqlalchemy.engine.Engine - INFO - [cached since 8.269s ago] {'param_1': 'r', 'param_2': 'p', 'param_3': 'f', 'param_4': 'v', 'param_5': 'm', 'nspname_1': 'pg_catalog', 'filter_names_1': 'quincenas'}
2026-03-15 22:23:07,269 - sqlalchemy.engine.Engine - INFO - SELECT attr.conrelid, array_agg(CAST(attr.attname AS TEXT) ORDER BY attr.ord) AS cols, attr.conname, min(attr.description) AS description, NULL AS extra 
FROM (SELECT con.conrelid AS conrelid, con.conname AS conname, con.conindid AS conindid, con.description AS description, con.ord AS ord, pg_catalog.pg_attribute.attname AS attname 
FROM pg_catalog.pg_attribute JOIN (SELECT pg_catalog.pg_constraint.conrelid AS conrelid, pg_catalog.pg_constraint.conname AS conname, pg_catalog.pg_constraint.conindid AS conindid, unnest(pg_catalog.pg_constraint.conkey) AS attnum, generate_subscripts(pg_catalog.pg_constraint.conkey, %(generate_subscripts_1)s) AS ord, pg_catalog.pg_description.description AS description 
FROM pg_catalog.pg_constraint LEFT OUTER JOIN pg_catalog.pg_description ON pg_catalog.pg_description.objoid = pg_catalog.pg_constraint.oid 
WHERE pg_catalog.pg_constraint.contype = %(contype)s AND pg_catalog.pg_constraint.conrelid IN (%(oids_1)s)) AS con ON pg_catalog.pg_attribute.attnum = con.attnum AND pg_catalog.pg_attribute.attrelid = con.conrelid 
WHERE con.conrelid IN (%(oids_1)s)) AS attr GROUP BY attr.conrelid, attr.conname ORDER BY attr.conrelid, attr.conname
2026-03-15 22:23:07,272 - sqlalchemy.engine.Engine - INFO - [cached since 8.258s ago] {'generate_subscripts_1': 1, 'contype': 'p', 'oids_1': 16565}
2026-03-15 22:23:07,442 - sqlalchemy.engine.Engine - INFO - ROLLBACK
2026-03-15 22:23:07,654 - sqlalchemy.engine.Engine - INFO - 
                SELECT setval(
                    pg_get_serial_sequence('quincenas', 'id'),
                    COALESCE(MAX(id), 1),
                    MAX(id) IS NOT NULL
                )
                FROM "quincenas"
                
2026-03-15 22:23:07,658 - sqlalchemy.engine.Engine - INFO - [generated in 0.00264s] {}
2026-03-15 22:23:07,840 - sqlalchemy.engine.Engine - INFO - BEGIN (implicit)
2026-03-15 22:23:07,847 - sqlalchemy.engine.Engine - INFO - SELECT pg_catalog.pg_class.oid, pg_catalog.pg_class.relname 
FROM pg_catalog.pg_class JOIN pg_catalog.pg_namespace ON pg_catalog.pg_namespace.oid = pg_catalog.pg_class.relnamespace 
WHERE pg_catalog.pg_class.relkind = ANY (ARRAY[%(param_1)s, %(param_2)s, %(param_3)s, %(param_4)s, %(param_5)s]) AND pg_catalog.pg_table_is_visible(pg_catalog.pg_class.oid) AND pg_catalog.pg_namespace.nspname != %(nspname_1)s AND pg_catalog.pg_class.relname IN (%(filter_names_1)s)
2026-03-15 22:23:07,847 - sqlalchemy.engine.Engine - INFO - [cached since 9.218s ago] {'param_1': 'r', 'param_2': 'p', 'param_3': 'f', 'param_4': 'v', 'param_5': 'm', 'nspname_1': 'pg_catalog', 'filter_names_1': 'empresa'}
2026-03-15 22:23:08,225 - sqlalchemy.engine.Engine - INFO - SELECT attr.conrelid, array_agg(CAST(attr.attname AS TEXT) ORDER BY attr.ord) AS cols, attr.conname, min(attr.description) AS description, NULL AS extra 
FROM (SELECT con.conrelid AS conrelid, con.conname AS conname, con.conindid AS conindid, con.description AS description, con.ord AS ord, pg_catalog.pg_attribute.attname AS attname 
FROM pg_catalog.pg_attribute JOIN (SELECT pg_catalog.pg_constraint.conrelid AS conrelid, pg_catalog.pg_constraint.conname AS conname, pg_catalog.pg_constraint.conindid AS conindid, unnest(pg_catalog.pg_constraint.conkey) AS attnum, generate_subscripts(pg_catalog.pg_constraint.conkey, %(generate_subscripts_1)s) AS ord, pg_catalog.pg_description.description AS description 
FROM pg_catalog.pg_constraint LEFT OUTER JOIN pg_catalog.pg_description ON pg_catalog.pg_description.objoid = pg_catalog.pg_constraint.oid 
WHERE pg_catalog.pg_constraint.contype = %(contype)s AND pg_catalog.pg_constraint.conrelid IN (%(oids_1)s)) AS con ON pg_catalog.pg_attribute.attnum = con.attnum AND pg_catalog.pg_attribute.attrelid = con.conrelid 
WHERE con.conrelid IN (%(oids_1)s)) AS attr GROUP BY attr.conrelid, attr.conname ORDER BY attr.conrelid, attr.conname
2026-03-15 22:23:08,225 - sqlalchemy.engine.Engine - INFO - [cached since 9.218s ago] {'generate_subscripts_1': 1, 'contype': 'p', 'oids_1': 16442}
2026-03-15 22:23:08,409 - sqlalchemy.engine.Engine - INFO - ROLLBACK
2026-03-15 22:23:08,593 - sqlalchemy.engine.Engine - INFO - 
                SELECT setval(
                    pg_get_serial_sequence('empresa', 'id'),
                    COALESCE(MAX(id), 1),
                    MAX(id) IS NOT NULL
                )
                FROM "empresa"
                
2026-03-15 22:23:08,593 - sqlalchemy.engine.Engine - INFO - [generated in 0.00204s] {}
2026-03-15 22:23:08,777 - sqlalchemy.engine.Engine - INFO - BEGIN (implicit)
2026-03-15 22:23:08,792 - sqlalchemy.engine.Engine - INFO - SELECT pg_catalog.pg_class.oid, pg_catalog.pg_class.relname 
FROM pg_catalog.pg_class JOIN pg_catalog.pg_namespace ON pg_catalog.pg_namespace.oid = pg_catalog.pg_class.relnamespace 
WHERE pg_catalog.pg_class.relkind = ANY (ARRAY[%(param_1)s, %(param_2)s, %(param_3)s, %(param_4)s, %(param_5)s]) AND pg_catalog.pg_table_is_visible(pg_catalog.pg_class.oid) AND pg_catalog.pg_namespace.nspname != %(nspname_1)s AND pg_catalog.pg_class.relname IN (%(filter_names_1)s)
2026-03-15 22:23:08,793 - sqlalchemy.engine.Engine - INFO - [cached since 10.16s ago] {'param_1': 'r', 'param_2': 'p', 'param_3': 'f', 'param_4': 'v', 'param_5': 'm', 'nspname_1': 'pg_catalog', 'filter_names_1': 'parametros_descuentos'}
2026-03-15 22:23:09,204 - sqlalchemy.engine.Engine - INFO - SELECT attr.conrelid, array_agg(CAST(attr.attname AS TEXT) ORDER BY attr.ord) AS cols, attr.conname, min(attr.description) AS description, NULL AS extra 
FROM (SELECT con.conrelid AS conrelid, con.conname AS conname, con.conindid AS conindid, con.description AS description, con.ord AS ord, pg_catalog.pg_attribute.attname AS attname 
FROM pg_catalog.pg_attribute JOIN (SELECT pg_catalog.pg_constraint.conrelid AS conrelid, pg_catalog.pg_constraint.conname AS conname, pg_catalog.pg_constraint.conindid AS conindid, unnest(pg_catalog.pg_constraint.conkey) AS attnum, generate_subscripts(pg_catalog.pg_constraint.conkey, %(generate_subscripts_1)s) AS ord, pg_catalog.pg_description.description AS description 
FROM pg_catalog.pg_constraint LEFT OUTER JOIN pg_catalog.pg_description ON pg_catalog.pg_description.objoid = pg_catalog.pg_constraint.oid 
WHERE pg_catalog.pg_constraint.contype = %(contype)s AND pg_catalog.pg_constraint.conrelid IN (%(oids_1)s)) AS con ON pg_catalog.pg_attribute.attnum = con.attnum AND pg_catalog.pg_attribute.attrelid = con.conrelid 
WHERE con.conrelid IN (%(oids_1)s)) AS attr GROUP BY attr.conrelid, attr.conname ORDER BY attr.conrelid, attr.conname
2026-03-15 22:23:09,204 - sqlalchemy.engine.Engine - INFO - [cached since 10.2s ago] {'generate_subscripts_1': 1, 'contype': 'p', 'oids_1': 16453}
2026-03-15 22:23:09,420 - sqlalchemy.engine.Engine - INFO - ROLLBACK
2026-03-15 22:23:09,599 - sqlalchemy.engine.Engine - INFO - 
                SELECT setval(
                    pg_get_serial_sequence('parametros_descuentos', 'id'),
                    COALESCE(MAX(id), 1),
                    MAX(id) IS NOT NULL
                )
                FROM "parametros_descuentos"
                
2026-03-15 22:23:09,599 - sqlalchemy.engine.Engine - INFO - [generated in 0.00206s] {}
2026-03-15 22:23:09,832 - sqlalchemy.engine.Engine - INFO - BEGIN (implicit)
2026-03-15 22:23:09,832 - sqlalchemy.engine.Engine - INFO - SELECT pg_catalog.pg_class.oid, pg_catalog.pg_class.relname 
FROM pg_catalog.pg_class JOIN pg_catalog.pg_namespace ON pg_catalog.pg_namespace.oid = pg_catalog.pg_class.relnamespace 
WHERE pg_catalog.pg_class.relkind = ANY (ARRAY[%(param_1)s, %(param_2)s, %(param_3)s, %(param_4)s, %(param_5)s]) AND pg_catalog.pg_table_is_visible(pg_catalog.pg_class.oid) AND pg_catalog.pg_namespace.nspname != %(nspname_1)s AND pg_catalog.pg_class.relname IN (%(filter_names_1)s)
2026-03-15 22:23:09,832 - sqlalchemy.engine.Engine - INFO - [cached since 11.21s ago] {'param_1': 'r', 'param_2': 'p', 'param_3': 'f', 'param_4': 'v', 'param_5': 'm', 'nspname_1': 'pg_catalog', 'filter_names_1': 'servicios'}
2026-03-15 22:23:10,192 - sqlalchemy.engine.Engine - INFO - SELECT attr.conrelid, array_agg(CAST(attr.attname AS TEXT) ORDER BY attr.ord) AS cols, attr.conname, min(attr.description) AS description, NULL AS extra 
FROM (SELECT con.conrelid AS conrelid, con.conname AS conname, con.conindid AS conindid, con.description AS description, con.ord AS ord, pg_catalog.pg_attribute.attname AS attname 
FROM pg_catalog.pg_attribute JOIN (SELECT pg_catalog.pg_constraint.conrelid AS conrelid, pg_catalog.pg_constraint.conname AS conname, pg_catalog.pg_constraint.conindid AS conindid, unnest(pg_catalog.pg_constraint.conkey) AS attnum, generate_subscripts(pg_catalog.pg_constraint.conkey, %(generate_subscripts_1)s) AS ord, pg_catalog.pg_description.description AS description 
FROM pg_catalog.pg_constraint LEFT OUTER JOIN pg_catalog.pg_description ON pg_catalog.pg_description.objoid = pg_catalog.pg_constraint.oid 
WHERE pg_catalog.pg_constraint.contype = %(contype)s AND pg_catalog.pg_constraint.conrelid IN (%(oids_1)s)) AS con ON pg_catalog.pg_attribute.attnum = con.attnum AND pg_catalog.pg_attribute.attrelid = con.conrelid 
WHERE con.conrelid IN (%(oids_1)s)) AS attr GROUP BY attr.conrelid, attr.conname ORDER BY attr.conrelid, attr.conname
2026-03-15 22:23:10,192 - sqlalchemy.engine.Engine - INFO - [cached since 11.18s ago] {'generate_subscripts_1': 1, 'contype': 'p', 'oids_1': 16464}
2026-03-15 22:23:10,373 - sqlalchemy.engine.Engine - INFO - ROLLBACK
2026-03-15 22:23:10,557 - sqlalchemy.engine.Engine - INFO - 
                SELECT setval(
                    pg_get_serial_sequence('servicios', 'id'),
                    COALESCE(MAX(id), 1),
                    MAX(id) IS NOT NULL
                )
                FROM "servicios"
                
2026-03-15 22:23:10,557 - sqlalchemy.engine.Engine - INFO - [generated in 0.00221s] {}
2026-03-15 22:23:10,751 - sqlalchemy.engine.Engine - INFO - BEGIN (implicit)
2026-03-15 22:23:10,751 - sqlalchemy.engine.Engine - INFO - SELECT pg_catalog.pg_class.oid, pg_catalog.pg_class.relname 
FROM pg_catalog.pg_class JOIN pg_catalog.pg_namespace ON pg_catalog.pg_namespace.oid = pg_catalog.pg_class.relnamespace 
WHERE pg_catalog.pg_class.relkind = ANY (ARRAY[%(param_1)s, %(param_2)s, %(param_3)s, %(param_4)s, %(param_5)s]) AND pg_catalog.pg_table_is_visible(pg_catalog.pg_class.oid) AND pg_catalog.pg_namespace.nspname != %(nspname_1)s AND pg_catalog.pg_class.relname IN (%(filter_names_1)s)
2026-03-15 22:23:10,765 - sqlalchemy.engine.Engine - INFO - [cached since 12.13s ago] {'param_1': 'r', 'param_2': 'p', 'param_3': 'f', 'param_4': 'v', 'param_5': 'm', 'nspname_1': 'pg_catalog', 'filter_names_1': 'servicios_periodos'}
2026-03-15 22:23:11,119 - sqlalchemy.engine.Engine - INFO - SELECT attr.conrelid, array_agg(CAST(attr.attname AS TEXT) ORDER BY attr.ord) AS cols, attr.conname, min(attr.description) AS description, NULL AS extra 
FROM (SELECT con.conrelid AS conrelid, con.conname AS conname, con.conindid AS conindid, con.description AS description, con.ord AS ord, pg_catalog.pg_attribute.attname AS attname 
FROM pg_catalog.pg_attribute JOIN (SELECT pg_catalog.pg_constraint.conrelid AS conrelid, pg_catalog.pg_constraint.conname AS conname, pg_catalog.pg_constraint.conindid AS conindid, unnest(pg_catalog.pg_constraint.conkey) AS attnum, generate_subscripts(pg_catalog.pg_constraint.conkey, %(generate_subscripts_1)s) AS ord, pg_catalog.pg_description.description AS description 
FROM pg_catalog.pg_constraint LEFT OUTER JOIN pg_catalog.pg_description ON pg_catalog.pg_description.objoid = pg_catalog.pg_constraint.oid 
WHERE pg_catalog.pg_constraint.contype = %(contype)s AND pg_catalog.pg_constraint.conrelid IN (%(oids_1)s)) AS con ON pg_catalog.pg_attribute.attnum = con.attnum AND pg_catalog.pg_attribute.attrelid = con.conrelid 
WHERE con.conrelid IN (%(oids_1)s)) AS attr GROUP BY attr.conrelid, attr.conname ORDER BY attr.conrelid, attr.conname
2026-03-15 22:23:11,133 - sqlalchemy.engine.Engine - INFO - [cached since 12.12s ago] {'generate_subscripts_1': 1, 'contype': 'p', 'oids_1': 16473}
2026-03-15 22:23:11,485 - sqlalchemy.engine.Engine - INFO - ROLLBACK
2026-03-15 22:23:11,685 - sqlalchemy.engine.Engine - INFO - 
                SELECT setval(
                    pg_get_serial_sequence('servicios_periodos', 'id'),
                    COALESCE(MAX(id), 1),
                    MAX(id) IS NOT NULL
                )
                FROM "servicios_periodos"
                
2026-03-15 22:23:11,685 - sqlalchemy.engine.Engine - INFO - [generated in 0.00214s] {}
2026-03-15 22:23:11,887 - sqlalchemy.engine.Engine - INFO - BEGIN (implicit)
2026-03-15 22:23:11,887 - sqlalchemy.engine.Engine - INFO - SELECT pg_catalog.pg_class.oid, pg_catalog.pg_class.relname 
FROM pg_catalog.pg_class JOIN pg_catalog.pg_namespace ON pg_catalog.pg_namespace.oid = pg_catalog.pg_class.relnamespace 
WHERE pg_catalog.pg_class.relkind = ANY (ARRAY[%(param_1)s, %(param_2)s, %(param_3)s, %(param_4)s, %(param_5)s]) AND pg_catalog.pg_table_is_visible(pg_catalog.pg_class.oid) AND pg_catalog.pg_namespace.nspname != %(nspname_1)s AND pg_catalog.pg_class.relname IN (%(filter_names_1)s)
2026-03-15 22:23:11,887 - sqlalchemy.engine.Engine - INFO - [cached since 13.26s ago] {'param_1': 'r', 'param_2': 'p', 'param_3': 'f', 'param_4': 'v', 'param_5': 'm', 'nspname_1': 'pg_catalog', 'filter_names_1': 'prestamos_empresa'}
2026-03-15 22:23:12,254 - sqlalchemy.engine.Engine - INFO - SELECT attr.conrelid, array_agg(CAST(attr.attname AS TEXT) ORDER BY attr.ord) AS cols, attr.conname, min(attr.description) AS description, NULL AS extra 
FROM (SELECT con.conrelid AS conrelid, con.conname AS conname, con.conindid AS conindid, con.description AS description, con.ord AS ord, pg_catalog.pg_attribute.attname AS attname 
FROM pg_catalog.pg_attribute JOIN (SELECT pg_catalog.pg_constraint.conrelid AS conrelid, pg_catalog.pg_constraint.conname AS conname, pg_catalog.pg_constraint.conindid AS conindid, unnest(pg_catalog.pg_constraint.conkey) AS attnum, generate_subscripts(pg_catalog.pg_constraint.conkey, %(generate_subscripts_1)s) AS ord, pg_catalog.pg_description.description AS description 
FROM pg_catalog.pg_constraint LEFT OUTER JOIN pg_catalog.pg_description ON pg_catalog.pg_description.objoid = pg_catalog.pg_constraint.oid 
WHERE pg_catalog.pg_constraint.contype = %(contype)s AND pg_catalog.pg_constraint.conrelid IN (%(oids_1)s)) AS con ON pg_catalog.pg_attribute.attnum = con.attnum AND pg_catalog.pg_attribute.attrelid = con.conrelid 
WHERE con.conrelid IN (%(oids_1)s)) AS attr GROUP BY attr.conrelid, attr.conname ORDER BY attr.conrelid, attr.conname
2026-03-15 22:23:12,256 - sqlalchemy.engine.Engine - INFO - [cached since 13.24s ago] {'generate_subscripts_1': 1, 'contype': 'p', 'oids_1': 16480}
2026-03-15 22:23:12,460 - sqlalchemy.engine.Engine - INFO - ROLLBACK
2026-03-15 22:23:12,658 - sqlalchemy.engine.Engine - INFO - 
                SELECT setval(
                    pg_get_serial_sequence('prestamos_empresa', 'id'),
                    COALESCE(MAX(id), 1),
                    MAX(id) IS NOT NULL
                )
                FROM "prestamos_empresa"
                
2026-03-15 22:23:12,658 - sqlalchemy.engine.Engine - INFO - [generated in 0.00231s] {}
2026-03-15 22:23:12,874 - sqlalchemy.engine.Engine - INFO - BEGIN (implicit)
2026-03-15 22:23:12,874 - sqlalchemy.engine.Engine - INFO - SELECT pg_catalog.pg_class.oid, pg_catalog.pg_class.relname 
FROM pg_catalog.pg_class JOIN pg_catalog.pg_namespace ON pg_catalog.pg_namespace.oid = pg_catalog.pg_class.relnamespace 
WHERE pg_catalog.pg_class.relkind = ANY (ARRAY[%(param_1)s, %(param_2)s, %(param_3)s, %(param_4)s, %(param_5)s]) AND pg_catalog.pg_table_is_visible(pg_catalog.pg_class.oid) AND pg_catalog.pg_namespace.nspname != %(nspname_1)s AND pg_catalog.pg_class.relname IN (%(filter_names_1)s)
2026-03-15 22:23:12,874 - sqlalchemy.engine.Engine - INFO - [cached since 14.25s ago] {'param_1': 'r', 'param_2': 'p', 'param_3': 'f', 'param_4': 'v', 'param_5': 'm', 'nspname_1': 'pg_catalog', 'filter_names_1': 'novedades'}
2026-03-15 22:23:13,244 - sqlalchemy.engine.Engine - INFO - SELECT attr.conrelid, array_agg(CAST(attr.attname AS TEXT) ORDER BY attr.ord) AS cols, attr.conname, min(attr.description) AS description, NULL AS extra 
FROM (SELECT con.conrelid AS conrelid, con.conname AS conname, con.conindid AS conindid, con.description AS description, con.ord AS ord, pg_catalog.pg_attribute.attname AS attname 
FROM pg_catalog.pg_attribute JOIN (SELECT pg_catalog.pg_constraint.conrelid AS conrelid, pg_catalog.pg_constraint.conname AS conname, pg_catalog.pg_constraint.conindid AS conindid, unnest(pg_catalog.pg_constraint.conkey) AS attnum, generate_subscripts(pg_catalog.pg_constraint.conkey, %(generate_subscripts_1)s) AS ord, pg_catalog.pg_description.description AS description 
FROM pg_catalog.pg_constraint LEFT OUTER JOIN pg_catalog.pg_description ON pg_catalog.pg_description.objoid = pg_catalog.pg_constraint.oid 
WHERE pg_catalog.pg_constraint.contype = %(contype)s AND pg_catalog.pg_constraint.conrelid IN (%(oids_1)s)) AS con ON pg_catalog.pg_attribute.attnum = con.attnum AND pg_catalog.pg_attribute.attrelid = con.conrelid 
WHERE con.conrelid IN (%(oids_1)s)) AS attr GROUP BY attr.conrelid, attr.conname ORDER BY attr.conrelid, attr.conname
2026-03-15 22:23:13,257 - sqlalchemy.engine.Engine - INFO - [cached since 14.24s ago] {'generate_subscripts_1': 1, 'contype': 'p', 'oids_1': 16518}
2026-03-15 22:23:13,472 - sqlalchemy.engine.Engine - INFO - ROLLBACK
2026-03-15 22:23:13,649 - sqlalchemy.engine.Engine - INFO - 
                SELECT setval(
                    pg_get_serial_sequence('novedades', 'id'),
                    COALESCE(MAX(id), 1),
                    MAX(id) IS NOT NULL
                )
                FROM "novedades"
                
2026-03-15 22:23:13,659 - sqlalchemy.engine.Engine - INFO - [generated in 0.00239s] {}
2026-03-15 22:23:13,848 - sqlalchemy.engine.Engine - INFO - BEGIN (implicit)
2026-03-15 22:23:13,848 - sqlalchemy.engine.Engine - INFO - SELECT pg_catalog.pg_class.oid, pg_catalog.pg_class.relname 
FROM pg_catalog.pg_class JOIN pg_catalog.pg_namespace ON pg_catalog.pg_namespace.oid = pg_catalog.pg_class.relnamespace 
WHERE pg_catalog.pg_class.relkind = ANY (ARRAY[%(param_1)s, %(param_2)s, %(param_3)s, %(param_4)s, %(param_5)s]) AND pg_catalog.pg_table_is_visible(pg_catalog.pg_class.oid) AND pg_catalog.pg_namespace.nspname != %(nspname_1)s AND pg_catalog.pg_class.relname IN (%(filter_names_1)s)
2026-03-15 22:23:13,861 - sqlalchemy.engine.Engine - INFO - [cached since 15.23s ago] {'param_1': 'r', 'param_2': 'p', 'param_3': 'f', 'param_4': 'v', 'param_5': 'm', 'nspname_1': 'pg_catalog', 'filter_names_1': 'liquidos_quincena'}
2026-03-15 22:23:14,229 - sqlalchemy.engine.Engine - INFO - SELECT attr.conrelid, array_agg(CAST(attr.attname AS TEXT) ORDER BY attr.ord) AS cols, attr.conname, min(attr.description) AS description, NULL AS extra 
FROM (SELECT con.conrelid AS conrelid, con.conname AS conname, con.conindid AS conindid, con.description AS description, con.ord AS ord, pg_catalog.pg_attribute.attname AS attname 
FROM pg_catalog.pg_attribute JOIN (SELECT pg_catalog.pg_constraint.conrelid AS conrelid, pg_catalog.pg_constraint.conname AS conname, pg_catalog.pg_constraint.conindid AS conindid, unnest(pg_catalog.pg_constraint.conkey) AS attnum, generate_subscripts(pg_catalog.pg_constraint.conkey, %(generate_subscripts_1)s) AS ord, pg_catalog.pg_description.description AS description 
FROM pg_catalog.pg_constraint LEFT OUTER JOIN pg_catalog.pg_description ON pg_catalog.pg_description.objoid = pg_catalog.pg_constraint.oid 
WHERE pg_catalog.pg_constraint.contype = %(contype)s AND pg_catalog.pg_constraint.conrelid IN (%(oids_1)s)) AS con ON pg_catalog.pg_attribute.attnum = con.attnum AND pg_catalog.pg_attribute.attrelid = con.conrelid 
WHERE con.conrelid IN (%(oids_1)s)) AS attr GROUP BY attr.conrelid, attr.conname ORDER BY attr.conrelid, attr.conname
2026-03-15 22:23:14,229 - sqlalchemy.engine.Engine - INFO - [cached since 15.22s ago] {'generate_subscripts_1': 1, 'contype': 'p', 'oids_1': 16634}
2026-03-15 22:23:14,413 - sqlalchemy.engine.Engine - INFO - ROLLBACK
2026-03-15 22:23:14,614 - sqlalchemy.engine.Engine - INFO - 
                SELECT setval(
                    pg_get_serial_sequence('liquidos_quincena', 'id'),
                    COALESCE(MAX(id), 1),
                    MAX(id) IS NOT NULL
                )
                FROM "liquidos_quincena"
                
2026-03-15 22:23:14,614 - sqlalchemy.engine.Engine - INFO - [generated in 0.00246s] {}
2026-03-15 22:23:14,843 - sqlalchemy.engine.Engine - INFO - BEGIN (implicit)
2026-03-15 22:23:14,843 - sqlalchemy.engine.Engine - INFO - SELECT pg_catalog.pg_class.oid, pg_catalog.pg_class.relname 
FROM pg_catalog.pg_class JOIN pg_catalog.pg_namespace ON pg_catalog.pg_namespace.oid = pg_catalog.pg_class.relnamespace 
WHERE pg_catalog.pg_class.relkind = ANY (ARRAY[%(param_1)s, %(param_2)s, %(param_3)s, %(param_4)s, %(param_5)s]) AND pg_catalog.pg_table_is_visible(pg_catalog.pg_class.oid) AND pg_catalog.pg_namespace.nspname != %(nspname_1)s AND pg_catalog.pg_class.relname IN (%(filter_names_1)s)
2026-03-15 22:23:14,843 - sqlalchemy.engine.Engine - INFO - [cached since 16.22s ago] {'param_1': 'r', 'param_2': 'p', 'param_3': 'f', 'param_4': 'v', 'param_5': 'm', 'nspname_1': 'pg_catalog', 'filter_names_1': 'servicios_novedades'}
2026-03-15 22:23:15,234 - sqlalchemy.engine.Engine - INFO - SELECT attr.conrelid, array_agg(CAST(attr.attname AS TEXT) ORDER BY attr.ord) AS cols, attr.conname, min(attr.description) AS description, NULL AS extra 
FROM (SELECT con.conrelid AS conrelid, con.conname AS conname, con.conindid AS conindid, con.description AS description, con.ord AS ord, pg_catalog.pg_attribute.attname AS attname 
FROM pg_catalog.pg_attribute JOIN (SELECT pg_catalog.pg_constraint.conrelid AS conrelid, pg_catalog.pg_constraint.conname AS conname, pg_catalog.pg_constraint.conindid AS conindid, unnest(pg_catalog.pg_constraint.conkey) AS attnum, generate_subscripts(pg_catalog.pg_constraint.conkey, %(generate_subscripts_1)s) AS ord, pg_catalog.pg_description.description AS description 
FROM pg_catalog.pg_constraint LEFT OUTER JOIN pg_catalog.pg_description ON pg_catalog.pg_description.objoid = pg_catalog.pg_constraint.oid 
WHERE pg_catalog.pg_constraint.contype = %(contype)s AND pg_catalog.pg_constraint.conrelid IN (%(oids_1)s)) AS con ON pg_catalog.pg_attribute.attnum = con.attnum AND pg_catalog.pg_attribute.attrelid = con.conrelid 
WHERE con.conrelid IN (%(oids_1)s)) AS attr GROUP BY attr.conrelid, attr.conname ORDER BY attr.conrelid, attr.conname
2026-03-15 22:23:15,234 - sqlalchemy.engine.Engine - INFO - [cached since 16.23s ago] {'generate_subscripts_1': 1, 'contype': 'p', 'oids_1': 16537}
2026-03-15 22:23:15,436 - sqlalchemy.engine.Engine - INFO - ROLLBACK
2026-03-15 22:23:15,617 - sqlalchemy.engine.Engine - INFO - 
                SELECT setval(
                    pg_get_serial_sequence('servicios_novedades', 'id'),
                    COALESCE(MAX(id), 1),
                    MAX(id) IS NOT NULL
                )
                FROM "servicios_novedades"
                
2026-03-15 22:23:15,620 - sqlalchemy.engine.Engine - INFO - [generated in 0.00223s] {}
2026-03-15 22:23:15,818 - sqlalchemy.engine.Engine - INFO - BEGIN (implicit)
2026-03-15 22:23:15,818 - sqlalchemy.engine.Engine - INFO - SELECT pg_catalog.pg_class.oid, pg_catalog.pg_class.relname 
FROM pg_catalog.pg_class JOIN pg_catalog.pg_namespace ON pg_catalog.pg_namespace.oid = pg_catalog.pg_class.relnamespace 
WHERE pg_catalog.pg_class.relkind = ANY (ARRAY[%(param_1)s, %(param_2)s, %(param_3)s, %(param_4)s, %(param_5)s]) AND pg_catalog.pg_table_is_visible(pg_catalog.pg_class.oid) AND pg_catalog.pg_namespace.nspname != %(nspname_1)s AND pg_catalog.pg_class.relname IN (%(filter_names_1)s)
2026-03-15 22:23:15,833 - sqlalchemy.engine.Engine - INFO - [cached since 17.2s ago] {'param_1': 'r', 'param_2': 'p', 'param_3': 'f', 'param_4': 'v', 'param_5': 'm', 'nspname_1': 'pg_catalog', 'filter_names_1': 'prestamos_novedades'}
2026-03-15 22:23:16,202 - sqlalchemy.engine.Engine - INFO - SELECT attr.conrelid, array_agg(CAST(attr.attname AS TEXT) ORDER BY attr.ord) AS cols, attr.conname, min(attr.description) AS description, NULL AS extra 
FROM (SELECT con.conrelid AS conrelid, con.conname AS conname, con.conindid AS conindid, con.description AS description, con.ord AS ord, pg_catalog.pg_attribute.attname AS attname 
FROM pg_catalog.pg_attribute JOIN (SELECT pg_catalog.pg_constraint.conrelid AS conrelid, pg_catalog.pg_constraint.conname AS conname, pg_catalog.pg_constraint.conindid AS conindid, unnest(pg_catalog.pg_constraint.conkey) AS attnum, generate_subscripts(pg_catalog.pg_constraint.conkey, %(generate_subscripts_1)s) AS ord, pg_catalog.pg_description.description AS description 
FROM pg_catalog.pg_constraint LEFT OUTER JOIN pg_catalog.pg_description ON pg_catalog.pg_description.objoid = pg_catalog.pg_constraint.oid 
WHERE pg_catalog.pg_constraint.contype = %(contype)s AND pg_catalog.pg_constraint.conrelid IN (%(oids_1)s)) AS con ON pg_catalog.pg_attribute.attnum = con.attnum AND pg_catalog.pg_attribute.attrelid = con.conrelid 
WHERE con.conrelid IN (%(oids_1)s)) AS attr GROUP BY attr.conrelid, attr.conname ORDER BY attr.conrelid, attr.conname
2026-03-15 22:23:16,202 - sqlalchemy.engine.Engine - INFO - [cached since 17.2s ago] {'generate_subscripts_1': 1, 'contype': 'p', 'oids_1': 16551}
2026-03-15 22:23:16,387 - sqlalchemy.engine.Engine - INFO - ROLLBACK
2026-03-15 22:23:16,571 - sqlalchemy.engine.Engine - INFO - 
                SELECT setval(
                    pg_get_serial_sequence('prestamos_novedades', 'id'),
                    COALESCE(MAX(id), 1),
                    MAX(id) IS NOT NULL
                )
                FROM "prestamos_novedades"
                
2026-03-15 22:23:16,587 - sqlalchemy.engine.Engine - INFO - [generated in 0.00228s] {}
2026-03-15 22:23:16,804 - sqlalchemy.engine.Engine - INFO - BEGIN (implicit)
2026-03-15 22:23:16,807 - sqlalchemy.engine.Engine - INFO - SELECT pg_catalog.pg_class.oid, pg_catalog.pg_class.relname 
FROM pg_catalog.pg_class JOIN pg_catalog.pg_namespace ON pg_catalog.pg_namespace.oid = pg_catalog.pg_class.relnamespace 
WHERE pg_catalog.pg_class.relkind = ANY (ARRAY[%(param_1)s, %(param_2)s, %(param_3)s, %(param_4)s, %(param_5)s]) AND pg_catalog.pg_table_is_visible(pg_catalog.pg_class.oid) AND pg_catalog.pg_namespace.nspname != %(nspname_1)s AND pg_catalog.pg_class.relname IN (%(filter_names_1)s)
2026-03-15 22:23:16,807 - sqlalchemy.engine.Engine - INFO - [cached since 18.18s ago] {'param_1': 'r', 'param_2': 'p', 'param_3': 'f', 'param_4': 'v', 'param_5': 'm', 'nspname_1': 'pg_catalog', 'filter_names_1': 'audit_logs'}
2026-03-15 22:23:17,184 - sqlalchemy.engine.Engine - INFO - SELECT attr.conrelid, array_agg(CAST(attr.attname AS TEXT) ORDER BY attr.ord) AS cols, attr.conname, min(attr.description) AS description, NULL AS extra 
FROM (SELECT con.conrelid AS conrelid, con.conname AS conname, con.conindid AS conindid, con.description AS description, con.ord AS ord, pg_catalog.pg_attribute.attname AS attname 
FROM pg_catalog.pg_attribute JOIN (SELECT pg_catalog.pg_constraint.conrelid AS conrelid, pg_catalog.pg_constraint.conname AS conname, pg_catalog.pg_constraint.conindid AS conindid, unnest(pg_catalog.pg_constraint.conkey) AS attnum, generate_subscripts(pg_catalog.pg_constraint.conkey, %(generate_subscripts_1)s) AS ord, pg_catalog.pg_description.description AS description 
FROM pg_catalog.pg_constraint LEFT OUTER JOIN pg_catalog.pg_description ON pg_catalog.pg_description.objoid = pg_catalog.pg_constraint.oid 
WHERE pg_catalog.pg_constraint.contype = %(contype)s AND pg_catalog.pg_constraint.conrelid IN (%(oids_1)s)) AS con ON pg_catalog.pg_attribute.attnum = con.attnum AND pg_catalog.pg_attribute.attrelid = con.conrelid 
WHERE con.conrelid IN (%(oids_1)s)) AS attr GROUP BY attr.conrelid, attr.conname ORDER BY attr.conrelid, attr.conname
2026-03-15 22:23:17,189 - sqlalchemy.engine.Engine - INFO - [cached since 18.17s ago] {'generate_subscripts_1': 1, 'contype': 'p', 'oids_1': 16582}
2026-03-15 22:23:17,390 - sqlalchemy.engine.Engine - INFO - ROLLBACK
2026-03-15 22:23:17,574 - sqlalchemy.engine.Engine - INFO - 
                SELECT setval(
                    pg_get_serial_sequence('audit_logs', 'id'),
                    COALESCE(MAX(id), 1),
                    MAX(id) IS NOT NULL
                )
                FROM "audit_logs"
                
2026-03-15 22:23:17,574 - sqlalchemy.engine.Engine - INFO - [generated in 0.00239s] {}
2026-03-15 22:23:17,776 - sqlalchemy.engine.Engine - INFO - BEGIN (implicit)
2026-03-15 22:23:17,776 - sqlalchemy.engine.Engine - INFO - SELECT pg_catalog.pg_class.oid, pg_catalog.pg_class.relname 
FROM pg_catalog.pg_class JOIN pg_catalog.pg_namespace ON pg_catalog.pg_namespace.oid = pg_catalog.pg_class.relnamespace 
WHERE pg_catalog.pg_class.relkind = ANY (ARRAY[%(param_1)s, %(param_2)s, %(param_3)s, %(param_4)s, %(param_5)s]) AND pg_catalog.pg_table_is_visible(pg_catalog.pg_class.oid) AND pg_catalog.pg_namespace.nspname != %(nspname_1)s AND pg_catalog.pg_class.relname IN (%(filter_names_1)s)
2026-03-15 22:23:17,776 - sqlalchemy.engine.Engine - INFO - [cached since 19.15s ago] {'param_1': 'r', 'param_2': 'p', 'param_3': 'f', 'param_4': 'v', 'param_5': 'm', 'nspname_1': 'pg_catalog', 'filter_names_1': 'pagos'}
2026-03-15 22:23:18,172 - sqlalchemy.engine.Engine - INFO - SELECT attr.conrelid, array_agg(CAST(attr.attname AS TEXT) ORDER BY attr.ord) AS cols, attr.conname, min(attr.description) AS description, NULL AS extra 
FROM (SELECT con.conrelid AS conrelid, con.conname AS conname, con.conindid AS conindid, con.description AS description, con.ord AS ord, pg_catalog.pg_attribute.attname AS attname 
FROM pg_catalog.pg_attribute JOIN (SELECT pg_catalog.pg_constraint.conrelid AS conrelid, pg_catalog.pg_constraint.conname AS conname, pg_catalog.pg_constraint.conindid AS conindid, unnest(pg_catalog.pg_constraint.conkey) AS attnum, generate_subscripts(pg_catalog.pg_constraint.conkey, %(generate_subscripts_1)s) AS ord, pg_catalog.pg_description.description AS description 
FROM pg_catalog.pg_constraint LEFT OUTER JOIN pg_catalog.pg_description ON pg_catalog.pg_description.objoid = pg_catalog.pg_constraint.oid 
WHERE pg_catalog.pg_constraint.contype = %(contype)s AND pg_catalog.pg_constraint.conrelid IN (%(oids_1)s)) AS con ON pg_catalog.pg_attribute.attnum = con.attnum AND pg_catalog.pg_attribute.attrelid = con.conrelid 
WHERE con.conrelid IN (%(oids_1)s)) AS attr GROUP BY attr.conrelid, attr.conname ORDER BY attr.conrelid, attr.conname
2026-03-15 22:23:18,172 - sqlalchemy.engine.Engine - INFO - [cached since 19.16s ago] {'generate_subscripts_1': 1, 'contype': 'p', 'oids_1': 16673}
2026-03-15 22:23:18,348 - sqlalchemy.engine.Engine - INFO - ROLLBACK
2026-03-15 22:23:18,890 - sqlalchemy.engine.Engine - INFO - 
                SELECT setval(
                    pg_get_serial_sequence('pagos', 'id'),
                    COALESCE(MAX(id), 1),
                    MAX(id) IS NOT NULL
                )
                FROM "pagos"
                
2026-03-15 22:23:18,890 - sqlalchemy.engine.Engine - INFO - [generated in 0.00206s] {}
2026-03-15 22:23:19,080 - sqlalchemy.engine.Engine - INFO - BEGIN (implicit)
2026-03-15 22:23:19,093 - sqlalchemy.engine.Engine - INFO - SELECT pg_catalog.pg_class.oid, pg_catalog.pg_class.relname 
FROM pg_catalog.pg_class JOIN pg_catalog.pg_namespace ON pg_catalog.pg_namespace.oid = pg_catalog.pg_class.relnamespace 
WHERE pg_catalog.pg_class.relkind = ANY (ARRAY[%(param_1)s, %(param_2)s, %(param_3)s, %(param_4)s, %(param_5)s]) AND pg_catalog.pg_table_is_visible(pg_catalog.pg_class.oid) AND pg_catalog.pg_namespace.nspname != %(nspname_1)s AND pg_catalog.pg_class.relname IN (%(filter_names_1)s)
2026-03-15 22:23:19,096 - sqlalchemy.engine.Engine - INFO - [cached since 20.47s ago] {'param_1': 'r', 'param_2': 'p', 'param_3': 'f', 'param_4': 'v', 'param_5': 'm', 'nspname_1': 'pg_catalog', 'filter_names_1': 'servicios_pagos'}
2026-03-15 22:23:19,481 - sqlalchemy.engine.Engine - INFO - SELECT attr.conrelid, array_agg(CAST(attr.attname AS TEXT) ORDER BY attr.ord) AS cols, attr.conname, min(attr.description) AS description, NULL AS extra 
FROM (SELECT con.conrelid AS conrelid, con.conname AS conname, con.conindid AS conindid, con.description AS description, con.ord AS ord, pg_catalog.pg_attribute.attname AS attname 
FROM pg_catalog.pg_attribute JOIN (SELECT pg_catalog.pg_constraint.conrelid AS conrelid, pg_catalog.pg_constraint.conname AS conname, pg_catalog.pg_constraint.conindid AS conindid, unnest(pg_catalog.pg_constraint.conkey) AS attnum, generate_subscripts(pg_catalog.pg_constraint.conkey, %(generate_subscripts_1)s) AS ord, pg_catalog.pg_description.description AS description 
FROM pg_catalog.pg_constraint LEFT OUTER JOIN pg_catalog.pg_description ON pg_catalog.pg_description.objoid = pg_catalog.pg_constraint.oid 
WHERE pg_catalog.pg_constraint.contype = %(contype)s AND pg_catalog.pg_constraint.conrelid IN (%(oids_1)s)) AS con ON pg_catalog.pg_attribute.attnum = con.attnum AND pg_catalog.pg_attribute.attrelid = con.conrelid 
WHERE con.conrelid IN (%(oids_1)s)) AS attr GROUP BY attr.conrelid, attr.conname ORDER BY attr.conrelid, attr.conname
2026-03-15 22:23:19,485 - sqlalchemy.engine.Engine - INFO - [cached since 20.47s ago] {'generate_subscripts_1': 1, 'contype': 'p', 'oids_1': 16596}
2026-03-15 22:23:19,669 - sqlalchemy.engine.Engine - INFO - ROLLBACK
2026-03-15 22:23:19,898 - sqlalchemy.engine.Engine - INFO - 
                SELECT setval(
                    pg_get_serial_sequence('servicios_pagos', 'id'),
                    COALESCE(MAX(id), 1),
                    MAX(id) IS NOT NULL
                )
                FROM "servicios_pagos"
                
2026-03-15 22:23:19,898 - sqlalchemy.engine.Engine - INFO - [generated in 0.00210s] {}
2026-03-15 22:23:20,087 - sqlalchemy.engine.Engine - INFO - BEGIN (implicit)
2026-03-15 22:23:20,087 - sqlalchemy.engine.Engine - INFO - SELECT pg_catalog.pg_class.oid, pg_catalog.pg_class.relname 
FROM pg_catalog.pg_class JOIN pg_catalog.pg_namespace ON pg_catalog.pg_namespace.oid = pg_catalog.pg_class.relnamespace 
WHERE pg_catalog.pg_class.relkind = ANY (ARRAY[%(param_1)s, %(param_2)s, %(param_3)s, %(param_4)s, %(param_5)s]) AND pg_catalog.pg_table_is_visible(pg_catalog.pg_class.oid) AND pg_catalog.pg_namespace.nspname != %(nspname_1)s AND pg_catalog.pg_class.relname IN (%(filter_names_1)s)
2026-03-15 22:23:20,091 - sqlalchemy.engine.Engine - INFO - [cached since 21.46s ago] {'param_1': 'r', 'param_2': 'p', 'param_3': 'f', 'param_4': 'v', 'param_5': 'm', 'nspname_1': 'pg_catalog', 'filter_names_1': 'prestamos_pagos'}
2026-03-15 22:23:20,465 - sqlalchemy.engine.Engine - INFO - SELECT attr.conrelid, array_agg(CAST(attr.attname AS TEXT) ORDER BY attr.ord) AS cols, attr.conname, min(attr.description) AS description, NULL AS extra 
FROM (SELECT con.conrelid AS conrelid, con.conname AS conname, con.conindid AS conindid, con.description AS description, con.ord AS ord, pg_catalog.pg_attribute.attname AS attname 
FROM pg_catalog.pg_attribute JOIN (SELECT pg_catalog.pg_constraint.conrelid AS conrelid, pg_catalog.pg_constraint.conname AS conname, pg_catalog.pg_constraint.conindid AS conindid, unnest(pg_catalog.pg_constraint.conkey) AS attnum, generate_subscripts(pg_catalog.pg_constraint.conkey, %(generate_subscripts_1)s) AS ord, pg_catalog.pg_description.description AS description 
FROM pg_catalog.pg_constraint LEFT OUTER JOIN pg_catalog.pg_description ON pg_catalog.pg_description.objoid = pg_catalog.pg_constraint.oid 
WHERE pg_catalog.pg_constraint.contype = %(contype)s AND pg_catalog.pg_constraint.conrelid IN (%(oids_1)s)) AS con ON pg_catalog.pg_attribute.attnum = con.attnum AND pg_catalog.pg_attribute.attrelid = con.conrelid 
WHERE con.conrelid IN (%(oids_1)s)) AS attr GROUP BY attr.conrelid, attr.conname ORDER BY attr.conrelid, attr.conname
2026-03-15 22:23:20,469 - sqlalchemy.engine.Engine - INFO - [cached since 21.45s ago] {'generate_subscripts_1': 1, 'contype': 'p', 'oids_1': 16615}
2026-03-15 22:23:20,636 - sqlalchemy.engine.Engine - INFO - ROLLBACK
2026-03-15 22:23:20,837 - sqlalchemy.engine.Engine - INFO - 
                SELECT setval(
                    pg_get_serial_sequence('prestamos_pagos', 'id'),
                    COALESCE(MAX(id), 1),
                    MAX(id) IS NOT NULL
                )
                FROM "prestamos_pagos"
                
2026-03-15 22:23:20,837 - sqlalchemy.engine.Engine - INFO - [generated in 0.00098s] {}
2026-03-15 22:23:21,027 - sqlalchemy.engine.Engine - INFO - BEGIN (implicit)
2026-03-15 22:23:21,031 - sqlalchemy.engine.Engine - INFO - SELECT pg_catalog.pg_class.oid, pg_catalog.pg_class.relname 
FROM pg_catalog.pg_class JOIN pg_catalog.pg_namespace ON pg_catalog.pg_namespace.oid = pg_catalog.pg_class.relnamespace 
WHERE pg_catalog.pg_class.relkind = ANY (ARRAY[%(param_1)s, %(param_2)s, %(param_3)s, %(param_4)s, %(param_5)s]) AND pg_catalog.pg_table_is_visible(pg_catalog.pg_class.oid) AND pg_catalog.pg_namespace.nspname != %(nspname_1)s AND pg_catalog.pg_class.relname IN (%(filter_names_1)s)
2026-03-15 22:23:21,031 - sqlalchemy.engine.Engine - INFO - [cached since 22.4s ago] {'param_1': 'r', 'param_2': 'p', 'param_3': 'f', 'param_4': 'v', 'param_5': 'm', 'nspname_1': 'pg_catalog', 'filter_names_1': 'novedades_aplicadas'}
2026-03-15 22:23:21,397 - sqlalchemy.engine.Engine - INFO - SELECT attr.conrelid, array_agg(CAST(attr.attname AS TEXT) ORDER BY attr.ord) AS cols, attr.conname, min(attr.description) AS description, NULL AS extra 
FROM (SELECT con.conrelid AS conrelid, con.conname AS conname, con.conindid AS conindid, con.description AS description, con.ord AS ord, pg_catalog.pg_attribute.attname AS attname 
FROM pg_catalog.pg_attribute JOIN (SELECT pg_catalog.pg_constraint.conrelid AS conrelid, pg_catalog.pg_constraint.conname AS conname, pg_catalog.pg_constraint.conindid AS conindid, unnest(pg_catalog.pg_constraint.conkey) AS attnum, generate_subscripts(pg_catalog.pg_constraint.conkey, %(generate_subscripts_1)s) AS ord, pg_catalog.pg_description.description AS description 
FROM pg_catalog.pg_constraint LEFT OUTER JOIN pg_catalog.pg_description ON pg_catalog.pg_description.objoid = pg_catalog.pg_constraint.oid 
WHERE pg_catalog.pg_constraint.contype = %(contype)s AND pg_catalog.pg_constraint.conrelid IN (%(oids_1)s)) AS con ON pg_catalog.pg_attribute.attnum = con.attnum AND pg_catalog.pg_attribute.attrelid = con.conrelid 
WHERE con.conrelid IN (%(oids_1)s)) AS attr GROUP BY attr.conrelid, attr.conname ORDER BY attr.conrelid, attr.conname
2026-03-15 22:23:21,397 - sqlalchemy.engine.Engine - INFO - [cached since 22.39s ago] {'generate_subscripts_1': 1, 'contype': 'p', 'oids_1': 16651}
2026-03-15 22:23:21,590 - sqlalchemy.engine.Engine - INFO - ROLLBACK
2026-03-15 22:23:21,793 - sqlalchemy.engine.Engine - INFO - 
                SELECT setval(
                    pg_get_serial_sequence('novedades_aplicadas', 'id'),
                    COALESCE(MAX(id), 1),
                    MAX(id) IS NOT NULL
                )
                FROM "novedades_aplicadas"
                
2026-03-15 22:23:21,793 - sqlalchemy.engine.Engine - INFO - [generated in 0.00244s] {}
2026-03-15 22:23:21,989 - sqlalchemy.engine.Engine - INFO - COMMIT
2026-03-15 22:25:48,739 - sqlalchemy.engine.Engine - INFO - select pg_catalog.version()
2026-03-15 22:25:48,739 - sqlalchemy.engine.Engine - INFO - [raw sql] {}
2026-03-15 22:25:49,131 - sqlalchemy.engine.Engine - INFO - select current_schema()
2026-03-15 22:25:49,131 - sqlalchemy.engine.Engine - INFO - [raw sql] {}
2026-03-15 22:25:49,502 - sqlalchemy.engine.Engine - INFO - show standard_conforming_strings
2026-03-15 22:25:49,502 - sqlalchemy.engine.Engine - INFO - [raw sql] {}
2026-03-15 22:25:49,876 - sqlalchemy.engine.Engine - INFO - BEGIN (implicit)
2026-03-15 22:25:49,900 - sqlalchemy.engine.Engine - INFO - SELECT pg_catalog.pg_class.relname 
FROM pg_catalog.pg_class JOIN pg_catalog.pg_namespace ON pg_catalog.pg_namespace.oid = pg_catalog.pg_class.relnamespace 
WHERE pg_catalog.pg_class.relname = %(table_name)s AND pg_catalog.pg_class.relkind = ANY (ARRAY[%(param_1)s, %(param_2)s, %(param_3)s, %(param_4)s, %(param_5)s]) AND pg_catalog.pg_table_is_visible(pg_catalog.pg_class.oid) AND pg_catalog.pg_namespace.nspname != %(nspname_1)s
2026-03-15 22:25:49,902 - sqlalchemy.engine.Engine - INFO - [generated in 0.00205s] {'table_name': 'roles', 'param_1': 'r', 'param_2': 'p', 'param_3': 'f', 'param_4': 'v', 'param_5': 'm', 'nspname_1': 'pg_catalog'}
2026-03-15 22:25:50,271 - sqlalchemy.engine.Engine - INFO - SELECT pg_catalog.pg_class.relname 
FROM pg_catalog.pg_class JOIN pg_catalog.pg_namespace ON pg_catalog.pg_namespace.oid = pg_catalog.pg_class.relnamespace 
WHERE pg_catalog.pg_class.relname = %(table_name)s AND pg_catalog.pg_class.relkind = ANY (ARRAY[%(param_1)s, %(param_2)s, %(param_3)s, %(param_4)s, %(param_5)s]) AND pg_catalog.pg_table_is_visible(pg_catalog.pg_class.oid) AND pg_catalog.pg_namespace.nspname != %(nspname_1)s
2026-03-15 22:25:50,281 - sqlalchemy.engine.Engine - INFO - [cached since 0.3827s ago] {'table_name': 'permisos', 'param_1': 'r', 'param_2': 'p', 'param_3': 'f', 'param_4': 'v', 'param_5': 'm', 'nspname_1': 'pg_catalog'}
2026-03-15 22:25:50,471 - sqlalchemy.engine.Engine - INFO - SELECT pg_catalog.pg_class.relname 
FROM pg_catalog.pg_class JOIN pg_catalog.pg_namespace ON pg_catalog.pg_namespace.oid = pg_catalog.pg_class.relnamespace 
WHERE pg_catalog.pg_class.relname = %(table_name)s AND pg_catalog.pg_class.relkind = ANY (ARRAY[%(param_1)s, %(param_2)s, %(param_3)s, %(param_4)s, %(param_5)s]) AND pg_catalog.pg_table_is_visible(pg_catalog.pg_class.oid) AND pg_catalog.pg_namespace.nspname != %(nspname_1)s
2026-03-15 22:25:50,471 - sqlalchemy.engine.Engine - INFO - [cached since 0.5777s ago] {'table_name': 'role_permiso', 'param_1': 'r', 'param_2': 'p', 'param_3': 'f', 'param_4': 'v', 'param_5': 'm', 'nspname_1': 'pg_catalog'}
2026-03-15 22:25:50,653 - sqlalchemy.engine.Engine - INFO - SELECT pg_catalog.pg_class.relname 
FROM pg_catalog.pg_class JOIN pg_catalog.pg_namespace ON pg_catalog.pg_namespace.oid = pg_catalog.pg_class.relnamespace 
WHERE pg_catalog.pg_class.relname = %(table_name)s AND pg_catalog.pg_class.relkind = ANY (ARRAY[%(param_1)s, %(param_2)s, %(param_3)s, %(param_4)s, %(param_5)s]) AND pg_catalog.pg_table_is_visible(pg_catalog.pg_class.oid) AND pg_catalog.pg_namespace.nspname != %(nspname_1)s
2026-03-15 22:25:50,669 - sqlalchemy.engine.Engine - INFO - [cached since 0.7685s ago] {'table_name': 'usuarios', 'param_1': 'r', 'param_2': 'p', 'param_3': 'f', 'param_4': 'v', 'param_5': 'm', 'nspname_1': 'pg_catalog'}
2026-03-15 22:25:50,855 - sqlalchemy.engine.Engine - INFO - SELECT pg_catalog.pg_class.relname 
FROM pg_catalog.pg_class JOIN pg_catalog.pg_namespace ON pg_catalog.pg_namespace.oid = pg_catalog.pg_class.relnamespace 
WHERE pg_catalog.pg_class.relname = %(table_name)s AND pg_catalog.pg_class.relkind = ANY (ARRAY[%(param_1)s, %(param_2)s, %(param_3)s, %(param_4)s, %(param_5)s]) AND pg_catalog.pg_table_is_visible(pg_catalog.pg_class.oid) AND pg_catalog.pg_namespace.nspname != %(nspname_1)s
2026-03-15 22:25:50,855 - sqlalchemy.engine.Engine - INFO - [cached since 0.9572s ago] {'table_name': 'empleados', 'param_1': 'r', 'param_2': 'p', 'param_3': 'f', 'param_4': 'v', 'param_5': 'm', 'nspname_1': 'pg_catalog'}
2026-03-15 22:25:51,039 - sqlalchemy.engine.Engine - INFO - SELECT pg_catalog.pg_class.relname 
FROM pg_catalog.pg_class JOIN pg_catalog.pg_namespace ON pg_catalog.pg_namespace.oid = pg_catalog.pg_class.relnamespace 
WHERE pg_catalog.pg_class.relname = %(table_name)s AND pg_catalog.pg_class.relkind = ANY (ARRAY[%(param_1)s, %(param_2)s, %(param_3)s, %(param_4)s, %(param_5)s]) AND pg_catalog.pg_table_is_visible(pg_catalog.pg_class.oid) AND pg_catalog.pg_namespace.nspname != %(nspname_1)s
2026-03-15 22:25:51,039 - sqlalchemy.engine.Engine - INFO - [cached since 1.146s ago] {'table_name': 'tipos_novedad', 'param_1': 'r', 'param_2': 'p', 'param_3': 'f', 'param_4': 'v', 'param_5': 'm', 'nspname_1': 'pg_catalog'}
2026-03-15 22:25:51,223 - sqlalchemy.engine.Engine - INFO - SELECT pg_catalog.pg_class.relname 
FROM pg_catalog.pg_class JOIN pg_catalog.pg_namespace ON pg_catalog.pg_namespace.oid = pg_catalog.pg_class.relnamespace 
WHERE pg_catalog.pg_class.relname = %(table_name)s AND pg_catalog.pg_class.relkind = ANY (ARRAY[%(param_1)s, %(param_2)s, %(param_3)s, %(param_4)s, %(param_5)s]) AND pg_catalog.pg_table_is_visible(pg_catalog.pg_class.oid) AND pg_catalog.pg_namespace.nspname != %(nspname_1)s
2026-03-15 22:25:51,223 - sqlalchemy.engine.Engine - INFO - [cached since 1.335s ago] {'table_name': 'novedades', 'param_1': 'r', 'param_2': 'p', 'param_3': 'f', 'param_4': 'v', 'param_5': 'm', 'nspname_1': 'pg_catalog'}
2026-03-15 22:25:51,425 - sqlalchemy.engine.Engine - INFO - SELECT pg_catalog.pg_class.relname 
FROM pg_catalog.pg_class JOIN pg_catalog.pg_namespace ON pg_catalog.pg_namespace.oid = pg_catalog.pg_class.relnamespace 
WHERE pg_catalog.pg_class.relname = %(table_name)s AND pg_catalog.pg_class.relkind = ANY (ARRAY[%(param_1)s, %(param_2)s, %(param_3)s, %(param_4)s, %(param_5)s]) AND pg_catalog.pg_table_is_visible(pg_catalog.pg_class.oid) AND pg_catalog.pg_namespace.nspname != %(nspname_1)s
2026-03-15 22:25:51,425 - sqlalchemy.engine.Engine - INFO - [cached since 1.533s ago] {'table_name': 'novedades_aplicadas', 'param_1': 'r', 'param_2': 'p', 'param_3': 'f', 'param_4': 'v', 'param_5': 'm', 'nspname_1': 'pg_catalog'}
2026-03-15 22:25:51,622 - sqlalchemy.engine.Engine - INFO - SELECT pg_catalog.pg_class.relname 
FROM pg_catalog.pg_class JOIN pg_catalog.pg_namespace ON pg_catalog.pg_namespace.oid = pg_catalog.pg_class.relnamespace 
WHERE pg_catalog.pg_class.relname = %(table_name)s AND pg_catalog.pg_class.relkind = ANY (ARRAY[%(param_1)s, %(param_2)s, %(param_3)s, %(param_4)s, %(param_5)s]) AND pg_catalog.pg_table_is_visible(pg_catalog.pg_class.oid) AND pg_catalog.pg_namespace.nspname != %(nspname_1)s
2026-03-15 22:25:51,622 - sqlalchemy.engine.Engine - INFO - [cached since 1.734s ago] {'table_name': 'conceptos_automaticos', 'param_1': 'r', 'param_2': 'p', 'param_3': 'f', 'param_4': 'v', 'param_5': 'm', 'nspname_1': 'pg_catalog'}
2026-03-15 22:25:51,824 - sqlalchemy.engine.Engine - INFO - SELECT pg_catalog.pg_class.relname 
FROM pg_catalog.pg_class JOIN pg_catalog.pg_namespace ON pg_catalog.pg_namespace.oid = pg_catalog.pg_class.relnamespace 
WHERE pg_catalog.pg_class.relname = %(table_name)s AND pg_catalog.pg_class.relkind = ANY (ARRAY[%(param_1)s, %(param_2)s, %(param_3)s, %(param_4)s, %(param_5)s]) AND pg_catalog.pg_table_is_visible(pg_catalog.pg_class.oid) AND pg_catalog.pg_namespace.nspname != %(nspname_1)s
2026-03-15 22:25:51,824 - sqlalchemy.engine.Engine - INFO - [cached since 1.936s ago] {'table_name': 'quincenas', 'param_1': 'r', 'param_2': 'p', 'param_3': 'f', 'param_4': 'v', 'param_5': 'm', 'nspname_1': 'pg_catalog'}
2026-03-15 22:25:52,023 - sqlalchemy.engine.Engine - INFO - SELECT pg_catalog.pg_class.relname 
FROM pg_catalog.pg_class JOIN pg_catalog.pg_namespace ON pg_catalog.pg_namespace.oid = pg_catalog.pg_class.relnamespace 
WHERE pg_catalog.pg_class.relname = %(table_name)s AND pg_catalog.pg_class.relkind = ANY (ARRAY[%(param_1)s, %(param_2)s, %(param_3)s, %(param_4)s, %(param_5)s]) AND pg_catalog.pg_table_is_visible(pg_catalog.pg_class.oid) AND pg_catalog.pg_namespace.nspname != %(nspname_1)s
2026-03-15 22:25:52,023 - sqlalchemy.engine.Engine - INFO - [cached since 2.126s ago] {'table_name': 'liquidos_quincena', 'param_1': 'r', 'param_2': 'p', 'param_3': 'f', 'param_4': 'v', 'param_5': 'm', 'nspname_1': 'pg_catalog'}
2026-03-15 22:25:52,208 - sqlalchemy.engine.Engine - INFO - SELECT pg_catalog.pg_class.relname 
FROM pg_catalog.pg_class JOIN pg_catalog.pg_namespace ON pg_catalog.pg_namespace.oid = pg_catalog.pg_class.relnamespace 
WHERE pg_catalog.pg_class.relname = %(table_name)s AND pg_catalog.pg_class.relkind = ANY (ARRAY[%(param_1)s, %(param_2)s, %(param_3)s, %(param_4)s, %(param_5)s]) AND pg_catalog.pg_table_is_visible(pg_catalog.pg_class.oid) AND pg_catalog.pg_namespace.nspname != %(nspname_1)s
2026-03-15 22:25:52,224 - sqlalchemy.engine.Engine - INFO - [cached since 2.324s ago] {'table_name': 'pagos', 'param_1': 'r', 'param_2': 'p', 'param_3': 'f', 'param_4': 'v', 'param_5': 'm', 'nspname_1': 'pg_catalog'}
2026-03-15 22:25:52,415 - sqlalchemy.engine.Engine - INFO - SELECT pg_catalog.pg_class.relname 
FROM pg_catalog.pg_class JOIN pg_catalog.pg_namespace ON pg_catalog.pg_namespace.oid = pg_catalog.pg_class.relnamespace 
WHERE pg_catalog.pg_class.relname = %(table_name)s AND pg_catalog.pg_class.relkind = ANY (ARRAY[%(param_1)s, %(param_2)s, %(param_3)s, %(param_4)s, %(param_5)s]) AND pg_catalog.pg_table_is_visible(pg_catalog.pg_class.oid) AND pg_catalog.pg_namespace.nspname != %(nspname_1)s
2026-03-15 22:25:52,416 - sqlalchemy.engine.Engine - INFO - [cached since 2.517s ago] {'table_name': 'empresa', 'param_1': 'r', 'param_2': 'p', 'param_3': 'f', 'param_4': 'v', 'param_5': 'm', 'nspname_1': 'pg_catalog'}
2026-03-15 22:25:52,603 - sqlalchemy.engine.Engine - INFO - SELECT pg_catalog.pg_class.relname 
FROM pg_catalog.pg_class JOIN pg_catalog.pg_namespace ON pg_catalog.pg_namespace.oid = pg_catalog.pg_class.relnamespace 
WHERE pg_catalog.pg_class.relname = %(table_name)s AND pg_catalog.pg_class.relkind = ANY (ARRAY[%(param_1)s, %(param_2)s, %(param_3)s, %(param_4)s, %(param_5)s]) AND pg_catalog.pg_table_is_visible(pg_catalog.pg_class.oid) AND pg_catalog.pg_namespace.nspname != %(nspname_1)s
2026-03-15 22:25:52,603 - sqlalchemy.engine.Engine - INFO - [cached since 2.706s ago] {'table_name': 'parametros_descuentos', 'param_1': 'r', 'param_2': 'p', 'param_3': 'f', 'param_4': 'v', 'param_5': 'm', 'nspname_1': 'pg_catalog'}
2026-03-15 22:25:52,792 - sqlalchemy.engine.Engine - INFO - SELECT pg_catalog.pg_class.relname 
FROM pg_catalog.pg_class JOIN pg_catalog.pg_namespace ON pg_catalog.pg_namespace.oid = pg_catalog.pg_class.relnamespace 
WHERE pg_catalog.pg_class.relname = %(table_name)s AND pg_catalog.pg_class.relkind = ANY (ARRAY[%(param_1)s, %(param_2)s, %(param_3)s, %(param_4)s, %(param_5)s]) AND pg_catalog.pg_table_is_visible(pg_catalog.pg_class.oid) AND pg_catalog.pg_namespace.nspname != %(nspname_1)s
2026-03-15 22:25:52,792 - sqlalchemy.engine.Engine - INFO - [cached since 2.893s ago] {'table_name': 'audit_logs', 'param_1': 'r', 'param_2': 'p', 'param_3': 'f', 'param_4': 'v', 'param_5': 'm', 'nspname_1': 'pg_catalog'}
2026-03-15 22:25:52,981 - sqlalchemy.engine.Engine - INFO - SELECT pg_catalog.pg_class.relname 
FROM pg_catalog.pg_class JOIN pg_catalog.pg_namespace ON pg_catalog.pg_namespace.oid = pg_catalog.pg_class.relnamespace 
WHERE pg_catalog.pg_class.relname = %(table_name)s AND pg_catalog.pg_class.relkind = ANY (ARRAY[%(param_1)s, %(param_2)s, %(param_3)s, %(param_4)s, %(param_5)s]) AND pg_catalog.pg_table_is_visible(pg_catalog.pg_class.oid) AND pg_catalog.pg_namespace.nspname != %(nspname_1)s
2026-03-15 22:25:52,981 - sqlalchemy.engine.Engine - INFO - [cached since 3.087s ago] {'table_name': 'servicios', 'param_1': 'r', 'param_2': 'p', 'param_3': 'f', 'param_4': 'v', 'param_5': 'm', 'nspname_1': 'pg_catalog'}
2026-03-15 22:25:53,178 - sqlalchemy.engine.Engine - INFO - SELECT pg_catalog.pg_class.relname 
FROM pg_catalog.pg_class JOIN pg_catalog.pg_namespace ON pg_catalog.pg_namespace.oid = pg_catalog.pg_class.relnamespace 
WHERE pg_catalog.pg_class.relname = %(table_name)s AND pg_catalog.pg_class.relkind = ANY (ARRAY[%(param_1)s, %(param_2)s, %(param_3)s, %(param_4)s, %(param_5)s]) AND pg_catalog.pg_table_is_visible(pg_catalog.pg_class.oid) AND pg_catalog.pg_namespace.nspname != %(nspname_1)s
2026-03-15 22:25:53,179 - sqlalchemy.engine.Engine - INFO - [cached since 3.281s ago] {'table_name': 'servicios_novedades', 'param_1': 'r', 'param_2': 'p', 'param_3': 'f', 'param_4': 'v', 'param_5': 'm', 'nspname_1': 'pg_catalog'}
2026-03-15 22:25:53,373 - sqlalchemy.engine.Engine - INFO - SELECT pg_catalog.pg_class.relname 
FROM pg_catalog.pg_class JOIN pg_catalog.pg_namespace ON pg_catalog.pg_namespace.oid = pg_catalog.pg_class.relnamespace 
WHERE pg_catalog.pg_class.relname = %(table_name)s AND pg_catalog.pg_class.relkind = ANY (ARRAY[%(param_1)s, %(param_2)s, %(param_3)s, %(param_4)s, %(param_5)s]) AND pg_catalog.pg_table_is_visible(pg_catalog.pg_class.oid) AND pg_catalog.pg_namespace.nspname != %(nspname_1)s
2026-03-15 22:25:53,373 - sqlalchemy.engine.Engine - INFO - [cached since 3.476s ago] {'table_name': 'servicios_pagos', 'param_1': 'r', 'param_2': 'p', 'param_3': 'f', 'param_4': 'v', 'param_5': 'm', 'nspname_1': 'pg_catalog'}
2026-03-15 22:25:53,579 - sqlalchemy.engine.Engine - INFO - SELECT pg_catalog.pg_class.relname 
FROM pg_catalog.pg_class JOIN pg_catalog.pg_namespace ON pg_catalog.pg_namespace.oid = pg_catalog.pg_class.relnamespace 
WHERE pg_catalog.pg_class.relname = %(table_name)s AND pg_catalog.pg_class.relkind = ANY (ARRAY[%(param_1)s, %(param_2)s, %(param_3)s, %(param_4)s, %(param_5)s]) AND pg_catalog.pg_table_is_visible(pg_catalog.pg_class.oid) AND pg_catalog.pg_namespace.nspname != %(nspname_1)s
2026-03-15 22:25:53,581 - sqlalchemy.engine.Engine - INFO - [cached since 3.681s ago] {'table_name': 'servicios_periodos', 'param_1': 'r', 'param_2': 'p', 'param_3': 'f', 'param_4': 'v', 'param_5': 'm', 'nspname_1': 'pg_catalog'}
2026-03-15 22:25:53,782 - sqlalchemy.engine.Engine - INFO - SELECT pg_catalog.pg_class.relname 
FROM pg_catalog.pg_class JOIN pg_catalog.pg_namespace ON pg_catalog.pg_namespace.oid = pg_catalog.pg_class.relnamespace 
WHERE pg_catalog.pg_class.relname = %(table_name)s AND pg_catalog.pg_class.relkind = ANY (ARRAY[%(param_1)s, %(param_2)s, %(param_3)s, %(param_4)s, %(param_5)s]) AND pg_catalog.pg_table_is_visible(pg_catalog.pg_class.oid) AND pg_catalog.pg_namespace.nspname != %(nspname_1)s
2026-03-15 22:25:53,782 - sqlalchemy.engine.Engine - INFO - [cached since 3.884s ago] {'table_name': 'prestamos_empresa', 'param_1': 'r', 'param_2': 'p', 'param_3': 'f', 'param_4': 'v', 'param_5': 'm', 'nspname_1': 'pg_catalog'}
2026-03-15 22:25:53,997 - sqlalchemy.engine.Engine - INFO - SELECT pg_catalog.pg_class.relname 
FROM pg_catalog.pg_class JOIN pg_catalog.pg_namespace ON pg_catalog.pg_namespace.oid = pg_catalog.pg_class.relnamespace 
WHERE pg_catalog.pg_class.relname = %(table_name)s AND pg_catalog.pg_class.relkind = ANY (ARRAY[%(param_1)s, %(param_2)s, %(param_3)s, %(param_4)s, %(param_5)s]) AND pg_catalog.pg_table_is_visible(pg_catalog.pg_class.oid) AND pg_catalog.pg_namespace.nspname != %(nspname_1)s
2026-03-15 22:25:54,000 - sqlalchemy.engine.Engine - INFO - [cached since 4.1s ago] {'table_name': 'prestamos_novedades', 'param_1': 'r', 'param_2': 'p', 'param_3': 'f', 'param_4': 'v', 'param_5': 'm', 'nspname_1': 'pg_catalog'}
2026-03-15 22:25:54,182 - sqlalchemy.engine.Engine - INFO - SELECT pg_catalog.pg_class.relname 
FROM pg_catalog.pg_class JOIN pg_catalog.pg_namespace ON pg_catalog.pg_namespace.oid = pg_catalog.pg_class.relnamespace 
WHERE pg_catalog.pg_class.relname = %(table_name)s AND pg_catalog.pg_class.relkind = ANY (ARRAY[%(param_1)s, %(param_2)s, %(param_3)s, %(param_4)s, %(param_5)s]) AND pg_catalog.pg_table_is_visible(pg_catalog.pg_class.oid) AND pg_catalog.pg_namespace.nspname != %(nspname_1)s
2026-03-15 22:25:54,182 - sqlalchemy.engine.Engine - INFO - [cached since 4.29s ago] {'table_name': 'prestamos_pagos', 'param_1': 'r', 'param_2': 'p', 'param_3': 'f', 'param_4': 'v', 'param_5': 'm', 'nspname_1': 'pg_catalog'}
2026-03-15 22:25:54,369 - sqlalchemy.engine.Engine - INFO - COMMIT
2026-03-15 22:25:54,568 - app - INFO - [OK] Tablas de base de datos creadas/verificadas
2026-03-15 22:25:54,568 - sqlalchemy.engine.Engine - INFO - BEGIN (implicit)
2026-03-15 22:25:54,568 - sqlalchemy.engine.Engine - INFO - SELECT pg_catalog.pg_class.relname 
FROM pg_catalog.pg_class JOIN pg_catalog.pg_namespace ON pg_catalog.pg_namespace.oid = pg_catalog.pg_class.relnamespace 
WHERE pg_catalog.pg_class.relname = %(table_name)s AND pg_catalog.pg_class.relkind = ANY (ARRAY[%(param_1)s, %(param_2)s, %(param_3)s, %(param_4)s, %(param_5)s]) AND pg_catalog.pg_table_is_visible(pg_catalog.pg_class.oid) AND pg_catalog.pg_namespace.nspname != %(nspname_1)s
2026-03-15 22:25:54,568 - sqlalchemy.engine.Engine - INFO - [cached since 4.681s ago] {'table_name': 'roles', 'param_1': 'r', 'param_2': 'p', 'param_3': 'f', 'param_4': 'v', 'param_5': 'm', 'nspname_1': 'pg_catalog'}
2026-03-15 22:25:54,953 - sqlalchemy.engine.Engine - INFO - SELECT pg_catalog.pg_class.relname 
FROM pg_catalog.pg_class JOIN pg_catalog.pg_namespace ON pg_catalog.pg_namespace.oid = pg_catalog.pg_class.relnamespace 
WHERE pg_catalog.pg_class.relname = %(table_name)s AND pg_catalog.pg_class.relkind = ANY (ARRAY[%(param_1)s, %(param_2)s, %(param_3)s, %(param_4)s, %(param_5)s]) AND pg_catalog.pg_table_is_visible(pg_catalog.pg_class.oid) AND pg_catalog.pg_namespace.nspname != %(nspname_1)s
2026-03-15 22:25:54,957 - sqlalchemy.engine.Engine - INFO - [cached since 5.057s ago] {'table_name': 'permisos', 'param_1': 'r', 'param_2': 'p', 'param_3': 'f', 'param_4': 'v', 'param_5': 'm', 'nspname_1': 'pg_catalog'}
2026-03-15 22:25:55,144 - sqlalchemy.engine.Engine - INFO - SELECT pg_catalog.pg_class.relname 
FROM pg_catalog.pg_class JOIN pg_catalog.pg_namespace ON pg_catalog.pg_namespace.oid = pg_catalog.pg_class.relnamespace 
WHERE pg_catalog.pg_class.relname = %(table_name)s AND pg_catalog.pg_class.relkind = ANY (ARRAY[%(param_1)s, %(param_2)s, %(param_3)s, %(param_4)s, %(param_5)s]) AND pg_catalog.pg_table_is_visible(pg_catalog.pg_class.oid) AND pg_catalog.pg_namespace.nspname != %(nspname_1)s
2026-03-15 22:25:55,144 - sqlalchemy.engine.Engine - INFO - [cached since 5.247s ago] {'table_name': 'role_permiso', 'param_1': 'r', 'param_2': 'p', 'param_3': 'f', 'param_4': 'v', 'param_5': 'm', 'nspname_1': 'pg_catalog'}
2026-03-15 22:25:55,335 - sqlalchemy.engine.Engine - INFO - SELECT pg_catalog.pg_class.relname 
FROM pg_catalog.pg_class JOIN pg_catalog.pg_namespace ON pg_catalog.pg_namespace.oid = pg_catalog.pg_class.relnamespace 
WHERE pg_catalog.pg_class.relname = %(table_name)s AND pg_catalog.pg_class.relkind = ANY (ARRAY[%(param_1)s, %(param_2)s, %(param_3)s, %(param_4)s, %(param_5)s]) AND pg_catalog.pg_table_is_visible(pg_catalog.pg_class.oid) AND pg_catalog.pg_namespace.nspname != %(nspname_1)s
2026-03-15 22:25:55,338 - sqlalchemy.engine.Engine - INFO - [cached since 5.438s ago] {'table_name': 'usuarios', 'param_1': 'r', 'param_2': 'p', 'param_3': 'f', 'param_4': 'v', 'param_5': 'm', 'nspname_1': 'pg_catalog'}
2026-03-15 22:25:55,520 - sqlalchemy.engine.Engine - INFO - SELECT pg_catalog.pg_class.relname 
FROM pg_catalog.pg_class JOIN pg_catalog.pg_namespace ON pg_catalog.pg_namespace.oid = pg_catalog.pg_class.relnamespace 
WHERE pg_catalog.pg_class.relname = %(table_name)s AND pg_catalog.pg_class.relkind = ANY (ARRAY[%(param_1)s, %(param_2)s, %(param_3)s, %(param_4)s, %(param_5)s]) AND pg_catalog.pg_table_is_visible(pg_catalog.pg_class.oid) AND pg_catalog.pg_namespace.nspname != %(nspname_1)s
2026-03-15 22:25:55,520 - sqlalchemy.engine.Engine - INFO - [cached since 5.632s ago] {'table_name': 'empleados', 'param_1': 'r', 'param_2': 'p', 'param_3': 'f', 'param_4': 'v', 'param_5': 'm', 'nspname_1': 'pg_catalog'}
2026-03-15 22:25:55,723 - sqlalchemy.engine.Engine - INFO - SELECT pg_catalog.pg_class.relname 
FROM pg_catalog.pg_class JOIN pg_catalog.pg_namespace ON pg_catalog.pg_namespace.oid = pg_catalog.pg_class.relnamespace 
WHERE pg_catalog.pg_class.relname = %(table_name)s AND pg_catalog.pg_class.relkind = ANY (ARRAY[%(param_1)s, %(param_2)s, %(param_3)s, %(param_4)s, %(param_5)s]) AND pg_catalog.pg_table_is_visible(pg_catalog.pg_class.oid) AND pg_catalog.pg_namespace.nspname != %(nspname_1)s
2026-03-15 22:25:55,723 - sqlalchemy.engine.Engine - INFO - [cached since 5.825s ago] {'table_name': 'tipos_novedad', 'param_1': 'r', 'param_2': 'p', 'param_3': 'f', 'param_4': 'v', 'param_5': 'm', 'nspname_1': 'pg_catalog'}
2026-03-15 22:25:55,907 - sqlalchemy.engine.Engine - INFO - SELECT pg_catalog.pg_class.relname 
FROM pg_catalog.pg_class JOIN pg_catalog.pg_namespace ON pg_catalog.pg_namespace.oid = pg_catalog.pg_class.relnamespace 
WHERE pg_catalog.pg_class.relname = %(table_name)s AND pg_catalog.pg_class.relkind = ANY (ARRAY[%(param_1)s, %(param_2)s, %(param_3)s, %(param_4)s, %(param_5)s]) AND pg_catalog.pg_table_is_visible(pg_catalog.pg_class.oid) AND pg_catalog.pg_namespace.nspname != %(nspname_1)s
2026-03-15 22:25:55,907 - sqlalchemy.engine.Engine - INFO - [cached since 6.016s ago] {'table_name': 'novedades', 'param_1': 'r', 'param_2': 'p', 'param_3': 'f', 'param_4': 'v', 'param_5': 'm', 'nspname_1': 'pg_catalog'}
2026-03-15 22:25:56,105 - sqlalchemy.engine.Engine - INFO - SELECT pg_catalog.pg_class.relname 
FROM pg_catalog.pg_class JOIN pg_catalog.pg_namespace ON pg_catalog.pg_namespace.oid = pg_catalog.pg_class.relnamespace 
WHERE pg_catalog.pg_class.relname = %(table_name)s AND pg_catalog.pg_class.relkind = ANY (ARRAY[%(param_1)s, %(param_2)s, %(param_3)s, %(param_4)s, %(param_5)s]) AND pg_catalog.pg_table_is_visible(pg_catalog.pg_class.oid) AND pg_catalog.pg_namespace.nspname != %(nspname_1)s
2026-03-15 22:25:56,108 - sqlalchemy.engine.Engine - INFO - [cached since 6.208s ago] {'table_name': 'novedades_aplicadas', 'param_1': 'r', 'param_2': 'p', 'param_3': 'f', 'param_4': 'v', 'param_5': 'm', 'nspname_1': 'pg_catalog'}
2026-03-15 22:25:56,305 - sqlalchemy.engine.Engine - INFO - SELECT pg_catalog.pg_class.relname 
FROM pg_catalog.pg_class JOIN pg_catalog.pg_namespace ON pg_catalog.pg_namespace.oid = pg_catalog.pg_class.relnamespace 
WHERE pg_catalog.pg_class.relname = %(table_name)s AND pg_catalog.pg_class.relkind = ANY (ARRAY[%(param_1)s, %(param_2)s, %(param_3)s, %(param_4)s, %(param_5)s]) AND pg_catalog.pg_table_is_visible(pg_catalog.pg_class.oid) AND pg_catalog.pg_namespace.nspname != %(nspname_1)s
2026-03-15 22:25:56,305 - sqlalchemy.engine.Engine - INFO - [cached since 6.408s ago] {'table_name': 'conceptos_automaticos', 'param_1': 'r', 'param_2': 'p', 'param_3': 'f', 'param_4': 'v', 'param_5': 'm', 'nspname_1': 'pg_catalog'}
2026-03-15 22:25:56,490 - sqlalchemy.engine.Engine - INFO - SELECT pg_catalog.pg_class.relname 
FROM pg_catalog.pg_class JOIN pg_catalog.pg_namespace ON pg_catalog.pg_namespace.oid = pg_catalog.pg_class.relnamespace 
WHERE pg_catalog.pg_class.relname = %(table_name)s AND pg_catalog.pg_class.relkind = ANY (ARRAY[%(param_1)s, %(param_2)s, %(param_3)s, %(param_4)s, %(param_5)s]) AND pg_catalog.pg_table_is_visible(pg_catalog.pg_class.oid) AND pg_catalog.pg_namespace.nspname != %(nspname_1)s
2026-03-15 22:25:56,490 - sqlalchemy.engine.Engine - INFO - [cached since 6.6s ago] {'table_name': 'quincenas', 'param_1': 'r', 'param_2': 'p', 'param_3': 'f', 'param_4': 'v', 'param_5': 'm', 'nspname_1': 'pg_catalog'}
2026-03-15 22:25:56,689 - sqlalchemy.engine.Engine - INFO - SELECT pg_catalog.pg_class.relname 
FROM pg_catalog.pg_class JOIN pg_catalog.pg_namespace ON pg_catalog.pg_namespace.oid = pg_catalog.pg_class.relnamespace 
WHERE pg_catalog.pg_class.relname = %(table_name)s AND pg_catalog.pg_class.relkind = ANY (ARRAY[%(param_1)s, %(param_2)s, %(param_3)s, %(param_4)s, %(param_5)s]) AND pg_catalog.pg_table_is_visible(pg_catalog.pg_class.oid) AND pg_catalog.pg_namespace.nspname != %(nspname_1)s
2026-03-15 22:25:56,689 - sqlalchemy.engine.Engine - INFO - [cached since 6.792s ago] {'table_name': 'liquidos_quincena', 'param_1': 'r', 'param_2': 'p', 'param_3': 'f', 'param_4': 'v', 'param_5': 'm', 'nspname_1': 'pg_catalog'}
2026-03-15 22:25:56,876 - sqlalchemy.engine.Engine - INFO - SELECT pg_catalog.pg_class.relname 
FROM pg_catalog.pg_class JOIN pg_catalog.pg_namespace ON pg_catalog.pg_namespace.oid = pg_catalog.pg_class.relnamespace 
WHERE pg_catalog.pg_class.relname = %(table_name)s AND pg_catalog.pg_class.relkind = ANY (ARRAY[%(param_1)s, %(param_2)s, %(param_3)s, %(param_4)s, %(param_5)s]) AND pg_catalog.pg_table_is_visible(pg_catalog.pg_class.oid) AND pg_catalog.pg_namespace.nspname != %(nspname_1)s
2026-03-15 22:25:56,876 - sqlalchemy.engine.Engine - INFO - [cached since 6.987s ago] {'table_name': 'pagos', 'param_1': 'r', 'param_2': 'p', 'param_3': 'f', 'param_4': 'v', 'param_5': 'm', 'nspname_1': 'pg_catalog'}
2026-03-15 22:25:57,076 - sqlalchemy.engine.Engine - INFO - SELECT pg_catalog.pg_class.relname 
FROM pg_catalog.pg_class JOIN pg_catalog.pg_namespace ON pg_catalog.pg_namespace.oid = pg_catalog.pg_class.relnamespace 
WHERE pg_catalog.pg_class.relname = %(table_name)s AND pg_catalog.pg_class.relkind = ANY (ARRAY[%(param_1)s, %(param_2)s, %(param_3)s, %(param_4)s, %(param_5)s]) AND pg_catalog.pg_table_is_visible(pg_catalog.pg_class.oid) AND pg_catalog.pg_namespace.nspname != %(nspname_1)s
2026-03-15 22:25:57,076 - sqlalchemy.engine.Engine - INFO - [cached since 7.177s ago] {'table_name': 'empresa', 'param_1': 'r', 'param_2': 'p', 'param_3': 'f', 'param_4': 'v', 'param_5': 'm', 'nspname_1': 'pg_catalog'}
2026-03-15 22:25:57,262 - sqlalchemy.engine.Engine - INFO - SELECT pg_catalog.pg_class.relname 
FROM pg_catalog.pg_class JOIN pg_catalog.pg_namespace ON pg_catalog.pg_namespace.oid = pg_catalog.pg_class.relnamespace 
WHERE pg_catalog.pg_class.relname = %(table_name)s AND pg_catalog.pg_class.relkind = ANY (ARRAY[%(param_1)s, %(param_2)s, %(param_3)s, %(param_4)s, %(param_5)s]) AND pg_catalog.pg_table_is_visible(pg_catalog.pg_class.oid) AND pg_catalog.pg_namespace.nspname != %(nspname_1)s
2026-03-15 22:25:57,262 - sqlalchemy.engine.Engine - INFO - [cached since 7.366s ago] {'table_name': 'parametros_descuentos', 'param_1': 'r', 'param_2': 'p', 'param_3': 'f', 'param_4': 'v', 'param_5': 'm', 'nspname_1': 'pg_catalog'}
2026-03-15 22:25:57,468 - sqlalchemy.engine.Engine - INFO - SELECT pg_catalog.pg_class.relname 
FROM pg_catalog.pg_class JOIN pg_catalog.pg_namespace ON pg_catalog.pg_namespace.oid = pg_catalog.pg_class.relnamespace 
WHERE pg_catalog.pg_class.relname = %(table_name)s AND pg_catalog.pg_class.relkind = ANY (ARRAY[%(param_1)s, %(param_2)s, %(param_3)s, %(param_4)s, %(param_5)s]) AND pg_catalog.pg_table_is_visible(pg_catalog.pg_class.oid) AND pg_catalog.pg_namespace.nspname != %(nspname_1)s
2026-03-15 22:25:57,470 - sqlalchemy.engine.Engine - INFO - [cached since 7.571s ago] {'table_name': 'audit_logs', 'param_1': 'r', 'param_2': 'p', 'param_3': 'f', 'param_4': 'v', 'param_5': 'm', 'nspname_1': 'pg_catalog'}
2026-03-15 22:25:57,674 - sqlalchemy.engine.Engine - INFO - SELECT pg_catalog.pg_class.relname 
FROM pg_catalog.pg_class JOIN pg_catalog.pg_namespace ON pg_catalog.pg_namespace.oid = pg_catalog.pg_class.relnamespace 
WHERE pg_catalog.pg_class.relname = %(table_name)s AND pg_catalog.pg_class.relkind = ANY (ARRAY[%(param_1)s, %(param_2)s, %(param_3)s, %(param_4)s, %(param_5)s]) AND pg_catalog.pg_table_is_visible(pg_catalog.pg_class.oid) AND pg_catalog.pg_namespace.nspname != %(nspname_1)s
2026-03-15 22:25:57,674 - sqlalchemy.engine.Engine - INFO - [cached since 7.776s ago] {'table_name': 'servicios', 'param_1': 'r', 'param_2': 'p', 'param_3': 'f', 'param_4': 'v', 'param_5': 'm', 'nspname_1': 'pg_catalog'}
2026-03-15 22:25:57,868 - sqlalchemy.engine.Engine - INFO - SELECT pg_catalog.pg_class.relname 
FROM pg_catalog.pg_class JOIN pg_catalog.pg_namespace ON pg_catalog.pg_namespace.oid = pg_catalog.pg_class.relnamespace 
WHERE pg_catalog.pg_class.relname = %(table_name)s AND pg_catalog.pg_class.relkind = ANY (ARRAY[%(param_1)s, %(param_2)s, %(param_3)s, %(param_4)s, %(param_5)s]) AND pg_catalog.pg_table_is_visible(pg_catalog.pg_class.oid) AND pg_catalog.pg_namespace.nspname != %(nspname_1)s
2026-03-15 22:25:57,868 - sqlalchemy.engine.Engine - INFO - [cached since 7.97s ago] {'table_name': 'servicios_novedades', 'param_1': 'r', 'param_2': 'p', 'param_3': 'f', 'param_4': 'v', 'param_5': 'm', 'nspname_1': 'pg_catalog'}
2026-03-15 22:25:58,067 - sqlalchemy.engine.Engine - INFO - SELECT pg_catalog.pg_class.relname 
FROM pg_catalog.pg_class JOIN pg_catalog.pg_namespace ON pg_catalog.pg_namespace.oid = pg_catalog.pg_class.relnamespace 
WHERE pg_catalog.pg_class.relname = %(table_name)s AND pg_catalog.pg_class.relkind = ANY (ARRAY[%(param_1)s, %(param_2)s, %(param_3)s, %(param_4)s, %(param_5)s]) AND pg_catalog.pg_table_is_visible(pg_catalog.pg_class.oid) AND pg_catalog.pg_namespace.nspname != %(nspname_1)s
2026-03-15 22:25:58,067 - sqlalchemy.engine.Engine - INFO - [cached since 8.17s ago] {'table_name': 'servicios_pagos', 'param_1': 'r', 'param_2': 'p', 'param_3': 'f', 'param_4': 'v', 'param_5': 'm', 'nspname_1': 'pg_catalog'}
2026-03-15 22:25:58,247 - sqlalchemy.engine.Engine - INFO - SELECT pg_catalog.pg_class.relname 
FROM pg_catalog.pg_class JOIN pg_catalog.pg_namespace ON pg_catalog.pg_namespace.oid = pg_catalog.pg_class.relnamespace 
WHERE pg_catalog.pg_class.relname = %(table_name)s AND pg_catalog.pg_class.relkind = ANY (ARRAY[%(param_1)s, %(param_2)s, %(param_3)s, %(param_4)s, %(param_5)s]) AND pg_catalog.pg_table_is_visible(pg_catalog.pg_class.oid) AND pg_catalog.pg_namespace.nspname != %(nspname_1)s
2026-03-15 22:25:58,247 - sqlalchemy.engine.Engine - INFO - [cached since 8.359s ago] {'table_name': 'servicios_periodos', 'param_1': 'r', 'param_2': 'p', 'param_3': 'f', 'param_4': 'v', 'param_5': 'm', 'nspname_1': 'pg_catalog'}
2026-03-15 22:25:58,438 - sqlalchemy.engine.Engine - INFO - SELECT pg_catalog.pg_class.relname 
FROM pg_catalog.pg_class JOIN pg_catalog.pg_namespace ON pg_catalog.pg_namespace.oid = pg_catalog.pg_class.relnamespace 
WHERE pg_catalog.pg_class.relname = %(table_name)s AND pg_catalog.pg_class.relkind = ANY (ARRAY[%(param_1)s, %(param_2)s, %(param_3)s, %(param_4)s, %(param_5)s]) AND pg_catalog.pg_table_is_visible(pg_catalog.pg_class.oid) AND pg_catalog.pg_namespace.nspname != %(nspname_1)s
2026-03-15 22:25:58,451 - sqlalchemy.engine.Engine - INFO - [cached since 8.551s ago] {'table_name': 'prestamos_empresa', 'param_1': 'r', 'param_2': 'p', 'param_3': 'f', 'param_4': 'v', 'param_5': 'm', 'nspname_1': 'pg_catalog'}
2026-03-15 22:25:58,632 - sqlalchemy.engine.Engine - INFO - SELECT pg_catalog.pg_class.relname 
FROM pg_catalog.pg_class JOIN pg_catalog.pg_namespace ON pg_catalog.pg_namespace.oid = pg_catalog.pg_class.relnamespace 
WHERE pg_catalog.pg_class.relname = %(table_name)s AND pg_catalog.pg_class.relkind = ANY (ARRAY[%(param_1)s, %(param_2)s, %(param_3)s, %(param_4)s, %(param_5)s]) AND pg_catalog.pg_table_is_visible(pg_catalog.pg_class.oid) AND pg_catalog.pg_namespace.nspname != %(nspname_1)s
2026-03-15 22:25:58,632 - sqlalchemy.engine.Engine - INFO - [cached since 8.744s ago] {'table_name': 'prestamos_novedades', 'param_1': 'r', 'param_2': 'p', 'param_3': 'f', 'param_4': 'v', 'param_5': 'm', 'nspname_1': 'pg_catalog'}
2026-03-15 22:25:58,832 - sqlalchemy.engine.Engine - INFO - SELECT pg_catalog.pg_class.relname 
FROM pg_catalog.pg_class JOIN pg_catalog.pg_namespace ON pg_catalog.pg_namespace.oid = pg_catalog.pg_class.relnamespace 
WHERE pg_catalog.pg_class.relname = %(table_name)s AND pg_catalog.pg_class.relkind = ANY (ARRAY[%(param_1)s, %(param_2)s, %(param_3)s, %(param_4)s, %(param_5)s]) AND pg_catalog.pg_table_is_visible(pg_catalog.pg_class.oid) AND pg_catalog.pg_namespace.nspname != %(nspname_1)s
2026-03-15 22:25:58,834 - sqlalchemy.engine.Engine - INFO - [cached since 8.935s ago] {'table_name': 'prestamos_pagos', 'param_1': 'r', 'param_2': 'p', 'param_3': 'f', 'param_4': 'v', 'param_5': 'm', 'nspname_1': 'pg_catalog'}
2026-03-15 22:25:59,019 - sqlalchemy.engine.Engine - INFO - COMMIT
2026-03-15 22:25:59,217 - sqlalchemy.engine.Engine - INFO - BEGIN (implicit)
2026-03-15 22:25:59,217 - sqlalchemy.engine.Engine - INFO - SELECT pg_catalog.pg_class.relname 
FROM pg_catalog.pg_class JOIN pg_catalog.pg_namespace ON pg_catalog.pg_namespace.oid = pg_catalog.pg_class.relnamespace 
WHERE pg_catalog.pg_class.relkind = ANY (ARRAY[%(param_1)s, %(param_2)s]) AND pg_catalog.pg_class.relpersistence != %(relpersistence_1)s AND pg_catalog.pg_table_is_visible(pg_catalog.pg_class.oid) AND pg_catalog.pg_namespace.nspname != %(nspname_1)s
2026-03-15 22:25:59,217 - sqlalchemy.engine.Engine - INFO - [generated in 0.00363s] {'param_1': 'r', 'param_2': 'p', 'relpersistence_1': 't', 'nspname_1': 'pg_catalog'}
2026-03-15 22:25:59,603 - sqlalchemy.engine.Engine - INFO - ROLLBACK
2026-03-15 22:25:59,791 - sqlalchemy.engine.Engine - INFO - BEGIN (implicit)
2026-03-15 22:25:59,791 - sqlalchemy.engine.Engine - INFO - TRUNCATE TABLE "novedades_aplicadas", "prestamos_pagos", "servicios_pagos", "pagos", "audit_logs", "prestamos_novedades", "servicios_novedades", "liquidos_quincena", "novedades", "prestamos_empresa", "servicios_periodos", "servicios", "parametros_descuentos", "empresa", "quincenas", "conceptos_automaticos", "tipos_novedad", "empleados", "usuarios", "role_permiso", "permisos", "roles" RESTART IDENTITY CASCADE
2026-03-15 22:25:59,800 - sqlalchemy.engine.Engine - INFO - [generated in 0.00224s] {}
2026-03-15 22:26:00,189 - sqlalchemy.engine.Engine - INFO - COMMIT
2026-03-15 22:26:00,420 - sqlalchemy.engine.Engine - INFO - BEGIN (implicit)
2026-03-15 22:26:00,423 - sqlalchemy.engine.Engine - INFO - SELECT pg_catalog.pg_class.oid, pg_catalog.pg_class.relname 
FROM pg_catalog.pg_class JOIN pg_catalog.pg_namespace ON pg_catalog.pg_namespace.oid = pg_catalog.pg_class.relnamespace 
WHERE pg_catalog.pg_class.relkind = ANY (ARRAY[%(param_1)s, %(param_2)s, %(param_3)s, %(param_4)s, %(param_5)s]) AND pg_catalog.pg_table_is_visible(pg_catalog.pg_class.oid) AND pg_catalog.pg_namespace.nspname != %(nspname_1)s AND pg_catalog.pg_class.relname IN (%(filter_names_1)s)
2026-03-15 22:26:00,423 - sqlalchemy.engine.Engine - INFO - [generated in 0.00325s] {'param_1': 'r', 'param_2': 'p', 'param_3': 'f', 'param_4': 'v', 'param_5': 'm', 'nspname_1': 'pg_catalog', 'filter_names_1': 'roles'}
2026-03-15 22:26:00,849 - sqlalchemy.engine.Engine - INFO - SELECT attr.conrelid, array_agg(CAST(attr.attname AS TEXT) ORDER BY attr.ord) AS cols, attr.conname, min(attr.description) AS description, NULL AS extra 
FROM (SELECT con.conrelid AS conrelid, con.conname AS conname, con.conindid AS conindid, con.description AS description, con.ord AS ord, pg_catalog.pg_attribute.attname AS attname 
FROM pg_catalog.pg_attribute JOIN (SELECT pg_catalog.pg_constraint.conrelid AS conrelid, pg_catalog.pg_constraint.conname AS conname, pg_catalog.pg_constraint.conindid AS conindid, unnest(pg_catalog.pg_constraint.conkey) AS attnum, generate_subscripts(pg_catalog.pg_constraint.conkey, %(generate_subscripts_1)s) AS ord, pg_catalog.pg_description.description AS description 
FROM pg_catalog.pg_constraint LEFT OUTER JOIN pg_catalog.pg_description ON pg_catalog.pg_description.objoid = pg_catalog.pg_constraint.oid 
WHERE pg_catalog.pg_constraint.contype = %(contype)s AND pg_catalog.pg_constraint.conrelid IN (%(oids_1)s)) AS con ON pg_catalog.pg_attribute.attnum = con.attnum AND pg_catalog.pg_attribute.attrelid = con.conrelid 
WHERE con.conrelid IN (%(oids_1)s)) AS attr GROUP BY attr.conrelid, attr.conname ORDER BY attr.conrelid, attr.conname
2026-03-15 22:26:00,849 - sqlalchemy.engine.Engine - INFO - [generated in 0.00257s] {'generate_subscripts_1': 1, 'contype': 'p', 'oids_1': 16390}
2026-03-15 22:26:01,042 - sqlalchemy.engine.Engine - INFO - ROLLBACK
2026-03-15 22:26:01,250 - sqlalchemy.engine.Engine - INFO - BEGIN (implicit)
2026-03-15 22:26:01,250 - sqlalchemy.engine.Engine - INFO - 
                SELECT setval(
                    pg_get_serial_sequence('roles', 'id'),
                    COALESCE(MAX(id), 1),
                    MAX(id) IS NOT NULL
                )
                FROM "roles"
                
2026-03-15 22:26:01,254 - sqlalchemy.engine.Engine - INFO - [generated in 0.00102s] {}
2026-03-15 22:26:03,015 - sqlalchemy.engine.Engine - INFO - BEGIN (implicit)
2026-03-15 22:26:03,015 - sqlalchemy.engine.Engine - INFO - SELECT pg_catalog.pg_class.oid, pg_catalog.pg_class.relname 
FROM pg_catalog.pg_class JOIN pg_catalog.pg_namespace ON pg_catalog.pg_namespace.oid = pg_catalog.pg_class.relnamespace 
WHERE pg_catalog.pg_class.relkind = ANY (ARRAY[%(param_1)s, %(param_2)s, %(param_3)s, %(param_4)s, %(param_5)s]) AND pg_catalog.pg_table_is_visible(pg_catalog.pg_class.oid) AND pg_catalog.pg_namespace.nspname != %(nspname_1)s AND pg_catalog.pg_class.relname IN (%(filter_names_1)s)
2026-03-15 22:26:03,018 - sqlalchemy.engine.Engine - INFO - [cached since 2.598s ago] {'param_1': 'r', 'param_2': 'p', 'param_3': 'f', 'param_4': 'v', 'param_5': 'm', 'nspname_1': 'pg_catalog', 'filter_names_1': 'permisos'}
2026-03-15 22:26:03,382 - sqlalchemy.engine.Engine - INFO - SELECT attr.conrelid, array_agg(CAST(attr.attname AS TEXT) ORDER BY attr.ord) AS cols, attr.conname, min(attr.description) AS description, NULL AS extra 
FROM (SELECT con.conrelid AS conrelid, con.conname AS conname, con.conindid AS conindid, con.description AS description, con.ord AS ord, pg_catalog.pg_attribute.attname AS attname 
FROM pg_catalog.pg_attribute JOIN (SELECT pg_catalog.pg_constraint.conrelid AS conrelid, pg_catalog.pg_constraint.conname AS conname, pg_catalog.pg_constraint.conindid AS conindid, unnest(pg_catalog.pg_constraint.conkey) AS attnum, generate_subscripts(pg_catalog.pg_constraint.conkey, %(generate_subscripts_1)s) AS ord, pg_catalog.pg_description.description AS description 
FROM pg_catalog.pg_constraint LEFT OUTER JOIN pg_catalog.pg_description ON pg_catalog.pg_description.objoid = pg_catalog.pg_constraint.oid 
WHERE pg_catalog.pg_constraint.contype = %(contype)s AND pg_catalog.pg_constraint.conrelid IN (%(oids_1)s)) AS con ON pg_catalog.pg_attribute.attnum = con.attnum AND pg_catalog.pg_attribute.attrelid = con.conrelid 
WHERE con.conrelid IN (%(oids_1)s)) AS attr GROUP BY attr.conrelid, attr.conname ORDER BY attr.conrelid, attr.conname
2026-03-15 22:26:03,382 - sqlalchemy.engine.Engine - INFO - [cached since 2.544s ago] {'generate_subscripts_1': 1, 'contype': 'p', 'oids_1': 16401}
2026-03-15 22:26:03,565 - sqlalchemy.engine.Engine - INFO - ROLLBACK
2026-03-15 22:26:03,750 - sqlalchemy.engine.Engine - INFO - 
                SELECT setval(
                    pg_get_serial_sequence('permisos', 'id'),
                    COALESCE(MAX(id), 1),
                    MAX(id) IS NOT NULL
                )
                FROM "permisos"
                
2026-03-15 22:26:03,750 - sqlalchemy.engine.Engine - INFO - [generated in 0.00210s] {}
2026-03-15 22:26:03,950 - sqlalchemy.engine.Engine - INFO - BEGIN (implicit)
2026-03-15 22:26:03,951 - sqlalchemy.engine.Engine - INFO - SELECT pg_catalog.pg_class.oid, pg_catalog.pg_class.relname 
FROM pg_catalog.pg_class JOIN pg_catalog.pg_namespace ON pg_catalog.pg_namespace.oid = pg_catalog.pg_class.relnamespace 
WHERE pg_catalog.pg_class.relkind = ANY (ARRAY[%(param_1)s, %(param_2)s, %(param_3)s, %(param_4)s, %(param_5)s]) AND pg_catalog.pg_table_is_visible(pg_catalog.pg_class.oid) AND pg_catalog.pg_namespace.nspname != %(nspname_1)s AND pg_catalog.pg_class.relname IN (%(filter_names_1)s)
2026-03-15 22:26:03,951 - sqlalchemy.engine.Engine - INFO - [cached since 3.532s ago] {'param_1': 'r', 'param_2': 'p', 'param_3': 'f', 'param_4': 'v', 'param_5': 'm', 'nspname_1': 'pg_catalog', 'filter_names_1': 'role_permiso'}
2026-03-15 22:26:04,330 - sqlalchemy.engine.Engine - INFO - SELECT attr.conrelid, array_agg(CAST(attr.attname AS TEXT) ORDER BY attr.ord) AS cols, attr.conname, min(attr.description) AS description, NULL AS extra 
FROM (SELECT con.conrelid AS conrelid, con.conname AS conname, con.conindid AS conindid, con.description AS description, con.ord AS ord, pg_catalog.pg_attribute.attname AS attname 
FROM pg_catalog.pg_attribute JOIN (SELECT pg_catalog.pg_constraint.conrelid AS conrelid, pg_catalog.pg_constraint.conname AS conname, pg_catalog.pg_constraint.conindid AS conindid, unnest(pg_catalog.pg_constraint.conkey) AS attnum, generate_subscripts(pg_catalog.pg_constraint.conkey, %(generate_subscripts_1)s) AS ord, pg_catalog.pg_description.description AS description 
FROM pg_catalog.pg_constraint LEFT OUTER JOIN pg_catalog.pg_description ON pg_catalog.pg_description.objoid = pg_catalog.pg_constraint.oid 
WHERE pg_catalog.pg_constraint.contype = %(contype)s AND pg_catalog.pg_constraint.conrelid IN (%(oids_1)s)) AS con ON pg_catalog.pg_attribute.attnum = con.attnum AND pg_catalog.pg_attribute.attrelid = con.conrelid 
WHERE con.conrelid IN (%(oids_1)s)) AS attr GROUP BY attr.conrelid, attr.conname ORDER BY attr.conrelid, attr.conname
2026-03-15 22:26:04,330 - sqlalchemy.engine.Engine - INFO - [cached since 3.485s ago] {'generate_subscripts_1': 1, 'contype': 'p', 'oids_1': 16486}
2026-03-15 22:26:04,518 - sqlalchemy.engine.Engine - INFO - ROLLBACK
2026-03-15 22:26:04,720 - sqlalchemy.engine.Engine - INFO - BEGIN (implicit)
2026-03-15 22:26:04,720 - sqlalchemy.engine.Engine - INFO - SELECT pg_catalog.pg_class.oid, pg_catalog.pg_class.relname 
FROM pg_catalog.pg_class JOIN pg_catalog.pg_namespace ON pg_catalog.pg_namespace.oid = pg_catalog.pg_class.relnamespace 
WHERE pg_catalog.pg_class.relkind = ANY (ARRAY[%(param_1)s, %(param_2)s, %(param_3)s, %(param_4)s, %(param_5)s]) AND pg_catalog.pg_table_is_visible(pg_catalog.pg_class.oid) AND pg_catalog.pg_namespace.nspname != %(nspname_1)s AND pg_catalog.pg_class.relname IN (%(filter_names_1)s)
2026-03-15 22:26:04,728 - sqlalchemy.engine.Engine - INFO - [cached since 4.307s ago] {'param_1': 'r', 'param_2': 'p', 'param_3': 'f', 'param_4': 'v', 'param_5': 'm', 'nspname_1': 'pg_catalog', 'filter_names_1': 'usuarios'}
2026-03-15 22:26:05,132 - sqlalchemy.engine.Engine - INFO - SELECT attr.conrelid, array_agg(CAST(attr.attname AS TEXT) ORDER BY attr.ord) AS cols, attr.conname, min(attr.description) AS description, NULL AS extra 
FROM (SELECT con.conrelid AS conrelid, con.conname AS conname, con.conindid AS conindid, con.description AS description, con.ord AS ord, pg_catalog.pg_attribute.attname AS attname 
FROM pg_catalog.pg_attribute JOIN (SELECT pg_catalog.pg_constraint.conrelid AS conrelid, pg_catalog.pg_constraint.conname AS conname, pg_catalog.pg_constraint.conindid AS conindid, unnest(pg_catalog.pg_constraint.conkey) AS attnum, generate_subscripts(pg_catalog.pg_constraint.conkey, %(generate_subscripts_1)s) AS ord, pg_catalog.pg_description.description AS description 
FROM pg_catalog.pg_constraint LEFT OUTER JOIN pg_catalog.pg_description ON pg_catalog.pg_description.objoid = pg_catalog.pg_constraint.oid 
WHERE pg_catalog.pg_constraint.contype = %(contype)s AND pg_catalog.pg_constraint.conrelid IN (%(oids_1)s)) AS con ON pg_catalog.pg_attribute.attnum = con.attnum AND pg_catalog.pg_attribute.attrelid = con.conrelid 
WHERE con.conrelid IN (%(oids_1)s)) AS attr GROUP BY attr.conrelid, attr.conname ORDER BY attr.conrelid, attr.conname
2026-03-15 22:26:05,135 - sqlalchemy.engine.Engine - INFO - [cached since 4.287s ago] {'generate_subscripts_1': 1, 'contype': 'p', 'oids_1': 16502}
2026-03-15 22:26:05,322 - sqlalchemy.engine.Engine - INFO - ROLLBACK
2026-03-15 22:26:05,505 - sqlalchemy.engine.Engine - INFO - 
                SELECT setval(
                    pg_get_serial_sequence('usuarios', 'id'),
                    COALESCE(MAX(id), 1),
                    MAX(id) IS NOT NULL
                )
                FROM "usuarios"
                
2026-03-15 22:26:05,505 - sqlalchemy.engine.Engine - INFO - [generated in 0.00219s] {}
2026-03-15 22:26:05,690 - sqlalchemy.engine.Engine - INFO - BEGIN (implicit)
2026-03-15 22:26:05,693 - sqlalchemy.engine.Engine - INFO - SELECT pg_catalog.pg_class.oid, pg_catalog.pg_class.relname 
FROM pg_catalog.pg_class JOIN pg_catalog.pg_namespace ON pg_catalog.pg_namespace.oid = pg_catalog.pg_class.relnamespace 
WHERE pg_catalog.pg_class.relkind = ANY (ARRAY[%(param_1)s, %(param_2)s, %(param_3)s, %(param_4)s, %(param_5)s]) AND pg_catalog.pg_table_is_visible(pg_catalog.pg_class.oid) AND pg_catalog.pg_namespace.nspname != %(nspname_1)s AND pg_catalog.pg_class.relname IN (%(filter_names_1)s)
2026-03-15 22:26:05,693 - sqlalchemy.engine.Engine - INFO - [cached since 5.275s ago] {'param_1': 'r', 'param_2': 'p', 'param_3': 'f', 'param_4': 'v', 'param_5': 'm', 'nspname_1': 'pg_catalog', 'filter_names_1': 'empleados'}
2026-03-15 22:26:06,060 - sqlalchemy.engine.Engine - INFO - SELECT attr.conrelid, array_agg(CAST(attr.attname AS TEXT) ORDER BY attr.ord) AS cols, attr.conname, min(attr.description) AS description, NULL AS extra 
FROM (SELECT con.conrelid AS conrelid, con.conname AS conname, con.conindid AS conindid, con.description AS description, con.ord AS ord, pg_catalog.pg_attribute.attname AS attname 
FROM pg_catalog.pg_attribute JOIN (SELECT pg_catalog.pg_constraint.conrelid AS conrelid, pg_catalog.pg_constraint.conname AS conname, pg_catalog.pg_constraint.conindid AS conindid, unnest(pg_catalog.pg_constraint.conkey) AS attnum, generate_subscripts(pg_catalog.pg_constraint.conkey, %(generate_subscripts_1)s) AS ord, pg_catalog.pg_description.description AS description 
FROM pg_catalog.pg_constraint LEFT OUTER JOIN pg_catalog.pg_description ON pg_catalog.pg_description.objoid = pg_catalog.pg_constraint.oid 
WHERE pg_catalog.pg_constraint.contype = %(contype)s AND pg_catalog.pg_constraint.conrelid IN (%(oids_1)s)) AS con ON pg_catalog.pg_attribute.attnum = con.attnum AND pg_catalog.pg_attribute.attrelid = con.conrelid 
WHERE con.conrelid IN (%(oids_1)s)) AS attr GROUP BY attr.conrelid, attr.conname ORDER BY attr.conrelid, attr.conname
2026-03-15 22:26:06,060 - sqlalchemy.engine.Engine - INFO - [cached since 5.222s ago] {'generate_subscripts_1': 1, 'contype': 'p', 'oids_1': 16412}
2026-03-15 22:26:06,242 - sqlalchemy.engine.Engine - INFO - ROLLBACK
2026-03-15 22:26:06,426 - sqlalchemy.engine.Engine - INFO - 
                SELECT setval(
                    pg_get_serial_sequence('empleados', 'id'),
                    COALESCE(MAX(id), 1),
                    MAX(id) IS NOT NULL
                )
                FROM "empleados"
                
2026-03-15 22:26:06,426 - sqlalchemy.engine.Engine - INFO - [generated in 0.00224s] {}
2026-03-15 22:26:06,626 - sqlalchemy.engine.Engine - INFO - BEGIN (implicit)
2026-03-15 22:26:06,626 - sqlalchemy.engine.Engine - INFO - SELECT pg_catalog.pg_class.oid, pg_catalog.pg_class.relname 
FROM pg_catalog.pg_class JOIN pg_catalog.pg_namespace ON pg_catalog.pg_namespace.oid = pg_catalog.pg_class.relnamespace 
WHERE pg_catalog.pg_class.relkind = ANY (ARRAY[%(param_1)s, %(param_2)s, %(param_3)s, %(param_4)s, %(param_5)s]) AND pg_catalog.pg_table_is_visible(pg_catalog.pg_class.oid) AND pg_catalog.pg_namespace.nspname != %(nspname_1)s AND pg_catalog.pg_class.relname IN (%(filter_names_1)s)
2026-03-15 22:26:06,626 - sqlalchemy.engine.Engine - INFO - [cached since 6.209s ago] {'param_1': 'r', 'param_2': 'p', 'param_3': 'f', 'param_4': 'v', 'param_5': 'm', 'nspname_1': 'pg_catalog', 'filter_names_1': 'tipos_novedad'}
2026-03-15 22:26:06,989 - sqlalchemy.engine.Engine - INFO - SELECT attr.conrelid, array_agg(CAST(attr.attname AS TEXT) ORDER BY attr.ord) AS cols, attr.conname, min(attr.description) AS description, NULL AS extra 
FROM (SELECT con.conrelid AS conrelid, con.conname AS conname, con.conindid AS conindid, con.description AS description, con.ord AS ord, pg_catalog.pg_attribute.attname AS attname 
FROM pg_catalog.pg_attribute JOIN (SELECT pg_catalog.pg_constraint.conrelid AS conrelid, pg_catalog.pg_constraint.conname AS conname, pg_catalog.pg_constraint.conindid AS conindid, unnest(pg_catalog.pg_constraint.conkey) AS attnum, generate_subscripts(pg_catalog.pg_constraint.conkey, %(generate_subscripts_1)s) AS ord, pg_catalog.pg_description.description AS description 
FROM pg_catalog.pg_constraint LEFT OUTER JOIN pg_catalog.pg_description ON pg_catalog.pg_description.objoid = pg_catalog.pg_constraint.oid 
WHERE pg_catalog.pg_constraint.contype = %(contype)s AND pg_catalog.pg_constraint.conrelid IN (%(oids_1)s)) AS con ON pg_catalog.pg_attribute.attnum = con.attnum AND pg_catalog.pg_attribute.attrelid = con.conrelid 
WHERE con.conrelid IN (%(oids_1)s)) AS attr GROUP BY attr.conrelid, attr.conname ORDER BY attr.conrelid, attr.conname
2026-03-15 22:26:06,995 - sqlalchemy.engine.Engine - INFO - [cached since 6.146s ago] {'generate_subscripts_1': 1, 'contype': 'p', 'oids_1': 16422}
2026-03-15 22:26:07,196 - sqlalchemy.engine.Engine - INFO - ROLLBACK
2026-03-15 22:26:07,380 - sqlalchemy.engine.Engine - INFO - 
                SELECT setval(
                    pg_get_serial_sequence('tipos_novedad', 'id'),
                    COALESCE(MAX(id), 1),
                    MAX(id) IS NOT NULL
                )
                FROM "tipos_novedad"
                
2026-03-15 22:26:07,380 - sqlalchemy.engine.Engine - INFO - [generated in 0.00245s] {}
2026-03-15 22:26:07,572 - sqlalchemy.engine.Engine - INFO - BEGIN (implicit)
2026-03-15 22:26:07,574 - sqlalchemy.engine.Engine - INFO - SELECT pg_catalog.pg_class.oid, pg_catalog.pg_class.relname 
FROM pg_catalog.pg_class JOIN pg_catalog.pg_namespace ON pg_catalog.pg_namespace.oid = pg_catalog.pg_class.relnamespace 
WHERE pg_catalog.pg_class.relkind = ANY (ARRAY[%(param_1)s, %(param_2)s, %(param_3)s, %(param_4)s, %(param_5)s]) AND pg_catalog.pg_table_is_visible(pg_catalog.pg_class.oid) AND pg_catalog.pg_namespace.nspname != %(nspname_1)s AND pg_catalog.pg_class.relname IN (%(filter_names_1)s)
2026-03-15 22:26:07,575 - sqlalchemy.engine.Engine - INFO - [cached since 7.155s ago] {'param_1': 'r', 'param_2': 'p', 'param_3': 'f', 'param_4': 'v', 'param_5': 'm', 'nspname_1': 'pg_catalog', 'filter_names_1': 'conceptos_automaticos'}
2026-03-15 22:26:07,944 - sqlalchemy.engine.Engine - INFO - SELECT attr.conrelid, array_agg(CAST(attr.attname AS TEXT) ORDER BY attr.ord) AS cols, attr.conname, min(attr.description) AS description, NULL AS extra 
FROM (SELECT con.conrelid AS conrelid, con.conname AS conname, con.conindid AS conindid, con.description AS description, con.ord AS ord, pg_catalog.pg_attribute.attname AS attname 
FROM pg_catalog.pg_attribute JOIN (SELECT pg_catalog.pg_constraint.conrelid AS conrelid, pg_catalog.pg_constraint.conname AS conname, pg_catalog.pg_constraint.conindid AS conindid, unnest(pg_catalog.pg_constraint.conkey) AS attnum, generate_subscripts(pg_catalog.pg_constraint.conkey, %(generate_subscripts_1)s) AS ord, pg_catalog.pg_description.description AS description 
FROM pg_catalog.pg_constraint LEFT OUTER JOIN pg_catalog.pg_description ON pg_catalog.pg_description.objoid = pg_catalog.pg_constraint.oid 
WHERE pg_catalog.pg_constraint.contype = %(contype)s AND pg_catalog.pg_constraint.conrelid IN (%(oids_1)s)) AS con ON pg_catalog.pg_attribute.attnum = con.attnum AND pg_catalog.pg_attribute.attrelid = con.conrelid 
WHERE con.conrelid IN (%(oids_1)s)) AS attr GROUP BY attr.conrelid, attr.conname ORDER BY attr.conrelid, attr.conname
2026-03-15 22:26:07,946 - sqlalchemy.engine.Engine - INFO - [cached since 7.099s ago] {'generate_subscripts_1': 1, 'contype': 'p', 'oids_1': 16433}
2026-03-15 22:26:08,131 - sqlalchemy.engine.Engine - INFO - ROLLBACK
2026-03-15 22:26:08,318 - sqlalchemy.engine.Engine - INFO - 
                SELECT setval(
                    pg_get_serial_sequence('conceptos_automaticos', 'id'),
                    COALESCE(MAX(id), 1),
                    MAX(id) IS NOT NULL
                )
                FROM "conceptos_automaticos"
                
2026-03-15 22:26:08,322 - sqlalchemy.engine.Engine - INFO - [generated in 0.00200s] {}
2026-03-15 22:26:08,507 - sqlalchemy.engine.Engine - INFO - BEGIN (implicit)
2026-03-15 22:26:08,507 - sqlalchemy.engine.Engine - INFO - SELECT pg_catalog.pg_class.oid, pg_catalog.pg_class.relname 
FROM pg_catalog.pg_class JOIN pg_catalog.pg_namespace ON pg_catalog.pg_namespace.oid = pg_catalog.pg_class.relnamespace 
WHERE pg_catalog.pg_class.relkind = ANY (ARRAY[%(param_1)s, %(param_2)s, %(param_3)s, %(param_4)s, %(param_5)s]) AND pg_catalog.pg_table_is_visible(pg_catalog.pg_class.oid) AND pg_catalog.pg_namespace.nspname != %(nspname_1)s AND pg_catalog.pg_class.relname IN (%(filter_names_1)s)
2026-03-15 22:26:08,507 - sqlalchemy.engine.Engine - INFO - [cached since 8.091s ago] {'param_1': 'r', 'param_2': 'p', 'param_3': 'f', 'param_4': 'v', 'param_5': 'm', 'nspname_1': 'pg_catalog', 'filter_names_1': 'quincenas'}
2026-03-15 22:26:08,880 - sqlalchemy.engine.Engine - INFO - SELECT attr.conrelid, array_agg(CAST(attr.attname AS TEXT) ORDER BY attr.ord) AS cols, attr.conname, min(attr.description) AS description, NULL AS extra 
FROM (SELECT con.conrelid AS conrelid, con.conname AS conname, con.conindid AS conindid, con.description AS description, con.ord AS ord, pg_catalog.pg_attribute.attname AS attname 
FROM pg_catalog.pg_attribute JOIN (SELECT pg_catalog.pg_constraint.conrelid AS conrelid, pg_catalog.pg_constraint.conname AS conname, pg_catalog.pg_constraint.conindid AS conindid, unnest(pg_catalog.pg_constraint.conkey) AS attnum, generate_subscripts(pg_catalog.pg_constraint.conkey, %(generate_subscripts_1)s) AS ord, pg_catalog.pg_description.description AS description 
FROM pg_catalog.pg_constraint LEFT OUTER JOIN pg_catalog.pg_description ON pg_catalog.pg_description.objoid = pg_catalog.pg_constraint.oid 
WHERE pg_catalog.pg_constraint.contype = %(contype)s AND pg_catalog.pg_constraint.conrelid IN (%(oids_1)s)) AS con ON pg_catalog.pg_attribute.attnum = con.attnum AND pg_catalog.pg_attribute.attrelid = con.conrelid 
WHERE con.conrelid IN (%(oids_1)s)) AS attr GROUP BY attr.conrelid, attr.conname ORDER BY attr.conrelid, attr.conname
2026-03-15 22:26:08,880 - sqlalchemy.engine.Engine - INFO - [cached since 8.035s ago] {'generate_subscripts_1': 1, 'contype': 'p', 'oids_1': 16565}
2026-03-15 22:26:09,069 - sqlalchemy.engine.Engine - INFO - ROLLBACK
2026-03-15 22:26:09,252 - sqlalchemy.engine.Engine - INFO - 
                SELECT setval(
                    pg_get_serial_sequence('quincenas', 'id'),
                    COALESCE(MAX(id), 1),
                    MAX(id) IS NOT NULL
                )
                FROM "quincenas"
                
2026-03-15 22:26:09,252 - sqlalchemy.engine.Engine - INFO - [generated in 0.00217s] {}
2026-03-15 22:26:09,436 - sqlalchemy.engine.Engine - INFO - BEGIN (implicit)
2026-03-15 22:26:09,436 - sqlalchemy.engine.Engine - INFO - SELECT pg_catalog.pg_class.oid, pg_catalog.pg_class.relname 
FROM pg_catalog.pg_class JOIN pg_catalog.pg_namespace ON pg_catalog.pg_namespace.oid = pg_catalog.pg_class.relnamespace 
WHERE pg_catalog.pg_class.relkind = ANY (ARRAY[%(param_1)s, %(param_2)s, %(param_3)s, %(param_4)s, %(param_5)s]) AND pg_catalog.pg_table_is_visible(pg_catalog.pg_class.oid) AND pg_catalog.pg_namespace.nspname != %(nspname_1)s AND pg_catalog.pg_class.relname IN (%(filter_names_1)s)
2026-03-15 22:26:09,436 - sqlalchemy.engine.Engine - INFO - [cached since 9.03s ago] {'param_1': 'r', 'param_2': 'p', 'param_3': 'f', 'param_4': 'v', 'param_5': 'm', 'nspname_1': 'pg_catalog', 'filter_names_1': 'empresa'}
2026-03-15 22:26:09,819 - sqlalchemy.engine.Engine - INFO - SELECT attr.conrelid, array_agg(CAST(attr.attname AS TEXT) ORDER BY attr.ord) AS cols, attr.conname, min(attr.description) AS description, NULL AS extra 
FROM (SELECT con.conrelid AS conrelid, con.conname AS conname, con.conindid AS conindid, con.description AS description, con.ord AS ord, pg_catalog.pg_attribute.attname AS attname 
FROM pg_catalog.pg_attribute JOIN (SELECT pg_catalog.pg_constraint.conrelid AS conrelid, pg_catalog.pg_constraint.conname AS conname, pg_catalog.pg_constraint.conindid AS conindid, unnest(pg_catalog.pg_constraint.conkey) AS attnum, generate_subscripts(pg_catalog.pg_constraint.conkey, %(generate_subscripts_1)s) AS ord, pg_catalog.pg_description.description AS description 
FROM pg_catalog.pg_constraint LEFT OUTER JOIN pg_catalog.pg_description ON pg_catalog.pg_description.objoid = pg_catalog.pg_constraint.oid 
WHERE pg_catalog.pg_constraint.contype = %(contype)s AND pg_catalog.pg_constraint.conrelid IN (%(oids_1)s)) AS con ON pg_catalog.pg_attribute.attnum = con.attnum AND pg_catalog.pg_attribute.attrelid = con.conrelid 
WHERE con.conrelid IN (%(oids_1)s)) AS attr GROUP BY attr.conrelid, attr.conname ORDER BY attr.conrelid, attr.conname
2026-03-15 22:26:09,819 - sqlalchemy.engine.Engine - INFO - [cached since 8.981s ago] {'generate_subscripts_1': 1, 'contype': 'p', 'oids_1': 16442}
2026-03-15 22:26:10,022 - sqlalchemy.engine.Engine - INFO - ROLLBACK
2026-03-15 22:26:10,224 - sqlalchemy.engine.Engine - INFO - 
                SELECT setval(
                    pg_get_serial_sequence('empresa', 'id'),
                    COALESCE(MAX(id), 1),
                    MAX(id) IS NOT NULL
                )
                FROM "empresa"
                
2026-03-15 22:26:10,226 - sqlalchemy.engine.Engine - INFO - [generated in 0.00218s] {}
2026-03-15 22:26:10,407 - sqlalchemy.engine.Engine - INFO - BEGIN (implicit)
2026-03-15 22:26:10,407 - sqlalchemy.engine.Engine - INFO - SELECT pg_catalog.pg_class.oid, pg_catalog.pg_class.relname 
FROM pg_catalog.pg_class JOIN pg_catalog.pg_namespace ON pg_catalog.pg_namespace.oid = pg_catalog.pg_class.relnamespace 
WHERE pg_catalog.pg_class.relkind = ANY (ARRAY[%(param_1)s, %(param_2)s, %(param_3)s, %(param_4)s, %(param_5)s]) AND pg_catalog.pg_table_is_visible(pg_catalog.pg_class.oid) AND pg_catalog.pg_namespace.nspname != %(nspname_1)s AND pg_catalog.pg_class.relname IN (%(filter_names_1)s)
2026-03-15 22:26:10,415 - sqlalchemy.engine.Engine - INFO - [cached since 9.995s ago] {'param_1': 'r', 'param_2': 'p', 'param_3': 'f', 'param_4': 'v', 'param_5': 'm', 'nspname_1': 'pg_catalog', 'filter_names_1': 'parametros_descuentos'}
2026-03-15 22:26:10,781 - sqlalchemy.engine.Engine - INFO - SELECT attr.conrelid, array_agg(CAST(attr.attname AS TEXT) ORDER BY attr.ord) AS cols, attr.conname, min(attr.description) AS description, NULL AS extra 
FROM (SELECT con.conrelid AS conrelid, con.conname AS conname, con.conindid AS conindid, con.description AS description, con.ord AS ord, pg_catalog.pg_attribute.attname AS attname 
FROM pg_catalog.pg_attribute JOIN (SELECT pg_catalog.pg_constraint.conrelid AS conrelid, pg_catalog.pg_constraint.conname AS conname, pg_catalog.pg_constraint.conindid AS conindid, unnest(pg_catalog.pg_constraint.conkey) AS attnum, generate_subscripts(pg_catalog.pg_constraint.conkey, %(generate_subscripts_1)s) AS ord, pg_catalog.pg_description.description AS description 
FROM pg_catalog.pg_constraint LEFT OUTER JOIN pg_catalog.pg_description ON pg_catalog.pg_description.objoid = pg_catalog.pg_constraint.oid 
WHERE pg_catalog.pg_constraint.contype = %(contype)s AND pg_catalog.pg_constraint.conrelid IN (%(oids_1)s)) AS con ON pg_catalog.pg_attribute.attnum = con.attnum AND pg_catalog.pg_attribute.attrelid = con.conrelid 
WHERE con.conrelid IN (%(oids_1)s)) AS attr GROUP BY attr.conrelid, attr.conname ORDER BY attr.conrelid, attr.conname
2026-03-15 22:26:10,781 - sqlalchemy.engine.Engine - INFO - [cached since 9.936s ago] {'generate_subscripts_1': 1, 'contype': 'p', 'oids_1': 16453}
2026-03-15 22:26:10,976 - sqlalchemy.engine.Engine - INFO - ROLLBACK
2026-03-15 22:26:11,164 - sqlalchemy.engine.Engine - INFO - 
                SELECT setval(
                    pg_get_serial_sequence('parametros_descuentos', 'id'),
                    COALESCE(MAX(id), 1),
                    MAX(id) IS NOT NULL
                )
                FROM "parametros_descuentos"
                
2026-03-15 22:26:11,173 - sqlalchemy.engine.Engine - INFO - [generated in 0.00234s] {}
2026-03-15 22:26:11,360 - sqlalchemy.engine.Engine - INFO - BEGIN (implicit)
2026-03-15 22:26:11,360 - sqlalchemy.engine.Engine - INFO - SELECT pg_catalog.pg_class.oid, pg_catalog.pg_class.relname 
FROM pg_catalog.pg_class JOIN pg_catalog.pg_namespace ON pg_catalog.pg_namespace.oid = pg_catalog.pg_class.relnamespace 
WHERE pg_catalog.pg_class.relkind = ANY (ARRAY[%(param_1)s, %(param_2)s, %(param_3)s, %(param_4)s, %(param_5)s]) AND pg_catalog.pg_table_is_visible(pg_catalog.pg_class.oid) AND pg_catalog.pg_namespace.nspname != %(nspname_1)s AND pg_catalog.pg_class.relname IN (%(filter_names_1)s)
2026-03-15 22:26:11,360 - sqlalchemy.engine.Engine - INFO - [cached since 10.95s ago] {'param_1': 'r', 'param_2': 'p', 'param_3': 'f', 'param_4': 'v', 'param_5': 'm', 'nspname_1': 'pg_catalog', 'filter_names_1': 'servicios'}
2026-03-15 22:26:11,726 - sqlalchemy.engine.Engine - INFO - SELECT attr.conrelid, array_agg(CAST(attr.attname AS TEXT) ORDER BY attr.ord) AS cols, attr.conname, min(attr.description) AS description, NULL AS extra 
FROM (SELECT con.conrelid AS conrelid, con.conname AS conname, con.conindid AS conindid, con.description AS description, con.ord AS ord, pg_catalog.pg_attribute.attname AS attname 
FROM pg_catalog.pg_attribute JOIN (SELECT pg_catalog.pg_constraint.conrelid AS conrelid, pg_catalog.pg_constraint.conname AS conname, pg_catalog.pg_constraint.conindid AS conindid, unnest(pg_catalog.pg_constraint.conkey) AS attnum, generate_subscripts(pg_catalog.pg_constraint.conkey, %(generate_subscripts_1)s) AS ord, pg_catalog.pg_description.description AS description 
FROM pg_catalog.pg_constraint LEFT OUTER JOIN pg_catalog.pg_description ON pg_catalog.pg_description.objoid = pg_catalog.pg_constraint.oid 
WHERE pg_catalog.pg_constraint.contype = %(contype)s AND pg_catalog.pg_constraint.conrelid IN (%(oids_1)s)) AS con ON pg_catalog.pg_attribute.attnum = con.attnum AND pg_catalog.pg_attribute.attrelid = con.conrelid 
WHERE con.conrelid IN (%(oids_1)s)) AS attr GROUP BY attr.conrelid, attr.conname ORDER BY attr.conrelid, attr.conname
2026-03-15 22:26:11,739 - sqlalchemy.engine.Engine - INFO - [cached since 10.89s ago] {'generate_subscripts_1': 1, 'contype': 'p', 'oids_1': 16464}
2026-03-15 22:26:11,949 - sqlalchemy.engine.Engine - INFO - ROLLBACK
2026-03-15 22:26:12,137 - sqlalchemy.engine.Engine - INFO - 
                SELECT setval(
                    pg_get_serial_sequence('servicios', 'id'),
                    COALESCE(MAX(id), 1),
                    MAX(id) IS NOT NULL
                )
                FROM "servicios"
                
2026-03-15 22:26:12,137 - sqlalchemy.engine.Engine - INFO - [generated in 0.00230s] {}
2026-03-15 22:26:12,328 - sqlalchemy.engine.Engine - INFO - BEGIN (implicit)
2026-03-15 22:26:12,330 - sqlalchemy.engine.Engine - INFO - SELECT pg_catalog.pg_class.oid, pg_catalog.pg_class.relname 
FROM pg_catalog.pg_class JOIN pg_catalog.pg_namespace ON pg_catalog.pg_namespace.oid = pg_catalog.pg_class.relnamespace 
WHERE pg_catalog.pg_class.relkind = ANY (ARRAY[%(param_1)s, %(param_2)s, %(param_3)s, %(param_4)s, %(param_5)s]) AND pg_catalog.pg_table_is_visible(pg_catalog.pg_class.oid) AND pg_catalog.pg_namespace.nspname != %(nspname_1)s AND pg_catalog.pg_class.relname IN (%(filter_names_1)s)
2026-03-15 22:26:12,331 - sqlalchemy.engine.Engine - INFO - [cached since 11.91s ago] {'param_1': 'r', 'param_2': 'p', 'param_3': 'f', 'param_4': 'v', 'param_5': 'm', 'nspname_1': 'pg_catalog', 'filter_names_1': 'servicios_periodos'}
2026-03-15 22:26:12,710 - sqlalchemy.engine.Engine - INFO - SELECT attr.conrelid, array_agg(CAST(attr.attname AS TEXT) ORDER BY attr.ord) AS cols, attr.conname, min(attr.description) AS description, NULL AS extra 
FROM (SELECT con.conrelid AS conrelid, con.conname AS conname, con.conindid AS conindid, con.description AS description, con.ord AS ord, pg_catalog.pg_attribute.attname AS attname 
FROM pg_catalog.pg_attribute JOIN (SELECT pg_catalog.pg_constraint.conrelid AS conrelid, pg_catalog.pg_constraint.conname AS conname, pg_catalog.pg_constraint.conindid AS conindid, unnest(pg_catalog.pg_constraint.conkey) AS attnum, generate_subscripts(pg_catalog.pg_constraint.conkey, %(generate_subscripts_1)s) AS ord, pg_catalog.pg_description.description AS description 
FROM pg_catalog.pg_constraint LEFT OUTER JOIN pg_catalog.pg_description ON pg_catalog.pg_description.objoid = pg_catalog.pg_constraint.oid 
WHERE pg_catalog.pg_constraint.contype = %(contype)s AND pg_catalog.pg_constraint.conrelid IN (%(oids_1)s)) AS con ON pg_catalog.pg_attribute.attnum = con.attnum AND pg_catalog.pg_attribute.attrelid = con.conrelid 
WHERE con.conrelid IN (%(oids_1)s)) AS attr GROUP BY attr.conrelid, attr.conname ORDER BY attr.conrelid, attr.conname
2026-03-15 22:26:12,713 - sqlalchemy.engine.Engine - INFO - [cached since 11.86s ago] {'generate_subscripts_1': 1, 'contype': 'p', 'oids_1': 16473}
2026-03-15 22:26:12,899 - sqlalchemy.engine.Engine - INFO - ROLLBACK
2026-03-15 22:26:13,100 - sqlalchemy.engine.Engine - INFO - 
                SELECT setval(
                    pg_get_serial_sequence('servicios_periodos', 'id'),
                    COALESCE(MAX(id), 1),
                    MAX(id) IS NOT NULL
                )
                FROM "servicios_periodos"
                
2026-03-15 22:26:13,110 - sqlalchemy.engine.Engine - INFO - [generated in 0.01134s] {}
2026-03-15 22:26:13,283 - sqlalchemy.engine.Engine - INFO - BEGIN (implicit)
2026-03-15 22:26:13,299 - sqlalchemy.engine.Engine - INFO - SELECT pg_catalog.pg_class.oid, pg_catalog.pg_class.relname 
FROM pg_catalog.pg_class JOIN pg_catalog.pg_namespace ON pg_catalog.pg_namespace.oid = pg_catalog.pg_class.relnamespace 
WHERE pg_catalog.pg_class.relkind = ANY (ARRAY[%(param_1)s, %(param_2)s, %(param_3)s, %(param_4)s, %(param_5)s]) AND pg_catalog.pg_table_is_visible(pg_catalog.pg_class.oid) AND pg_catalog.pg_namespace.nspname != %(nspname_1)s AND pg_catalog.pg_class.relname IN (%(filter_names_1)s)
2026-03-15 22:26:13,300 - sqlalchemy.engine.Engine - INFO - [cached since 12.88s ago] {'param_1': 'r', 'param_2': 'p', 'param_3': 'f', 'param_4': 'v', 'param_5': 'm', 'nspname_1': 'pg_catalog', 'filter_names_1': 'prestamos_empresa'}
2026-03-15 22:26:13,680 - sqlalchemy.engine.Engine - INFO - SELECT attr.conrelid, array_agg(CAST(attr.attname AS TEXT) ORDER BY attr.ord) AS cols, attr.conname, min(attr.description) AS description, NULL AS extra 
FROM (SELECT con.conrelid AS conrelid, con.conname AS conname, con.conindid AS conindid, con.description AS description, con.ord AS ord, pg_catalog.pg_attribute.attname AS attname 
FROM pg_catalog.pg_attribute JOIN (SELECT pg_catalog.pg_constraint.conrelid AS conrelid, pg_catalog.pg_constraint.conname AS conname, pg_catalog.pg_constraint.conindid AS conindid, unnest(pg_catalog.pg_constraint.conkey) AS attnum, generate_subscripts(pg_catalog.pg_constraint.conkey, %(generate_subscripts_1)s) AS ord, pg_catalog.pg_description.description AS description 
FROM pg_catalog.pg_constraint LEFT OUTER JOIN pg_catalog.pg_description ON pg_catalog.pg_description.objoid = pg_catalog.pg_constraint.oid 
WHERE pg_catalog.pg_constraint.contype = %(contype)s AND pg_catalog.pg_constraint.conrelid IN (%(oids_1)s)) AS con ON pg_catalog.pg_attribute.attnum = con.attnum AND pg_catalog.pg_attribute.attrelid = con.conrelid 
WHERE con.conrelid IN (%(oids_1)s)) AS attr GROUP BY attr.conrelid, attr.conname ORDER BY attr.conrelid, attr.conname
2026-03-15 22:26:13,680 - sqlalchemy.engine.Engine - INFO - [cached since 12.83s ago] {'generate_subscripts_1': 1, 'contype': 'p', 'oids_1': 16480}
2026-03-15 22:26:13,888 - sqlalchemy.engine.Engine - INFO - ROLLBACK
2026-03-15 22:26:14,073 - sqlalchemy.engine.Engine - INFO - 
                SELECT setval(
                    pg_get_serial_sequence('prestamos_empresa', 'id'),
                    COALESCE(MAX(id), 1),
                    MAX(id) IS NOT NULL
                )
                FROM "prestamos_empresa"
                
2026-03-15 22:26:14,083 - sqlalchemy.engine.Engine - INFO - [generated in 0.00233s] {}
2026-03-15 22:26:14,254 - sqlalchemy.engine.Engine - INFO - BEGIN (implicit)
2026-03-15 22:26:14,270 - sqlalchemy.engine.Engine - INFO - SELECT pg_catalog.pg_class.oid, pg_catalog.pg_class.relname 
FROM pg_catalog.pg_class JOIN pg_catalog.pg_namespace ON pg_catalog.pg_namespace.oid = pg_catalog.pg_class.relnamespace 
WHERE pg_catalog.pg_class.relkind = ANY (ARRAY[%(param_1)s, %(param_2)s, %(param_3)s, %(param_4)s, %(param_5)s]) AND pg_catalog.pg_table_is_visible(pg_catalog.pg_class.oid) AND pg_catalog.pg_namespace.nspname != %(nspname_1)s AND pg_catalog.pg_class.relname IN (%(filter_names_1)s)
2026-03-15 22:26:14,270 - sqlalchemy.engine.Engine - INFO - [cached since 13.85s ago] {'param_1': 'r', 'param_2': 'p', 'param_3': 'f', 'param_4': 'v', 'param_5': 'm', 'nspname_1': 'pg_catalog', 'filter_names_1': 'novedades'}
2026-03-15 22:26:14,652 - sqlalchemy.engine.Engine - INFO - SELECT attr.conrelid, array_agg(CAST(attr.attname AS TEXT) ORDER BY attr.ord) AS cols, attr.conname, min(attr.description) AS description, NULL AS extra 
FROM (SELECT con.conrelid AS conrelid, con.conname AS conname, con.conindid AS conindid, con.description AS description, con.ord AS ord, pg_catalog.pg_attribute.attname AS attname 
FROM pg_catalog.pg_attribute JOIN (SELECT pg_catalog.pg_constraint.conrelid AS conrelid, pg_catalog.pg_constraint.conname AS conname, pg_catalog.pg_constraint.conindid AS conindid, unnest(pg_catalog.pg_constraint.conkey) AS attnum, generate_subscripts(pg_catalog.pg_constraint.conkey, %(generate_subscripts_1)s) AS ord, pg_catalog.pg_description.description AS description 
FROM pg_catalog.pg_constraint LEFT OUTER JOIN pg_catalog.pg_description ON pg_catalog.pg_description.objoid = pg_catalog.pg_constraint.oid 
WHERE pg_catalog.pg_constraint.contype = %(contype)s AND pg_catalog.pg_constraint.conrelid IN (%(oids_1)s)) AS con ON pg_catalog.pg_attribute.attnum = con.attnum AND pg_catalog.pg_attribute.attrelid = con.conrelid 
WHERE con.conrelid IN (%(oids_1)s)) AS attr GROUP BY attr.conrelid, attr.conname ORDER BY attr.conrelid, attr.conname
2026-03-15 22:26:14,652 - sqlalchemy.engine.Engine - INFO - [cached since 13.81s ago] {'generate_subscripts_1': 1, 'contype': 'p', 'oids_1': 16518}
2026-03-15 22:26:14,839 - sqlalchemy.engine.Engine - INFO - ROLLBACK
2026-03-15 22:26:15,024 - sqlalchemy.engine.Engine - INFO - 
                SELECT setval(
                    pg_get_serial_sequence('novedades', 'id'),
                    COALESCE(MAX(id), 1),
                    MAX(id) IS NOT NULL
                )
                FROM "novedades"
                
2026-03-15 22:26:15,034 - sqlalchemy.engine.Engine - INFO - [generated in 0.00247s] {}
2026-03-15 22:26:15,256 - sqlalchemy.engine.Engine - INFO - BEGIN (implicit)
2026-03-15 22:26:15,256 - sqlalchemy.engine.Engine - INFO - SELECT pg_catalog.pg_class.oid, pg_catalog.pg_class.relname 
FROM pg_catalog.pg_class JOIN pg_catalog.pg_namespace ON pg_catalog.pg_namespace.oid = pg_catalog.pg_class.relnamespace 
WHERE pg_catalog.pg_class.relkind = ANY (ARRAY[%(param_1)s, %(param_2)s, %(param_3)s, %(param_4)s, %(param_5)s]) AND pg_catalog.pg_table_is_visible(pg_catalog.pg_class.oid) AND pg_catalog.pg_namespace.nspname != %(nspname_1)s AND pg_catalog.pg_class.relname IN (%(filter_names_1)s)
2026-03-15 22:26:15,256 - sqlalchemy.engine.Engine - INFO - [cached since 14.84s ago] {'param_1': 'r', 'param_2': 'p', 'param_3': 'f', 'param_4': 'v', 'param_5': 'm', 'nspname_1': 'pg_catalog', 'filter_names_1': 'liquidos_quincena'}
2026-03-15 22:26:15,624 - sqlalchemy.engine.Engine - INFO - SELECT attr.conrelid, array_agg(CAST(attr.attname AS TEXT) ORDER BY attr.ord) AS cols, attr.conname, min(attr.description) AS description, NULL AS extra 
FROM (SELECT con.conrelid AS conrelid, con.conname AS conname, con.conindid AS conindid, con.description AS description, con.ord AS ord, pg_catalog.pg_attribute.attname AS attname 
FROM pg_catalog.pg_attribute JOIN (SELECT pg_catalog.pg_constraint.conrelid AS conrelid, pg_catalog.pg_constraint.conname AS conname, pg_catalog.pg_constraint.conindid AS conindid, unnest(pg_catalog.pg_constraint.conkey) AS attnum, generate_subscripts(pg_catalog.pg_constraint.conkey, %(generate_subscripts_1)s) AS ord, pg_catalog.pg_description.description AS description 
FROM pg_catalog.pg_constraint LEFT OUTER JOIN pg_catalog.pg_description ON pg_catalog.pg_description.objoid = pg_catalog.pg_constraint.oid 
WHERE pg_catalog.pg_constraint.contype = %(contype)s AND pg_catalog.pg_constraint.conrelid IN (%(oids_1)s)) AS con ON pg_catalog.pg_attribute.attnum = con.attnum AND pg_catalog.pg_attribute.attrelid = con.conrelid 
WHERE con.conrelid IN (%(oids_1)s)) AS attr GROUP BY attr.conrelid, attr.conname ORDER BY attr.conrelid, attr.conname
2026-03-15 22:26:15,626 - sqlalchemy.engine.Engine - INFO - [cached since 14.78s ago] {'generate_subscripts_1': 1, 'contype': 'p', 'oids_1': 16634}
2026-03-15 22:26:15,809 - sqlalchemy.engine.Engine - INFO - ROLLBACK
2026-03-15 22:26:16,004 - sqlalchemy.engine.Engine - INFO - 
                SELECT setval(
                    pg_get_serial_sequence('liquidos_quincena', 'id'),
                    COALESCE(MAX(id), 1),
                    MAX(id) IS NOT NULL
                )
                FROM "liquidos_quincena"
                
2026-03-15 22:26:16,004 - sqlalchemy.engine.Engine - INFO - [generated in 0.00226s] {}
2026-03-15 22:26:16,193 - sqlalchemy.engine.Engine - INFO - BEGIN (implicit)
2026-03-15 22:26:16,196 - sqlalchemy.engine.Engine - INFO - SELECT pg_catalog.pg_class.oid, pg_catalog.pg_class.relname 
FROM pg_catalog.pg_class JOIN pg_catalog.pg_namespace ON pg_catalog.pg_namespace.oid = pg_catalog.pg_class.relnamespace 
WHERE pg_catalog.pg_class.relkind = ANY (ARRAY[%(param_1)s, %(param_2)s, %(param_3)s, %(param_4)s, %(param_5)s]) AND pg_catalog.pg_table_is_visible(pg_catalog.pg_class.oid) AND pg_catalog.pg_namespace.nspname != %(nspname_1)s AND pg_catalog.pg_class.relname IN (%(filter_names_1)s)
2026-03-15 22:26:16,196 - sqlalchemy.engine.Engine - INFO - [cached since 15.78s ago] {'param_1': 'r', 'param_2': 'p', 'param_3': 'f', 'param_4': 'v', 'param_5': 'm', 'nspname_1': 'pg_catalog', 'filter_names_1': 'servicios_novedades'}
2026-03-15 22:26:16,584 - sqlalchemy.engine.Engine - INFO - SELECT attr.conrelid, array_agg(CAST(attr.attname AS TEXT) ORDER BY attr.ord) AS cols, attr.conname, min(attr.description) AS description, NULL AS extra 
FROM (SELECT con.conrelid AS conrelid, con.conname AS conname, con.conindid AS conindid, con.description AS description, con.ord AS ord, pg_catalog.pg_attribute.attname AS attname 
FROM pg_catalog.pg_attribute JOIN (SELECT pg_catalog.pg_constraint.conrelid AS conrelid, pg_catalog.pg_constraint.conname AS conname, pg_catalog.pg_constraint.conindid AS conindid, unnest(pg_catalog.pg_constraint.conkey) AS attnum, generate_subscripts(pg_catalog.pg_constraint.conkey, %(generate_subscripts_1)s) AS ord, pg_catalog.pg_description.description AS description 
FROM pg_catalog.pg_constraint LEFT OUTER JOIN pg_catalog.pg_description ON pg_catalog.pg_description.objoid = pg_catalog.pg_constraint.oid 
WHERE pg_catalog.pg_constraint.contype = %(contype)s AND pg_catalog.pg_constraint.conrelid IN (%(oids_1)s)) AS con ON pg_catalog.pg_attribute.attnum = con.attnum AND pg_catalog.pg_attribute.attrelid = con.conrelid 
WHERE con.conrelid IN (%(oids_1)s)) AS attr GROUP BY attr.conrelid, attr.conname ORDER BY attr.conrelid, attr.conname
2026-03-15 22:26:16,584 - sqlalchemy.engine.Engine - INFO - [cached since 15.74s ago] {'generate_subscripts_1': 1, 'contype': 'p', 'oids_1': 16537}
2026-03-15 22:26:16,765 - sqlalchemy.engine.Engine - INFO - ROLLBACK
2026-03-15 22:26:16,951 - sqlalchemy.engine.Engine - INFO - 
                SELECT setval(
                    pg_get_serial_sequence('servicios_novedades', 'id'),
                    COALESCE(MAX(id), 1),
                    MAX(id) IS NOT NULL
                )
                FROM "servicios_novedades"
                
2026-03-15 22:26:16,951 - sqlalchemy.engine.Engine - INFO - [generated in 0.00239s] {}
2026-03-15 22:26:17,147 - sqlalchemy.engine.Engine - INFO - BEGIN (implicit)
2026-03-15 22:26:17,149 - sqlalchemy.engine.Engine - INFO - SELECT pg_catalog.pg_class.oid, pg_catalog.pg_class.relname 
FROM pg_catalog.pg_class JOIN pg_catalog.pg_namespace ON pg_catalog.pg_namespace.oid = pg_catalog.pg_class.relnamespace 
WHERE pg_catalog.pg_class.relkind = ANY (ARRAY[%(param_1)s, %(param_2)s, %(param_3)s, %(param_4)s, %(param_5)s]) AND pg_catalog.pg_table_is_visible(pg_catalog.pg_class.oid) AND pg_catalog.pg_namespace.nspname != %(nspname_1)s AND pg_catalog.pg_class.relname IN (%(filter_names_1)s)
2026-03-15 22:26:17,149 - sqlalchemy.engine.Engine - INFO - [cached since 16.73s ago] {'param_1': 'r', 'param_2': 'p', 'param_3': 'f', 'param_4': 'v', 'param_5': 'm', 'nspname_1': 'pg_catalog', 'filter_names_1': 'prestamos_novedades'}
2026-03-15 22:26:17,533 - sqlalchemy.engine.Engine - INFO - SELECT attr.conrelid, array_agg(CAST(attr.attname AS TEXT) ORDER BY attr.ord) AS cols, attr.conname, min(attr.description) AS description, NULL AS extra 
FROM (SELECT con.conrelid AS conrelid, con.conname AS conname, con.conindid AS conindid, con.description AS description, con.ord AS ord, pg_catalog.pg_attribute.attname AS attname 
FROM pg_catalog.pg_attribute JOIN (SELECT pg_catalog.pg_constraint.conrelid AS conrelid, pg_catalog.pg_constraint.conname AS conname, pg_catalog.pg_constraint.conindid AS conindid, unnest(pg_catalog.pg_constraint.conkey) AS attnum, generate_subscripts(pg_catalog.pg_constraint.conkey, %(generate_subscripts_1)s) AS ord, pg_catalog.pg_description.description AS description 
FROM pg_catalog.pg_constraint LEFT OUTER JOIN pg_catalog.pg_description ON pg_catalog.pg_description.objoid = pg_catalog.pg_constraint.oid 
WHERE pg_catalog.pg_constraint.contype = %(contype)s AND pg_catalog.pg_constraint.conrelid IN (%(oids_1)s)) AS con ON pg_catalog.pg_attribute.attnum = con.attnum AND pg_catalog.pg_attribute.attrelid = con.conrelid 
WHERE con.conrelid IN (%(oids_1)s)) AS attr GROUP BY attr.conrelid, attr.conname ORDER BY attr.conrelid, attr.conname
2026-03-15 22:26:17,542 - sqlalchemy.engine.Engine - INFO - [cached since 16.69s ago] {'generate_subscripts_1': 1, 'contype': 'p', 'oids_1': 16551}
2026-03-15 22:26:17,754 - sqlalchemy.engine.Engine - INFO - ROLLBACK
2026-03-15 22:26:17,937 - sqlalchemy.engine.Engine - INFO - 
                SELECT setval(
                    pg_get_serial_sequence('prestamos_novedades', 'id'),
                    COALESCE(MAX(id), 1),
                    MAX(id) IS NOT NULL
                )
                FROM "prestamos_novedades"
                
2026-03-15 22:26:17,949 - sqlalchemy.engine.Engine - INFO - [generated in 0.00214s] {}
2026-03-15 22:26:18,156 - sqlalchemy.engine.Engine - INFO - BEGIN (implicit)
2026-03-15 22:26:18,157 - sqlalchemy.engine.Engine - INFO - SELECT pg_catalog.pg_class.oid, pg_catalog.pg_class.relname 
FROM pg_catalog.pg_class JOIN pg_catalog.pg_namespace ON pg_catalog.pg_namespace.oid = pg_catalog.pg_class.relnamespace 
WHERE pg_catalog.pg_class.relkind = ANY (ARRAY[%(param_1)s, %(param_2)s, %(param_3)s, %(param_4)s, %(param_5)s]) AND pg_catalog.pg_table_is_visible(pg_catalog.pg_class.oid) AND pg_catalog.pg_namespace.nspname != %(nspname_1)s AND pg_catalog.pg_class.relname IN (%(filter_names_1)s)
2026-03-15 22:26:18,158 - sqlalchemy.engine.Engine - INFO - [cached since 17.74s ago] {'param_1': 'r', 'param_2': 'p', 'param_3': 'f', 'param_4': 'v', 'param_5': 'm', 'nspname_1': 'pg_catalog', 'filter_names_1': 'audit_logs'}
2026-03-15 22:26:18,564 - sqlalchemy.engine.Engine - INFO - SELECT attr.conrelid, array_agg(CAST(attr.attname AS TEXT) ORDER BY attr.ord) AS cols, attr.conname, min(attr.description) AS description, NULL AS extra 
FROM (SELECT con.conrelid AS conrelid, con.conname AS conname, con.conindid AS conindid, con.description AS description, con.ord AS ord, pg_catalog.pg_attribute.attname AS attname 
FROM pg_catalog.pg_attribute JOIN (SELECT pg_catalog.pg_constraint.conrelid AS conrelid, pg_catalog.pg_constraint.conname AS conname, pg_catalog.pg_constraint.conindid AS conindid, unnest(pg_catalog.pg_constraint.conkey) AS attnum, generate_subscripts(pg_catalog.pg_constraint.conkey, %(generate_subscripts_1)s) AS ord, pg_catalog.pg_description.description AS description 
FROM pg_catalog.pg_constraint LEFT OUTER JOIN pg_catalog.pg_description ON pg_catalog.pg_description.objoid = pg_catalog.pg_constraint.oid 
WHERE pg_catalog.pg_constraint.contype = %(contype)s AND pg_catalog.pg_constraint.conrelid IN (%(oids_1)s)) AS con ON pg_catalog.pg_attribute.attnum = con.attnum AND pg_catalog.pg_attribute.attrelid = con.conrelid 
WHERE con.conrelid IN (%(oids_1)s)) AS attr GROUP BY attr.conrelid, attr.conname ORDER BY attr.conrelid, attr.conname
2026-03-15 22:26:18,577 - sqlalchemy.engine.Engine - INFO - [cached since 17.73s ago] {'generate_subscripts_1': 1, 'contype': 'p', 'oids_1': 16582}
2026-03-15 22:26:18,769 - sqlalchemy.engine.Engine - INFO - ROLLBACK
2026-03-15 22:26:18,970 - sqlalchemy.engine.Engine - INFO - 
                SELECT setval(
                    pg_get_serial_sequence('audit_logs', 'id'),
                    COALESCE(MAX(id), 1),
                    MAX(id) IS NOT NULL
                )
                FROM "audit_logs"
                
2026-03-15 22:26:18,970 - sqlalchemy.engine.Engine - INFO - [generated in 0.00237s] {}
2026-03-15 22:26:19,189 - sqlalchemy.engine.Engine - INFO - BEGIN (implicit)
2026-03-15 22:26:19,202 - sqlalchemy.engine.Engine - INFO - SELECT pg_catalog.pg_class.oid, pg_catalog.pg_class.relname 
FROM pg_catalog.pg_class JOIN pg_catalog.pg_namespace ON pg_catalog.pg_namespace.oid = pg_catalog.pg_class.relnamespace 
WHERE pg_catalog.pg_class.relkind = ANY (ARRAY[%(param_1)s, %(param_2)s, %(param_3)s, %(param_4)s, %(param_5)s]) AND pg_catalog.pg_table_is_visible(pg_catalog.pg_class.oid) AND pg_catalog.pg_namespace.nspname != %(nspname_1)s AND pg_catalog.pg_class.relname IN (%(filter_names_1)s)
2026-03-15 22:26:19,203 - sqlalchemy.engine.Engine - INFO - [cached since 18.78s ago] {'param_1': 'r', 'param_2': 'p', 'param_3': 'f', 'param_4': 'v', 'param_5': 'm', 'nspname_1': 'pg_catalog', 'filter_names_1': 'pagos'}
2026-03-15 22:26:19,585 - sqlalchemy.engine.Engine - INFO - SELECT attr.conrelid, array_agg(CAST(attr.attname AS TEXT) ORDER BY attr.ord) AS cols, attr.conname, min(attr.description) AS description, NULL AS extra 
FROM (SELECT con.conrelid AS conrelid, con.conname AS conname, con.conindid AS conindid, con.description AS description, con.ord AS ord, pg_catalog.pg_attribute.attname AS attname 
FROM pg_catalog.pg_attribute JOIN (SELECT pg_catalog.pg_constraint.conrelid AS conrelid, pg_catalog.pg_constraint.conname AS conname, pg_catalog.pg_constraint.conindid AS conindid, unnest(pg_catalog.pg_constraint.conkey) AS attnum, generate_subscripts(pg_catalog.pg_constraint.conkey, %(generate_subscripts_1)s) AS ord, pg_catalog.pg_description.description AS description 
FROM pg_catalog.pg_constraint LEFT OUTER JOIN pg_catalog.pg_description ON pg_catalog.pg_description.objoid = pg_catalog.pg_constraint.oid 
WHERE pg_catalog.pg_constraint.contype = %(contype)s AND pg_catalog.pg_constraint.conrelid IN (%(oids_1)s)) AS con ON pg_catalog.pg_attribute.attnum = con.attnum AND pg_catalog.pg_attribute.attrelid = con.conrelid 
WHERE con.conrelid IN (%(oids_1)s)) AS attr GROUP BY attr.conrelid, attr.conname ORDER BY attr.conrelid, attr.conname
2026-03-15 22:26:19,585 - sqlalchemy.engine.Engine - INFO - [cached since 18.74s ago] {'generate_subscripts_1': 1, 'contype': 'p', 'oids_1': 16673}
2026-03-15 22:26:19,774 - sqlalchemy.engine.Engine - INFO - ROLLBACK
2026-03-15 22:26:19,957 - sqlalchemy.engine.Engine - INFO - 
                SELECT setval(
                    pg_get_serial_sequence('pagos', 'id'),
                    COALESCE(MAX(id), 1),
                    MAX(id) IS NOT NULL
                )
                FROM "pagos"
                
2026-03-15 22:26:19,957 - sqlalchemy.engine.Engine - INFO - [generated in 0.00247s] {}
2026-03-15 22:26:20,170 - sqlalchemy.engine.Engine - INFO - BEGIN (implicit)
2026-03-15 22:26:20,170 - sqlalchemy.engine.Engine - INFO - SELECT pg_catalog.pg_class.oid, pg_catalog.pg_class.relname 
FROM pg_catalog.pg_class JOIN pg_catalog.pg_namespace ON pg_catalog.pg_namespace.oid = pg_catalog.pg_class.relnamespace 
WHERE pg_catalog.pg_class.relkind = ANY (ARRAY[%(param_1)s, %(param_2)s, %(param_3)s, %(param_4)s, %(param_5)s]) AND pg_catalog.pg_table_is_visible(pg_catalog.pg_class.oid) AND pg_catalog.pg_namespace.nspname != %(nspname_1)s AND pg_catalog.pg_class.relname IN (%(filter_names_1)s)
2026-03-15 22:26:20,170 - sqlalchemy.engine.Engine - INFO - [cached since 19.75s ago] {'param_1': 'r', 'param_2': 'p', 'param_3': 'f', 'param_4': 'v', 'param_5': 'm', 'nspname_1': 'pg_catalog', 'filter_names_1': 'servicios_pagos'}
2026-03-15 22:26:20,571 - sqlalchemy.engine.Engine - INFO - SELECT attr.conrelid, array_agg(CAST(attr.attname AS TEXT) ORDER BY attr.ord) AS cols, attr.conname, min(attr.description) AS description, NULL AS extra 
FROM (SELECT con.conrelid AS conrelid, con.conname AS conname, con.conindid AS conindid, con.description AS description, con.ord AS ord, pg_catalog.pg_attribute.attname AS attname 
FROM pg_catalog.pg_attribute JOIN (SELECT pg_catalog.pg_constraint.conrelid AS conrelid, pg_catalog.pg_constraint.conname AS conname, pg_catalog.pg_constraint.conindid AS conindid, unnest(pg_catalog.pg_constraint.conkey) AS attnum, generate_subscripts(pg_catalog.pg_constraint.conkey, %(generate_subscripts_1)s) AS ord, pg_catalog.pg_description.description AS description 
FROM pg_catalog.pg_constraint LEFT OUTER JOIN pg_catalog.pg_description ON pg_catalog.pg_description.objoid = pg_catalog.pg_constraint.oid 
WHERE pg_catalog.pg_constraint.contype = %(contype)s AND pg_catalog.pg_constraint.conrelid IN (%(oids_1)s)) AS con ON pg_catalog.pg_attribute.attnum = con.attnum AND pg_catalog.pg_attribute.attrelid = con.conrelid 
WHERE con.conrelid IN (%(oids_1)s)) AS attr GROUP BY attr.conrelid, attr.conname ORDER BY attr.conrelid, attr.conname
2026-03-15 22:26:20,571 - sqlalchemy.engine.Engine - INFO - [cached since 19.73s ago] {'generate_subscripts_1': 1, 'contype': 'p', 'oids_1': 16596}
2026-03-15 22:26:20,780 - sqlalchemy.engine.Engine - INFO - ROLLBACK
2026-03-15 22:26:20,963 - sqlalchemy.engine.Engine - INFO - 
                SELECT setval(
                    pg_get_serial_sequence('servicios_pagos', 'id'),
                    COALESCE(MAX(id), 1),
                    MAX(id) IS NOT NULL
                )
                FROM "servicios_pagos"
                
2026-03-15 22:26:20,963 - sqlalchemy.engine.Engine - INFO - [generated in 0.00217s] {}
2026-03-15 22:26:21,161 - sqlalchemy.engine.Engine - INFO - BEGIN (implicit)
2026-03-15 22:26:21,161 - sqlalchemy.engine.Engine - INFO - SELECT pg_catalog.pg_class.oid, pg_catalog.pg_class.relname 
FROM pg_catalog.pg_class JOIN pg_catalog.pg_namespace ON pg_catalog.pg_namespace.oid = pg_catalog.pg_class.relnamespace 
WHERE pg_catalog.pg_class.relkind = ANY (ARRAY[%(param_1)s, %(param_2)s, %(param_3)s, %(param_4)s, %(param_5)s]) AND pg_catalog.pg_table_is_visible(pg_catalog.pg_class.oid) AND pg_catalog.pg_namespace.nspname != %(nspname_1)s AND pg_catalog.pg_class.relname IN (%(filter_names_1)s)
2026-03-15 22:26:21,161 - sqlalchemy.engine.Engine - INFO - [cached since 20.75s ago] {'param_1': 'r', 'param_2': 'p', 'param_3': 'f', 'param_4': 'v', 'param_5': 'm', 'nspname_1': 'pg_catalog', 'filter_names_1': 'prestamos_pagos'}
2026-03-15 22:26:21,549 - sqlalchemy.engine.Engine - INFO - SELECT attr.conrelid, array_agg(CAST(attr.attname AS TEXT) ORDER BY attr.ord) AS cols, attr.conname, min(attr.description) AS description, NULL AS extra 
FROM (SELECT con.conrelid AS conrelid, con.conname AS conname, con.conindid AS conindid, con.description AS description, con.ord AS ord, pg_catalog.pg_attribute.attname AS attname 
FROM pg_catalog.pg_attribute JOIN (SELECT pg_catalog.pg_constraint.conrelid AS conrelid, pg_catalog.pg_constraint.conname AS conname, pg_catalog.pg_constraint.conindid AS conindid, unnest(pg_catalog.pg_constraint.conkey) AS attnum, generate_subscripts(pg_catalog.pg_constraint.conkey, %(generate_subscripts_1)s) AS ord, pg_catalog.pg_description.description AS description 
FROM pg_catalog.pg_constraint LEFT OUTER JOIN pg_catalog.pg_description ON pg_catalog.pg_description.objoid = pg_catalog.pg_constraint.oid 
WHERE pg_catalog.pg_constraint.contype = %(contype)s AND pg_catalog.pg_constraint.conrelid IN (%(oids_1)s)) AS con ON pg_catalog.pg_attribute.attnum = con.attnum AND pg_catalog.pg_attribute.attrelid = con.conrelid 
WHERE con.conrelid IN (%(oids_1)s)) AS attr GROUP BY attr.conrelid, attr.conname ORDER BY attr.conrelid, attr.conname
2026-03-15 22:26:21,551 - sqlalchemy.engine.Engine - INFO - [cached since 20.7s ago] {'generate_subscripts_1': 1, 'contype': 'p', 'oids_1': 16615}
2026-03-15 22:26:21,730 - sqlalchemy.engine.Engine - INFO - ROLLBACK
2026-03-15 22:26:21,925 - sqlalchemy.engine.Engine - INFO - 
                SELECT setval(
                    pg_get_serial_sequence('prestamos_pagos', 'id'),
                    COALESCE(MAX(id), 1),
                    MAX(id) IS NOT NULL
                )
                FROM "prestamos_pagos"
                
2026-03-15 22:26:21,925 - sqlalchemy.engine.Engine - INFO - [generated in 0.00231s] {}
2026-03-15 22:26:22,114 - sqlalchemy.engine.Engine - INFO - BEGIN (implicit)
2026-03-15 22:26:22,117 - sqlalchemy.engine.Engine - INFO - SELECT pg_catalog.pg_class.oid, pg_catalog.pg_class.relname 
FROM pg_catalog.pg_class JOIN pg_catalog.pg_namespace ON pg_catalog.pg_namespace.oid = pg_catalog.pg_class.relnamespace 
WHERE pg_catalog.pg_class.relkind = ANY (ARRAY[%(param_1)s, %(param_2)s, %(param_3)s, %(param_4)s, %(param_5)s]) AND pg_catalog.pg_table_is_visible(pg_catalog.pg_class.oid) AND pg_catalog.pg_namespace.nspname != %(nspname_1)s AND pg_catalog.pg_class.relname IN (%(filter_names_1)s)
2026-03-15 22:26:22,117 - sqlalchemy.engine.Engine - INFO - [cached since 21.7s ago] {'param_1': 'r', 'param_2': 'p', 'param_3': 'f', 'param_4': 'v', 'param_5': 'm', 'nspname_1': 'pg_catalog', 'filter_names_1': 'novedades_aplicadas'}
2026-03-15 22:26:22,480 - sqlalchemy.engine.Engine - INFO - SELECT attr.conrelid, array_agg(CAST(attr.attname AS TEXT) ORDER BY attr.ord) AS cols, attr.conname, min(attr.description) AS description, NULL AS extra 
FROM (SELECT con.conrelid AS conrelid, con.conname AS conname, con.conindid AS conindid, con.description AS description, con.ord AS ord, pg_catalog.pg_attribute.attname AS attname 
FROM pg_catalog.pg_attribute JOIN (SELECT pg_catalog.pg_constraint.conrelid AS conrelid, pg_catalog.pg_constraint.conname AS conname, pg_catalog.pg_constraint.conindid AS conindid, unnest(pg_catalog.pg_constraint.conkey) AS attnum, generate_subscripts(pg_catalog.pg_constraint.conkey, %(generate_subscripts_1)s) AS ord, pg_catalog.pg_description.description AS description 
FROM pg_catalog.pg_constraint LEFT OUTER JOIN pg_catalog.pg_description ON pg_catalog.pg_description.objoid = pg_catalog.pg_constraint.oid 
WHERE pg_catalog.pg_constraint.contype = %(contype)s AND pg_catalog.pg_constraint.conrelid IN (%(oids_1)s)) AS con ON pg_catalog.pg_attribute.attnum = con.attnum AND pg_catalog.pg_attribute.attrelid = con.conrelid 
WHERE con.conrelid IN (%(oids_1)s)) AS attr GROUP BY attr.conrelid, attr.conname ORDER BY attr.conrelid, attr.conname
2026-03-15 22:26:22,491 - sqlalchemy.engine.Engine - INFO - [cached since 21.64s ago] {'generate_subscripts_1': 1, 'contype': 'p', 'oids_1': 16651}
2026-03-15 22:26:22,671 - sqlalchemy.engine.Engine - INFO - ROLLBACK
2026-03-15 22:26:22,852 - sqlalchemy.engine.Engine - INFO - 
                SELECT setval(
                    pg_get_serial_sequence('novedades_aplicadas', 'id'),
                    COALESCE(MAX(id), 1),
                    MAX(id) IS NOT NULL
                )
                FROM "novedades_aplicadas"
                
2026-03-15 22:26:22,852 - sqlalchemy.engine.Engine - INFO - [generated in 0.00227s] {}
2026-03-15 22:26:23,051 - sqlalchemy.engine.Engine - INFO - COMMIT
2026-03-15 22:29:09,790 - sqlalchemy.engine.Engine - INFO - select pg_catalog.version()
2026-03-15 22:29:09,790 - sqlalchemy.engine.Engine - INFO - [raw sql] {}
2026-03-15 22:29:10,166 - sqlalchemy.engine.Engine - INFO - select current_schema()
2026-03-15 22:29:10,166 - sqlalchemy.engine.Engine - INFO - [raw sql] {}
2026-03-15 22:29:10,515 - sqlalchemy.engine.Engine - INFO - show standard_conforming_strings
2026-03-15 22:29:10,515 - sqlalchemy.engine.Engine - INFO - [raw sql] {}
2026-03-15 22:29:10,895 - sqlalchemy.engine.Engine - INFO - BEGIN (implicit)
2026-03-15 22:29:10,908 - sqlalchemy.engine.Engine - INFO - SELECT pg_catalog.pg_class.relname 
FROM pg_catalog.pg_class JOIN pg_catalog.pg_namespace ON pg_catalog.pg_namespace.oid = pg_catalog.pg_class.relnamespace 
WHERE pg_catalog.pg_class.relname = %(table_name)s AND pg_catalog.pg_class.relkind = ANY (ARRAY[%(param_1)s, %(param_2)s, %(param_3)s, %(param_4)s, %(param_5)s]) AND pg_catalog.pg_table_is_visible(pg_catalog.pg_class.oid) AND pg_catalog.pg_namespace.nspname != %(nspname_1)s
2026-03-15 22:29:10,911 - sqlalchemy.engine.Engine - INFO - [generated in 0.00171s] {'table_name': 'roles', 'param_1': 'r', 'param_2': 'p', 'param_3': 'f', 'param_4': 'v', 'param_5': 'm', 'nspname_1': 'pg_catalog'}
2026-03-15 22:29:11,254 - sqlalchemy.engine.Engine - INFO - SELECT pg_catalog.pg_class.relname 
FROM pg_catalog.pg_class JOIN pg_catalog.pg_namespace ON pg_catalog.pg_namespace.oid = pg_catalog.pg_class.relnamespace 
WHERE pg_catalog.pg_class.relname = %(table_name)s AND pg_catalog.pg_class.relkind = ANY (ARRAY[%(param_1)s, %(param_2)s, %(param_3)s, %(param_4)s, %(param_5)s]) AND pg_catalog.pg_table_is_visible(pg_catalog.pg_class.oid) AND pg_catalog.pg_namespace.nspname != %(nspname_1)s
2026-03-15 22:29:11,264 - sqlalchemy.engine.Engine - INFO - [cached since 0.3562s ago] {'table_name': 'permisos', 'param_1': 'r', 'param_2': 'p', 'param_3': 'f', 'param_4': 'v', 'param_5': 'm', 'nspname_1': 'pg_catalog'}
2026-03-15 22:29:11,436 - sqlalchemy.engine.Engine - INFO - SELECT pg_catalog.pg_class.relname 
FROM pg_catalog.pg_class JOIN pg_catalog.pg_namespace ON pg_catalog.pg_namespace.oid = pg_catalog.pg_class.relnamespace 
WHERE pg_catalog.pg_class.relname = %(table_name)s AND pg_catalog.pg_class.relkind = ANY (ARRAY[%(param_1)s, %(param_2)s, %(param_3)s, %(param_4)s, %(param_5)s]) AND pg_catalog.pg_table_is_visible(pg_catalog.pg_class.oid) AND pg_catalog.pg_namespace.nspname != %(nspname_1)s
2026-03-15 22:29:11,436 - sqlalchemy.engine.Engine - INFO - [cached since 0.5358s ago] {'table_name': 'role_permiso', 'param_1': 'r', 'param_2': 'p', 'param_3': 'f', 'param_4': 'v', 'param_5': 'm', 'nspname_1': 'pg_catalog'}
2026-03-15 22:29:11,628 - sqlalchemy.engine.Engine - INFO - SELECT pg_catalog.pg_class.relname 
FROM pg_catalog.pg_class JOIN pg_catalog.pg_namespace ON pg_catalog.pg_namespace.oid = pg_catalog.pg_class.relnamespace 
WHERE pg_catalog.pg_class.relname = %(table_name)s AND pg_catalog.pg_class.relkind = ANY (ARRAY[%(param_1)s, %(param_2)s, %(param_3)s, %(param_4)s, %(param_5)s]) AND pg_catalog.pg_table_is_visible(pg_catalog.pg_class.oid) AND pg_catalog.pg_namespace.nspname != %(nspname_1)s
2026-03-15 22:29:11,630 - sqlalchemy.engine.Engine - INFO - [cached since 0.7209s ago] {'table_name': 'usuarios', 'param_1': 'r', 'param_2': 'p', 'param_3': 'f', 'param_4': 'v', 'param_5': 'm', 'nspname_1': 'pg_catalog'}
2026-03-15 22:29:11,806 - sqlalchemy.engine.Engine - INFO - SELECT pg_catalog.pg_class.relname 
FROM pg_catalog.pg_class JOIN pg_catalog.pg_namespace ON pg_catalog.pg_namespace.oid = pg_catalog.pg_class.relnamespace 
WHERE pg_catalog.pg_class.relname = %(table_name)s AND pg_catalog.pg_class.relkind = ANY (ARRAY[%(param_1)s, %(param_2)s, %(param_3)s, %(param_4)s, %(param_5)s]) AND pg_catalog.pg_table_is_visible(pg_catalog.pg_class.oid) AND pg_catalog.pg_namespace.nspname != %(nspname_1)s
2026-03-15 22:29:11,807 - sqlalchemy.engine.Engine - INFO - [cached since 0.8994s ago] {'table_name': 'empleados', 'param_1': 'r', 'param_2': 'p', 'param_3': 'f', 'param_4': 'v', 'param_5': 'm', 'nspname_1': 'pg_catalog'}
2026-03-15 22:29:11,989 - sqlalchemy.engine.Engine - INFO - SELECT pg_catalog.pg_class.relname 
FROM pg_catalog.pg_class JOIN pg_catalog.pg_namespace ON pg_catalog.pg_namespace.oid = pg_catalog.pg_class.relnamespace 
WHERE pg_catalog.pg_class.relname = %(table_name)s AND pg_catalog.pg_class.relkind = ANY (ARRAY[%(param_1)s, %(param_2)s, %(param_3)s, %(param_4)s, %(param_5)s]) AND pg_catalog.pg_table_is_visible(pg_catalog.pg_class.oid) AND pg_catalog.pg_namespace.nspname != %(nspname_1)s
2026-03-15 22:29:11,989 - sqlalchemy.engine.Engine - INFO - [cached since 1.083s ago] {'table_name': 'tipos_novedad', 'param_1': 'r', 'param_2': 'p', 'param_3': 'f', 'param_4': 'v', 'param_5': 'm', 'nspname_1': 'pg_catalog'}
2026-03-15 22:29:12,220 - sqlalchemy.engine.Engine - INFO - SELECT pg_catalog.pg_class.relname 
FROM pg_catalog.pg_class JOIN pg_catalog.pg_namespace ON pg_catalog.pg_namespace.oid = pg_catalog.pg_class.relnamespace 
WHERE pg_catalog.pg_class.relname = %(table_name)s AND pg_catalog.pg_class.relkind = ANY (ARRAY[%(param_1)s, %(param_2)s, %(param_3)s, %(param_4)s, %(param_5)s]) AND pg_catalog.pg_table_is_visible(pg_catalog.pg_class.oid) AND pg_catalog.pg_namespace.nspname != %(nspname_1)s
2026-03-15 22:29:12,221 - sqlalchemy.engine.Engine - INFO - [cached since 1.314s ago] {'table_name': 'novedades', 'param_1': 'r', 'param_2': 'p', 'param_3': 'f', 'param_4': 'v', 'param_5': 'm', 'nspname_1': 'pg_catalog'}
2026-03-15 22:29:12,412 - sqlalchemy.engine.Engine - INFO - SELECT pg_catalog.pg_class.relname 
FROM pg_catalog.pg_class JOIN pg_catalog.pg_namespace ON pg_catalog.pg_namespace.oid = pg_catalog.pg_class.relnamespace 
WHERE pg_catalog.pg_class.relname = %(table_name)s AND pg_catalog.pg_class.relkind = ANY (ARRAY[%(param_1)s, %(param_2)s, %(param_3)s, %(param_4)s, %(param_5)s]) AND pg_catalog.pg_table_is_visible(pg_catalog.pg_class.oid) AND pg_catalog.pg_namespace.nspname != %(nspname_1)s
2026-03-15 22:29:12,414 - sqlalchemy.engine.Engine - INFO - [cached since 1.505s ago] {'table_name': 'novedades_aplicadas', 'param_1': 'r', 'param_2': 'p', 'param_3': 'f', 'param_4': 'v', 'param_5': 'm', 'nspname_1': 'pg_catalog'}
2026-03-15 22:29:12,590 - sqlalchemy.engine.Engine - INFO - SELECT pg_catalog.pg_class.relname 
FROM pg_catalog.pg_class JOIN pg_catalog.pg_namespace ON pg_catalog.pg_namespace.oid = pg_catalog.pg_class.relnamespace 
WHERE pg_catalog.pg_class.relname = %(table_name)s AND pg_catalog.pg_class.relkind = ANY (ARRAY[%(param_1)s, %(param_2)s, %(param_3)s, %(param_4)s, %(param_5)s]) AND pg_catalog.pg_table_is_visible(pg_catalog.pg_class.oid) AND pg_catalog.pg_namespace.nspname != %(nspname_1)s
2026-03-15 22:29:12,595 - sqlalchemy.engine.Engine - INFO - [cached since 1.687s ago] {'table_name': 'conceptos_automaticos', 'param_1': 'r', 'param_2': 'p', 'param_3': 'f', 'param_4': 'v', 'param_5': 'm', 'nspname_1': 'pg_catalog'}
2026-03-15 22:29:12,772 - sqlalchemy.engine.Engine - INFO - SELECT pg_catalog.pg_class.relname 
FROM pg_catalog.pg_class JOIN pg_catalog.pg_namespace ON pg_catalog.pg_namespace.oid = pg_catalog.pg_class.relnamespace 
WHERE pg_catalog.pg_class.relname = %(table_name)s AND pg_catalog.pg_class.relkind = ANY (ARRAY[%(param_1)s, %(param_2)s, %(param_3)s, %(param_4)s, %(param_5)s]) AND pg_catalog.pg_table_is_visible(pg_catalog.pg_class.oid) AND pg_catalog.pg_namespace.nspname != %(nspname_1)s
2026-03-15 22:29:12,772 - sqlalchemy.engine.Engine - INFO - [cached since 1.867s ago] {'table_name': 'quincenas', 'param_1': 'r', 'param_2': 'p', 'param_3': 'f', 'param_4': 'v', 'param_5': 'm', 'nspname_1': 'pg_catalog'}
2026-03-15 22:29:12,960 - sqlalchemy.engine.Engine - INFO - SELECT pg_catalog.pg_class.relname 
FROM pg_catalog.pg_class JOIN pg_catalog.pg_namespace ON pg_catalog.pg_namespace.oid = pg_catalog.pg_class.relnamespace 
WHERE pg_catalog.pg_class.relname = %(table_name)s AND pg_catalog.pg_class.relkind = ANY (ARRAY[%(param_1)s, %(param_2)s, %(param_3)s, %(param_4)s, %(param_5)s]) AND pg_catalog.pg_table_is_visible(pg_catalog.pg_class.oid) AND pg_catalog.pg_namespace.nspname != %(nspname_1)s
2026-03-15 22:29:12,961 - sqlalchemy.engine.Engine - INFO - [cached since 2.053s ago] {'table_name': 'liquidos_quincena', 'param_1': 'r', 'param_2': 'p', 'param_3': 'f', 'param_4': 'v', 'param_5': 'm', 'nspname_1': 'pg_catalog'}
2026-03-15 22:29:13,141 - sqlalchemy.engine.Engine - INFO - SELECT pg_catalog.pg_class.relname 
FROM pg_catalog.pg_class JOIN pg_catalog.pg_namespace ON pg_catalog.pg_namespace.oid = pg_catalog.pg_class.relnamespace 
WHERE pg_catalog.pg_class.relname = %(table_name)s AND pg_catalog.pg_class.relkind = ANY (ARRAY[%(param_1)s, %(param_2)s, %(param_3)s, %(param_4)s, %(param_5)s]) AND pg_catalog.pg_table_is_visible(pg_catalog.pg_class.oid) AND pg_catalog.pg_namespace.nspname != %(nspname_1)s
2026-03-15 22:29:13,141 - sqlalchemy.engine.Engine - INFO - [cached since 2.236s ago] {'table_name': 'pagos', 'param_1': 'r', 'param_2': 'p', 'param_3': 'f', 'param_4': 'v', 'param_5': 'm', 'nspname_1': 'pg_catalog'}
2026-03-15 22:29:13,326 - sqlalchemy.engine.Engine - INFO - SELECT pg_catalog.pg_class.relname 
FROM pg_catalog.pg_class JOIN pg_catalog.pg_namespace ON pg_catalog.pg_namespace.oid = pg_catalog.pg_class.relnamespace 
WHERE pg_catalog.pg_class.relname = %(table_name)s AND pg_catalog.pg_class.relkind = ANY (ARRAY[%(param_1)s, %(param_2)s, %(param_3)s, %(param_4)s, %(param_5)s]) AND pg_catalog.pg_table_is_visible(pg_catalog.pg_class.oid) AND pg_catalog.pg_namespace.nspname != %(nspname_1)s
2026-03-15 22:29:13,327 - sqlalchemy.engine.Engine - INFO - [cached since 2.42s ago] {'table_name': 'empresa', 'param_1': 'r', 'param_2': 'p', 'param_3': 'f', 'param_4': 'v', 'param_5': 'm', 'nspname_1': 'pg_catalog'}
2026-03-15 22:29:13,491 - sqlalchemy.engine.Engine - INFO - SELECT pg_catalog.pg_class.relname 
FROM pg_catalog.pg_class JOIN pg_catalog.pg_namespace ON pg_catalog.pg_namespace.oid = pg_catalog.pg_class.relnamespace 
WHERE pg_catalog.pg_class.relname = %(table_name)s AND pg_catalog.pg_class.relkind = ANY (ARRAY[%(param_1)s, %(param_2)s, %(param_3)s, %(param_4)s, %(param_5)s]) AND pg_catalog.pg_table_is_visible(pg_catalog.pg_class.oid) AND pg_catalog.pg_namespace.nspname != %(nspname_1)s
2026-03-15 22:29:13,506 - sqlalchemy.engine.Engine - INFO - [cached since 2.599s ago] {'table_name': 'parametros_descuentos', 'param_1': 'r', 'param_2': 'p', 'param_3': 'f', 'param_4': 'v', 'param_5': 'm', 'nspname_1': 'pg_catalog'}
2026-03-15 22:29:13,693 - sqlalchemy.engine.Engine - INFO - SELECT pg_catalog.pg_class.relname 
FROM pg_catalog.pg_class JOIN pg_catalog.pg_namespace ON pg_catalog.pg_namespace.oid = pg_catalog.pg_class.relnamespace 
WHERE pg_catalog.pg_class.relname = %(table_name)s AND pg_catalog.pg_class.relkind = ANY (ARRAY[%(param_1)s, %(param_2)s, %(param_3)s, %(param_4)s, %(param_5)s]) AND pg_catalog.pg_table_is_visible(pg_catalog.pg_class.oid) AND pg_catalog.pg_namespace.nspname != %(nspname_1)s
2026-03-15 22:29:13,696 - sqlalchemy.engine.Engine - INFO - [cached since 2.787s ago] {'table_name': 'audit_logs', 'param_1': 'r', 'param_2': 'p', 'param_3': 'f', 'param_4': 'v', 'param_5': 'm', 'nspname_1': 'pg_catalog'}
2026-03-15 22:29:13,876 - sqlalchemy.engine.Engine - INFO - SELECT pg_catalog.pg_class.relname 
FROM pg_catalog.pg_class JOIN pg_catalog.pg_namespace ON pg_catalog.pg_namespace.oid = pg_catalog.pg_class.relnamespace 
WHERE pg_catalog.pg_class.relname = %(table_name)s AND pg_catalog.pg_class.relkind = ANY (ARRAY[%(param_1)s, %(param_2)s, %(param_3)s, %(param_4)s, %(param_5)s]) AND pg_catalog.pg_table_is_visible(pg_catalog.pg_class.oid) AND pg_catalog.pg_namespace.nspname != %(nspname_1)s
2026-03-15 22:29:13,881 - sqlalchemy.engine.Engine - INFO - [cached since 2.972s ago] {'table_name': 'servicios', 'param_1': 'r', 'param_2': 'p', 'param_3': 'f', 'param_4': 'v', 'param_5': 'm', 'nspname_1': 'pg_catalog'}
2026-03-15 22:29:14,060 - sqlalchemy.engine.Engine - INFO - SELECT pg_catalog.pg_class.relname 
FROM pg_catalog.pg_class JOIN pg_catalog.pg_namespace ON pg_catalog.pg_namespace.oid = pg_catalog.pg_class.relnamespace 
WHERE pg_catalog.pg_class.relname = %(table_name)s AND pg_catalog.pg_class.relkind = ANY (ARRAY[%(param_1)s, %(param_2)s, %(param_3)s, %(param_4)s, %(param_5)s]) AND pg_catalog.pg_table_is_visible(pg_catalog.pg_class.oid) AND pg_catalog.pg_namespace.nspname != %(nspname_1)s
2026-03-15 22:29:14,060 - sqlalchemy.engine.Engine - INFO - [cached since 3.158s ago] {'table_name': 'servicios_novedades', 'param_1': 'r', 'param_2': 'p', 'param_3': 'f', 'param_4': 'v', 'param_5': 'm', 'nspname_1': 'pg_catalog'}
2026-03-15 22:29:14,247 - sqlalchemy.engine.Engine - INFO - SELECT pg_catalog.pg_class.relname 
FROM pg_catalog.pg_class JOIN pg_catalog.pg_namespace ON pg_catalog.pg_namespace.oid = pg_catalog.pg_class.relnamespace 
WHERE pg_catalog.pg_class.relname = %(table_name)s AND pg_catalog.pg_class.relkind = ANY (ARRAY[%(param_1)s, %(param_2)s, %(param_3)s, %(param_4)s, %(param_5)s]) AND pg_catalog.pg_table_is_visible(pg_catalog.pg_class.oid) AND pg_catalog.pg_namespace.nspname != %(nspname_1)s
2026-03-15 22:29:14,247 - sqlalchemy.engine.Engine - INFO - [cached since 3.34s ago] {'table_name': 'servicios_pagos', 'param_1': 'r', 'param_2': 'p', 'param_3': 'f', 'param_4': 'v', 'param_5': 'm', 'nspname_1': 'pg_catalog'}
2026-03-15 22:29:14,429 - sqlalchemy.engine.Engine - INFO - SELECT pg_catalog.pg_class.relname 
FROM pg_catalog.pg_class JOIN pg_catalog.pg_namespace ON pg_catalog.pg_namespace.oid = pg_catalog.pg_class.relnamespace 
WHERE pg_catalog.pg_class.relname = %(table_name)s AND pg_catalog.pg_class.relkind = ANY (ARRAY[%(param_1)s, %(param_2)s, %(param_3)s, %(param_4)s, %(param_5)s]) AND pg_catalog.pg_table_is_visible(pg_catalog.pg_class.oid) AND pg_catalog.pg_namespace.nspname != %(nspname_1)s
2026-03-15 22:29:14,431 - sqlalchemy.engine.Engine - INFO - [cached since 3.524s ago] {'table_name': 'servicios_periodos', 'param_1': 'r', 'param_2': 'p', 'param_3': 'f', 'param_4': 'v', 'param_5': 'm', 'nspname_1': 'pg_catalog'}
2026-03-15 22:29:14,612 - sqlalchemy.engine.Engine - INFO - SELECT pg_catalog.pg_class.relname 
FROM pg_catalog.pg_class JOIN pg_catalog.pg_namespace ON pg_catalog.pg_namespace.oid = pg_catalog.pg_class.relnamespace 
WHERE pg_catalog.pg_class.relname = %(table_name)s AND pg_catalog.pg_class.relkind = ANY (ARRAY[%(param_1)s, %(param_2)s, %(param_3)s, %(param_4)s, %(param_5)s]) AND pg_catalog.pg_table_is_visible(pg_catalog.pg_class.oid) AND pg_catalog.pg_namespace.nspname != %(nspname_1)s
2026-03-15 22:29:14,612 - sqlalchemy.engine.Engine - INFO - [cached since 3.706s ago] {'table_name': 'prestamos_empresa', 'param_1': 'r', 'param_2': 'p', 'param_3': 'f', 'param_4': 'v', 'param_5': 'm', 'nspname_1': 'pg_catalog'}
2026-03-15 22:29:14,807 - sqlalchemy.engine.Engine - INFO - SELECT pg_catalog.pg_class.relname 
FROM pg_catalog.pg_class JOIN pg_catalog.pg_namespace ON pg_catalog.pg_namespace.oid = pg_catalog.pg_class.relnamespace 
WHERE pg_catalog.pg_class.relname = %(table_name)s AND pg_catalog.pg_class.relkind = ANY (ARRAY[%(param_1)s, %(param_2)s, %(param_3)s, %(param_4)s, %(param_5)s]) AND pg_catalog.pg_table_is_visible(pg_catalog.pg_class.oid) AND pg_catalog.pg_namespace.nspname != %(nspname_1)s
2026-03-15 22:29:14,809 - sqlalchemy.engine.Engine - INFO - [cached since 3.901s ago] {'table_name': 'prestamos_novedades', 'param_1': 'r', 'param_2': 'p', 'param_3': 'f', 'param_4': 'v', 'param_5': 'm', 'nspname_1': 'pg_catalog'}
2026-03-15 22:29:15,013 - sqlalchemy.engine.Engine - INFO - SELECT pg_catalog.pg_class.relname 
FROM pg_catalog.pg_class JOIN pg_catalog.pg_namespace ON pg_catalog.pg_namespace.oid = pg_catalog.pg_class.relnamespace 
WHERE pg_catalog.pg_class.relname = %(table_name)s AND pg_catalog.pg_class.relkind = ANY (ARRAY[%(param_1)s, %(param_2)s, %(param_3)s, %(param_4)s, %(param_5)s]) AND pg_catalog.pg_table_is_visible(pg_catalog.pg_class.oid) AND pg_catalog.pg_namespace.nspname != %(nspname_1)s
2026-03-15 22:29:15,013 - sqlalchemy.engine.Engine - INFO - [cached since 4.107s ago] {'table_name': 'prestamos_pagos', 'param_1': 'r', 'param_2': 'p', 'param_3': 'f', 'param_4': 'v', 'param_5': 'm', 'nspname_1': 'pg_catalog'}
2026-03-15 22:29:15,216 - sqlalchemy.engine.Engine - INFO - COMMIT
2026-03-15 22:29:15,389 - app - INFO - [OK] Tablas de base de datos creadas/verificadas
2026-03-15 22:33:30,986 - sqlalchemy.engine.Engine - INFO - select pg_catalog.version()
2026-03-15 22:33:30,986 - sqlalchemy.engine.Engine - INFO - [raw sql] {}
2026-03-15 22:33:31,350 - sqlalchemy.engine.Engine - INFO - select current_schema()
2026-03-15 22:33:31,350 - sqlalchemy.engine.Engine - INFO - [raw sql] {}
2026-03-15 22:33:31,737 - sqlalchemy.engine.Engine - INFO - show standard_conforming_strings
2026-03-15 22:33:31,737 - sqlalchemy.engine.Engine - INFO - [raw sql] {}
2026-03-15 22:33:32,108 - sqlalchemy.engine.Engine - INFO - BEGIN (implicit)
2026-03-15 22:33:32,131 - sqlalchemy.engine.Engine - INFO - SELECT pg_catalog.pg_class.relname 
FROM pg_catalog.pg_class JOIN pg_catalog.pg_namespace ON pg_catalog.pg_namespace.oid = pg_catalog.pg_class.relnamespace 
WHERE pg_catalog.pg_class.relname = %(table_name)s AND pg_catalog.pg_class.relkind = ANY (ARRAY[%(param_1)s, %(param_2)s, %(param_3)s, %(param_4)s, %(param_5)s]) AND pg_catalog.pg_table_is_visible(pg_catalog.pg_class.oid) AND pg_catalog.pg_namespace.nspname != %(nspname_1)s
2026-03-15 22:33:32,134 - sqlalchemy.engine.Engine - INFO - [generated in 0.00230s] {'table_name': 'roles', 'param_1': 'r', 'param_2': 'p', 'param_3': 'f', 'param_4': 'v', 'param_5': 'm', 'nspname_1': 'pg_catalog'}
2026-03-15 22:33:32,499 - sqlalchemy.engine.Engine - INFO - SELECT pg_catalog.pg_class.relname 
FROM pg_catalog.pg_class JOIN pg_catalog.pg_namespace ON pg_catalog.pg_namespace.oid = pg_catalog.pg_class.relnamespace 
WHERE pg_catalog.pg_class.relname = %(table_name)s AND pg_catalog.pg_class.relkind = ANY (ARRAY[%(param_1)s, %(param_2)s, %(param_3)s, %(param_4)s, %(param_5)s]) AND pg_catalog.pg_table_is_visible(pg_catalog.pg_class.oid) AND pg_catalog.pg_namespace.nspname != %(nspname_1)s
2026-03-15 22:33:32,502 - sqlalchemy.engine.Engine - INFO - [cached since 0.3717s ago] {'table_name': 'permisos', 'param_1': 'r', 'param_2': 'p', 'param_3': 'f', 'param_4': 'v', 'param_5': 'm', 'nspname_1': 'pg_catalog'}
2026-03-15 22:33:32,684 - sqlalchemy.engine.Engine - INFO - SELECT pg_catalog.pg_class.relname 
FROM pg_catalog.pg_class JOIN pg_catalog.pg_namespace ON pg_catalog.pg_namespace.oid = pg_catalog.pg_class.relnamespace 
WHERE pg_catalog.pg_class.relname = %(table_name)s AND pg_catalog.pg_class.relkind = ANY (ARRAY[%(param_1)s, %(param_2)s, %(param_3)s, %(param_4)s, %(param_5)s]) AND pg_catalog.pg_table_is_visible(pg_catalog.pg_class.oid) AND pg_catalog.pg_namespace.nspname != %(nspname_1)s
2026-03-15 22:33:32,684 - sqlalchemy.engine.Engine - INFO - [cached since 0.5576s ago] {'table_name': 'role_permiso', 'param_1': 'r', 'param_2': 'p', 'param_3': 'f', 'param_4': 'v', 'param_5': 'm', 'nspname_1': 'pg_catalog'}
2026-03-15 22:33:32,869 - sqlalchemy.engine.Engine - INFO - SELECT pg_catalog.pg_class.relname 
FROM pg_catalog.pg_class JOIN pg_catalog.pg_namespace ON pg_catalog.pg_namespace.oid = pg_catalog.pg_class.relnamespace 
WHERE pg_catalog.pg_class.relname = %(table_name)s AND pg_catalog.pg_class.relkind = ANY (ARRAY[%(param_1)s, %(param_2)s, %(param_3)s, %(param_4)s, %(param_5)s]) AND pg_catalog.pg_table_is_visible(pg_catalog.pg_class.oid) AND pg_catalog.pg_namespace.nspname != %(nspname_1)s
2026-03-15 22:33:32,869 - sqlalchemy.engine.Engine - INFO - [cached since 0.747s ago] {'table_name': 'usuarios', 'param_1': 'r', 'param_2': 'p', 'param_3': 'f', 'param_4': 'v', 'param_5': 'm', 'nspname_1': 'pg_catalog'}
2026-03-15 22:33:33,084 - sqlalchemy.engine.Engine - INFO - SELECT pg_catalog.pg_class.relname 
FROM pg_catalog.pg_class JOIN pg_catalog.pg_namespace ON pg_catalog.pg_namespace.oid = pg_catalog.pg_class.relnamespace 
WHERE pg_catalog.pg_class.relname = %(table_name)s AND pg_catalog.pg_class.relkind = ANY (ARRAY[%(param_1)s, %(param_2)s, %(param_3)s, %(param_4)s, %(param_5)s]) AND pg_catalog.pg_table_is_visible(pg_catalog.pg_class.oid) AND pg_catalog.pg_namespace.nspname != %(nspname_1)s
2026-03-15 22:33:33,086 - sqlalchemy.engine.Engine - INFO - [cached since 0.9565s ago] {'table_name': 'empleados', 'param_1': 'r', 'param_2': 'p', 'param_3': 'f', 'param_4': 'v', 'param_5': 'm', 'nspname_1': 'pg_catalog'}
2026-03-15 22:33:33,270 - sqlalchemy.engine.Engine - INFO - SELECT pg_catalog.pg_class.relname 
FROM pg_catalog.pg_class JOIN pg_catalog.pg_namespace ON pg_catalog.pg_namespace.oid = pg_catalog.pg_class.relnamespace 
WHERE pg_catalog.pg_class.relname = %(table_name)s AND pg_catalog.pg_class.relkind = ANY (ARRAY[%(param_1)s, %(param_2)s, %(param_3)s, %(param_4)s, %(param_5)s]) AND pg_catalog.pg_table_is_visible(pg_catalog.pg_class.oid) AND pg_catalog.pg_namespace.nspname != %(nspname_1)s
2026-03-15 22:33:33,270 - sqlalchemy.engine.Engine - INFO - [cached since 1.146s ago] {'table_name': 'tipos_novedad', 'param_1': 'r', 'param_2': 'p', 'param_3': 'f', 'param_4': 'v', 'param_5': 'm', 'nspname_1': 'pg_catalog'}
2026-03-15 22:33:33,451 - sqlalchemy.engine.Engine - INFO - SELECT pg_catalog.pg_class.relname 
FROM pg_catalog.pg_class JOIN pg_catalog.pg_namespace ON pg_catalog.pg_namespace.oid = pg_catalog.pg_class.relnamespace 
WHERE pg_catalog.pg_class.relname = %(table_name)s AND pg_catalog.pg_class.relkind = ANY (ARRAY[%(param_1)s, %(param_2)s, %(param_3)s, %(param_4)s, %(param_5)s]) AND pg_catalog.pg_table_is_visible(pg_catalog.pg_class.oid) AND pg_catalog.pg_namespace.nspname != %(nspname_1)s
2026-03-15 22:33:33,451 - sqlalchemy.engine.Engine - INFO - [cached since 1.334s ago] {'table_name': 'novedades', 'param_1': 'r', 'param_2': 'p', 'param_3': 'f', 'param_4': 'v', 'param_5': 'm', 'nspname_1': 'pg_catalog'}
2026-03-15 22:33:33,651 - sqlalchemy.engine.Engine - INFO - SELECT pg_catalog.pg_class.relname 
FROM pg_catalog.pg_class JOIN pg_catalog.pg_namespace ON pg_catalog.pg_namespace.oid = pg_catalog.pg_class.relnamespace 
WHERE pg_catalog.pg_class.relname = %(table_name)s AND pg_catalog.pg_class.relkind = ANY (ARRAY[%(param_1)s, %(param_2)s, %(param_3)s, %(param_4)s, %(param_5)s]) AND pg_catalog.pg_table_is_visible(pg_catalog.pg_class.oid) AND pg_catalog.pg_namespace.nspname != %(nspname_1)s
2026-03-15 22:33:33,651 - sqlalchemy.engine.Engine - INFO - [cached since 1.523s ago] {'table_name': 'novedades_aplicadas', 'param_1': 'r', 'param_2': 'p', 'param_3': 'f', 'param_4': 'v', 'param_5': 'm', 'nspname_1': 'pg_catalog'}
2026-03-15 22:33:33,836 - sqlalchemy.engine.Engine - INFO - SELECT pg_catalog.pg_class.relname 
FROM pg_catalog.pg_class JOIN pg_catalog.pg_namespace ON pg_catalog.pg_namespace.oid = pg_catalog.pg_class.relnamespace 
WHERE pg_catalog.pg_class.relname = %(table_name)s AND pg_catalog.pg_class.relkind = ANY (ARRAY[%(param_1)s, %(param_2)s, %(param_3)s, %(param_4)s, %(param_5)s]) AND pg_catalog.pg_table_is_visible(pg_catalog.pg_class.oid) AND pg_catalog.pg_namespace.nspname != %(nspname_1)s
2026-03-15 22:33:33,836 - sqlalchemy.engine.Engine - INFO - [cached since 1.707s ago] {'table_name': 'conceptos_automaticos', 'param_1': 'r', 'param_2': 'p', 'param_3': 'f', 'param_4': 'v', 'param_5': 'm', 'nspname_1': 'pg_catalog'}
2026-03-15 22:33:34,020 - sqlalchemy.engine.Engine - INFO - SELECT pg_catalog.pg_class.relname 
FROM pg_catalog.pg_class JOIN pg_catalog.pg_namespace ON pg_catalog.pg_namespace.oid = pg_catalog.pg_class.relnamespace 
WHERE pg_catalog.pg_class.relname = %(table_name)s AND pg_catalog.pg_class.relkind = ANY (ARRAY[%(param_1)s, %(param_2)s, %(param_3)s, %(param_4)s, %(param_5)s]) AND pg_catalog.pg_table_is_visible(pg_catalog.pg_class.oid) AND pg_catalog.pg_namespace.nspname != %(nspname_1)s
2026-03-15 22:33:34,020 - sqlalchemy.engine.Engine - INFO - [cached since 1.892s ago] {'table_name': 'quincenas', 'param_1': 'r', 'param_2': 'p', 'param_3': 'f', 'param_4': 'v', 'param_5': 'm', 'nspname_1': 'pg_catalog'}
2026-03-15 22:33:34,203 - sqlalchemy.engine.Engine - INFO - SELECT pg_catalog.pg_class.relname 
FROM pg_catalog.pg_class JOIN pg_catalog.pg_namespace ON pg_catalog.pg_namespace.oid = pg_catalog.pg_class.relnamespace 
WHERE pg_catalog.pg_class.relname = %(table_name)s AND pg_catalog.pg_class.relkind = ANY (ARRAY[%(param_1)s, %(param_2)s, %(param_3)s, %(param_4)s, %(param_5)s]) AND pg_catalog.pg_table_is_visible(pg_catalog.pg_class.oid) AND pg_catalog.pg_namespace.nspname != %(nspname_1)s
2026-03-15 22:33:34,203 - sqlalchemy.engine.Engine - INFO - [cached since 2.078s ago] {'table_name': 'liquidos_quincena', 'param_1': 'r', 'param_2': 'p', 'param_3': 'f', 'param_4': 'v', 'param_5': 'm', 'nspname_1': 'pg_catalog'}
2026-03-15 22:33:34,389 - sqlalchemy.engine.Engine - INFO - SELECT pg_catalog.pg_class.relname 
FROM pg_catalog.pg_class JOIN pg_catalog.pg_namespace ON pg_catalog.pg_namespace.oid = pg_catalog.pg_class.relnamespace 
WHERE pg_catalog.pg_class.relname = %(table_name)s AND pg_catalog.pg_class.relkind = ANY (ARRAY[%(param_1)s, %(param_2)s, %(param_3)s, %(param_4)s, %(param_5)s]) AND pg_catalog.pg_table_is_visible(pg_catalog.pg_class.oid) AND pg_catalog.pg_namespace.nspname != %(nspname_1)s
2026-03-15 22:33:34,389 - sqlalchemy.engine.Engine - INFO - [cached since 2.264s ago] {'table_name': 'pagos', 'param_1': 'r', 'param_2': 'p', 'param_3': 'f', 'param_4': 'v', 'param_5': 'm', 'nspname_1': 'pg_catalog'}
2026-03-15 22:33:34,573 - sqlalchemy.engine.Engine - INFO - SELECT pg_catalog.pg_class.relname 
FROM pg_catalog.pg_class JOIN pg_catalog.pg_namespace ON pg_catalog.pg_namespace.oid = pg_catalog.pg_class.relnamespace 
WHERE pg_catalog.pg_class.relname = %(table_name)s AND pg_catalog.pg_class.relkind = ANY (ARRAY[%(param_1)s, %(param_2)s, %(param_3)s, %(param_4)s, %(param_5)s]) AND pg_catalog.pg_table_is_visible(pg_catalog.pg_class.oid) AND pg_catalog.pg_namespace.nspname != %(nspname_1)s
2026-03-15 22:33:34,573 - sqlalchemy.engine.Engine - INFO - [cached since 2.452s ago] {'table_name': 'empresa', 'param_1': 'r', 'param_2': 'p', 'param_3': 'f', 'param_4': 'v', 'param_5': 'm', 'nspname_1': 'pg_catalog'}
2026-03-15 22:33:34,756 - sqlalchemy.engine.Engine - INFO - SELECT pg_catalog.pg_class.relname 
FROM pg_catalog.pg_class JOIN pg_catalog.pg_namespace ON pg_catalog.pg_namespace.oid = pg_catalog.pg_class.relnamespace 
WHERE pg_catalog.pg_class.relname = %(table_name)s AND pg_catalog.pg_class.relkind = ANY (ARRAY[%(param_1)s, %(param_2)s, %(param_3)s, %(param_4)s, %(param_5)s]) AND pg_catalog.pg_table_is_visible(pg_catalog.pg_class.oid) AND pg_catalog.pg_namespace.nspname != %(nspname_1)s
2026-03-15 22:33:34,771 - sqlalchemy.engine.Engine - INFO - [cached since 2.64s ago] {'table_name': 'parametros_descuentos', 'param_1': 'r', 'param_2': 'p', 'param_3': 'f', 'param_4': 'v', 'param_5': 'm', 'nspname_1': 'pg_catalog'}
2026-03-15 22:33:34,957 - sqlalchemy.engine.Engine - INFO - SELECT pg_catalog.pg_class.relname 
FROM pg_catalog.pg_class JOIN pg_catalog.pg_namespace ON pg_catalog.pg_namespace.oid = pg_catalog.pg_class.relnamespace 
WHERE pg_catalog.pg_class.relname = %(table_name)s AND pg_catalog.pg_class.relkind = ANY (ARRAY[%(param_1)s, %(param_2)s, %(param_3)s, %(param_4)s, %(param_5)s]) AND pg_catalog.pg_table_is_visible(pg_catalog.pg_class.oid) AND pg_catalog.pg_namespace.nspname != %(nspname_1)s
2026-03-15 22:33:34,959 - sqlalchemy.engine.Engine - INFO - [cached since 2.829s ago] {'table_name': 'audit_logs', 'param_1': 'r', 'param_2': 'p', 'param_3': 'f', 'param_4': 'v', 'param_5': 'm', 'nspname_1': 'pg_catalog'}
2026-03-15 22:33:35,145 - sqlalchemy.engine.Engine - INFO - SELECT pg_catalog.pg_class.relname 
FROM pg_catalog.pg_class JOIN pg_catalog.pg_namespace ON pg_catalog.pg_namespace.oid = pg_catalog.pg_class.relnamespace 
WHERE pg_catalog.pg_class.relname = %(table_name)s AND pg_catalog.pg_class.relkind = ANY (ARRAY[%(param_1)s, %(param_2)s, %(param_3)s, %(param_4)s, %(param_5)s]) AND pg_catalog.pg_table_is_visible(pg_catalog.pg_class.oid) AND pg_catalog.pg_namespace.nspname != %(nspname_1)s
2026-03-15 22:33:35,145 - sqlalchemy.engine.Engine - INFO - [cached since 3.02s ago] {'table_name': 'servicios', 'param_1': 'r', 'param_2': 'p', 'param_3': 'f', 'param_4': 'v', 'param_5': 'm', 'nspname_1': 'pg_catalog'}
2026-03-15 22:33:35,324 - sqlalchemy.engine.Engine - INFO - SELECT pg_catalog.pg_class.relname 
FROM pg_catalog.pg_class JOIN pg_catalog.pg_namespace ON pg_catalog.pg_namespace.oid = pg_catalog.pg_class.relnamespace 
WHERE pg_catalog.pg_class.relname = %(table_name)s AND pg_catalog.pg_class.relkind = ANY (ARRAY[%(param_1)s, %(param_2)s, %(param_3)s, %(param_4)s, %(param_5)s]) AND pg_catalog.pg_table_is_visible(pg_catalog.pg_class.oid) AND pg_catalog.pg_namespace.nspname != %(nspname_1)s
2026-03-15 22:33:35,340 - sqlalchemy.engine.Engine - INFO - [cached since 3.21s ago] {'table_name': 'servicios_novedades', 'param_1': 'r', 'param_2': 'p', 'param_3': 'f', 'param_4': 'v', 'param_5': 'm', 'nspname_1': 'pg_catalog'}
2026-03-15 22:33:35,525 - sqlalchemy.engine.Engine - INFO - SELECT pg_catalog.pg_class.relname 
FROM pg_catalog.pg_class JOIN pg_catalog.pg_namespace ON pg_catalog.pg_namespace.oid = pg_catalog.pg_class.relnamespace 
WHERE pg_catalog.pg_class.relname = %(table_name)s AND pg_catalog.pg_class.relkind = ANY (ARRAY[%(param_1)s, %(param_2)s, %(param_3)s, %(param_4)s, %(param_5)s]) AND pg_catalog.pg_table_is_visible(pg_catalog.pg_class.oid) AND pg_catalog.pg_namespace.nspname != %(nspname_1)s
2026-03-15 22:33:35,529 - sqlalchemy.engine.Engine - INFO - [cached since 3.399s ago] {'table_name': 'servicios_pagos', 'param_1': 'r', 'param_2': 'p', 'param_3': 'f', 'param_4': 'v', 'param_5': 'm', 'nspname_1': 'pg_catalog'}
2026-03-15 22:33:35,709 - sqlalchemy.engine.Engine - INFO - SELECT pg_catalog.pg_class.relname 
FROM pg_catalog.pg_class JOIN pg_catalog.pg_namespace ON pg_catalog.pg_namespace.oid = pg_catalog.pg_class.relnamespace 
WHERE pg_catalog.pg_class.relname = %(table_name)s AND pg_catalog.pg_class.relkind = ANY (ARRAY[%(param_1)s, %(param_2)s, %(param_3)s, %(param_4)s, %(param_5)s]) AND pg_catalog.pg_table_is_visible(pg_catalog.pg_class.oid) AND pg_catalog.pg_namespace.nspname != %(nspname_1)s
2026-03-15 22:33:35,716 - sqlalchemy.engine.Engine - INFO - [cached since 3.585s ago] {'table_name': 'servicios_periodos', 'param_1': 'r', 'param_2': 'p', 'param_3': 'f', 'param_4': 'v', 'param_5': 'm', 'nspname_1': 'pg_catalog'}
2026-03-15 22:33:35,905 - sqlalchemy.engine.Engine - INFO - SELECT pg_catalog.pg_class.relname 
FROM pg_catalog.pg_class JOIN pg_catalog.pg_namespace ON pg_catalog.pg_namespace.oid = pg_catalog.pg_class.relnamespace 
WHERE pg_catalog.pg_class.relname = %(table_name)s AND pg_catalog.pg_class.relkind = ANY (ARRAY[%(param_1)s, %(param_2)s, %(param_3)s, %(param_4)s, %(param_5)s]) AND pg_catalog.pg_table_is_visible(pg_catalog.pg_class.oid) AND pg_catalog.pg_namespace.nspname != %(nspname_1)s
2026-03-15 22:33:35,907 - sqlalchemy.engine.Engine - INFO - [cached since 3.776s ago] {'table_name': 'prestamos_empresa', 'param_1': 'r', 'param_2': 'p', 'param_3': 'f', 'param_4': 'v', 'param_5': 'm', 'nspname_1': 'pg_catalog'}
2026-03-15 22:33:36,078 - sqlalchemy.engine.Engine - INFO - SELECT pg_catalog.pg_class.relname 
FROM pg_catalog.pg_class JOIN pg_catalog.pg_namespace ON pg_catalog.pg_namespace.oid = pg_catalog.pg_class.relnamespace 
WHERE pg_catalog.pg_class.relname = %(table_name)s AND pg_catalog.pg_class.relkind = ANY (ARRAY[%(param_1)s, %(param_2)s, %(param_3)s, %(param_4)s, %(param_5)s]) AND pg_catalog.pg_table_is_visible(pg_catalog.pg_class.oid) AND pg_catalog.pg_namespace.nspname != %(nspname_1)s
2026-03-15 22:33:36,078 - sqlalchemy.engine.Engine - INFO - [cached since 3.962s ago] {'table_name': 'prestamos_novedades', 'param_1': 'r', 'param_2': 'p', 'param_3': 'f', 'param_4': 'v', 'param_5': 'm', 'nspname_1': 'pg_catalog'}
2026-03-15 22:33:36,277 - sqlalchemy.engine.Engine - INFO - SELECT pg_catalog.pg_class.relname 
FROM pg_catalog.pg_class JOIN pg_catalog.pg_namespace ON pg_catalog.pg_namespace.oid = pg_catalog.pg_class.relnamespace 
WHERE pg_catalog.pg_class.relname = %(table_name)s AND pg_catalog.pg_class.relkind = ANY (ARRAY[%(param_1)s, %(param_2)s, %(param_3)s, %(param_4)s, %(param_5)s]) AND pg_catalog.pg_table_is_visible(pg_catalog.pg_class.oid) AND pg_catalog.pg_namespace.nspname != %(nspname_1)s
2026-03-15 22:33:36,279 - sqlalchemy.engine.Engine - INFO - [cached since 4.148s ago] {'table_name': 'prestamos_pagos', 'param_1': 'r', 'param_2': 'p', 'param_3': 'f', 'param_4': 'v', 'param_5': 'm', 'nspname_1': 'pg_catalog'}
2026-03-15 22:33:36,483 - sqlalchemy.engine.Engine - INFO - COMMIT
2026-03-15 22:33:36,781 - app - INFO - [OK] Tablas de base de datos creadas/verificadas
2026-03-15 22:38:02,973 - sqlalchemy.engine.Engine - INFO - select pg_catalog.version()
2026-03-15 22:38:02,973 - sqlalchemy.engine.Engine - INFO - [raw sql] {}
2026-03-15 22:38:03,332 - sqlalchemy.engine.Engine - INFO - select current_schema()
2026-03-15 22:38:03,334 - sqlalchemy.engine.Engine - INFO - [raw sql] {}
2026-03-15 22:38:03,689 - sqlalchemy.engine.Engine - INFO - show standard_conforming_strings
2026-03-15 22:38:03,691 - sqlalchemy.engine.Engine - INFO - [raw sql] {}
2026-03-15 22:38:04,049 - sqlalchemy.engine.Engine - INFO - BEGIN (implicit)
2026-03-15 22:38:04,064 - sqlalchemy.engine.Engine - INFO - SELECT pg_catalog.pg_class.relname 
FROM pg_catalog.pg_class JOIN pg_catalog.pg_namespace ON pg_catalog.pg_namespace.oid = pg_catalog.pg_class.relnamespace 
WHERE pg_catalog.pg_class.relname = %(table_name)s AND pg_catalog.pg_class.relkind = ANY (ARRAY[%(param_1)s, %(param_2)s, %(param_3)s, %(param_4)s, %(param_5)s]) AND pg_catalog.pg_table_is_visible(pg_catalog.pg_class.oid) AND pg_catalog.pg_namespace.nspname != %(nspname_1)s
2026-03-15 22:38:04,067 - sqlalchemy.engine.Engine - INFO - [generated in 0.00204s] {'table_name': 'roles', 'param_1': 'r', 'param_2': 'p', 'param_3': 'f', 'param_4': 'v', 'param_5': 'm', 'nspname_1': 'pg_catalog'}
2026-03-15 22:38:04,435 - sqlalchemy.engine.Engine - INFO - SELECT pg_catalog.pg_class.relname 
FROM pg_catalog.pg_class JOIN pg_catalog.pg_namespace ON pg_catalog.pg_namespace.oid = pg_catalog.pg_class.relnamespace 
WHERE pg_catalog.pg_class.relname = %(table_name)s AND pg_catalog.pg_class.relkind = ANY (ARRAY[%(param_1)s, %(param_2)s, %(param_3)s, %(param_4)s, %(param_5)s]) AND pg_catalog.pg_table_is_visible(pg_catalog.pg_class.oid) AND pg_catalog.pg_namespace.nspname != %(nspname_1)s
2026-03-15 22:38:04,435 - sqlalchemy.engine.Engine - INFO - [cached since 0.3723s ago] {'table_name': 'permisos', 'param_1': 'r', 'param_2': 'p', 'param_3': 'f', 'param_4': 'v', 'param_5': 'm', 'nspname_1': 'pg_catalog'}
2026-03-15 22:38:04,618 - sqlalchemy.engine.Engine - INFO - SELECT pg_catalog.pg_class.relname 
FROM pg_catalog.pg_class JOIN pg_catalog.pg_namespace ON pg_catalog.pg_namespace.oid = pg_catalog.pg_class.relnamespace 
WHERE pg_catalog.pg_class.relname = %(table_name)s AND pg_catalog.pg_class.relkind = ANY (ARRAY[%(param_1)s, %(param_2)s, %(param_3)s, %(param_4)s, %(param_5)s]) AND pg_catalog.pg_table_is_visible(pg_catalog.pg_class.oid) AND pg_catalog.pg_namespace.nspname != %(nspname_1)s
2026-03-15 22:38:04,619 - sqlalchemy.engine.Engine - INFO - [cached since 0.5554s ago] {'table_name': 'role_permiso', 'param_1': 'r', 'param_2': 'p', 'param_3': 'f', 'param_4': 'v', 'param_5': 'm', 'nspname_1': 'pg_catalog'}
2026-03-15 22:38:04,804 - sqlalchemy.engine.Engine - INFO - SELECT pg_catalog.pg_class.relname 
FROM pg_catalog.pg_class JOIN pg_catalog.pg_namespace ON pg_catalog.pg_namespace.oid = pg_catalog.pg_class.relnamespace 
WHERE pg_catalog.pg_class.relname = %(table_name)s AND pg_catalog.pg_class.relkind = ANY (ARRAY[%(param_1)s, %(param_2)s, %(param_3)s, %(param_4)s, %(param_5)s]) AND pg_catalog.pg_table_is_visible(pg_catalog.pg_class.oid) AND pg_catalog.pg_namespace.nspname != %(nspname_1)s
2026-03-15 22:38:04,806 - sqlalchemy.engine.Engine - INFO - [cached since 0.7407s ago] {'table_name': 'usuarios', 'param_1': 'r', 'param_2': 'p', 'param_3': 'f', 'param_4': 'v', 'param_5': 'm', 'nspname_1': 'pg_catalog'}
2026-03-15 22:38:04,988 - sqlalchemy.engine.Engine - INFO - SELECT pg_catalog.pg_class.relname 
FROM pg_catalog.pg_class JOIN pg_catalog.pg_namespace ON pg_catalog.pg_namespace.oid = pg_catalog.pg_class.relnamespace 
WHERE pg_catalog.pg_class.relname = %(table_name)s AND pg_catalog.pg_class.relkind = ANY (ARRAY[%(param_1)s, %(param_2)s, %(param_3)s, %(param_4)s, %(param_5)s]) AND pg_catalog.pg_table_is_visible(pg_catalog.pg_class.oid) AND pg_catalog.pg_namespace.nspname != %(nspname_1)s
2026-03-15 22:38:04,988 - sqlalchemy.engine.Engine - INFO - [cached since 0.9241s ago] {'table_name': 'empleados', 'param_1': 'r', 'param_2': 'p', 'param_3': 'f', 'param_4': 'v', 'param_5': 'm', 'nspname_1': 'pg_catalog'}
2026-03-15 22:38:05,169 - sqlalchemy.engine.Engine - INFO - SELECT pg_catalog.pg_class.relname 
FROM pg_catalog.pg_class JOIN pg_catalog.pg_namespace ON pg_catalog.pg_namespace.oid = pg_catalog.pg_class.relnamespace 
WHERE pg_catalog.pg_class.relname = %(table_name)s AND pg_catalog.pg_class.relkind = ANY (ARRAY[%(param_1)s, %(param_2)s, %(param_3)s, %(param_4)s, %(param_5)s]) AND pg_catalog.pg_table_is_visible(pg_catalog.pg_class.oid) AND pg_catalog.pg_namespace.nspname != %(nspname_1)s
2026-03-15 22:38:05,173 - sqlalchemy.engine.Engine - INFO - [cached since 1.109s ago] {'table_name': 'tipos_novedad', 'param_1': 'r', 'param_2': 'p', 'param_3': 'f', 'param_4': 'v', 'param_5': 'm', 'nspname_1': 'pg_catalog'}
2026-03-15 22:38:05,353 - sqlalchemy.engine.Engine - INFO - SELECT pg_catalog.pg_class.relname 
FROM pg_catalog.pg_class JOIN pg_catalog.pg_namespace ON pg_catalog.pg_namespace.oid = pg_catalog.pg_class.relnamespace 
WHERE pg_catalog.pg_class.relname = %(table_name)s AND pg_catalog.pg_class.relkind = ANY (ARRAY[%(param_1)s, %(param_2)s, %(param_3)s, %(param_4)s, %(param_5)s]) AND pg_catalog.pg_table_is_visible(pg_catalog.pg_class.oid) AND pg_catalog.pg_namespace.nspname != %(nspname_1)s
2026-03-15 22:38:05,353 - sqlalchemy.engine.Engine - INFO - [cached since 1.294s ago] {'table_name': 'novedades', 'param_1': 'r', 'param_2': 'p', 'param_3': 'f', 'param_4': 'v', 'param_5': 'm', 'nspname_1': 'pg_catalog'}
2026-03-15 22:38:05,541 - sqlalchemy.engine.Engine - INFO - SELECT pg_catalog.pg_class.relname 
FROM pg_catalog.pg_class JOIN pg_catalog.pg_namespace ON pg_catalog.pg_namespace.oid = pg_catalog.pg_class.relnamespace 
WHERE pg_catalog.pg_class.relname = %(table_name)s AND pg_catalog.pg_class.relkind = ANY (ARRAY[%(param_1)s, %(param_2)s, %(param_3)s, %(param_4)s, %(param_5)s]) AND pg_catalog.pg_table_is_visible(pg_catalog.pg_class.oid) AND pg_catalog.pg_namespace.nspname != %(nspname_1)s
2026-03-15 22:38:05,546 - sqlalchemy.engine.Engine - INFO - [cached since 1.481s ago] {'table_name': 'novedades_aplicadas', 'param_1': 'r', 'param_2': 'p', 'param_3': 'f', 'param_4': 'v', 'param_5': 'm', 'nspname_1': 'pg_catalog'}
2026-03-15 22:38:05,743 - sqlalchemy.engine.Engine - INFO - SELECT pg_catalog.pg_class.relname 
FROM pg_catalog.pg_class JOIN pg_catalog.pg_namespace ON pg_catalog.pg_namespace.oid = pg_catalog.pg_class.relnamespace 
WHERE pg_catalog.pg_class.relname = %(table_name)s AND pg_catalog.pg_class.relkind = ANY (ARRAY[%(param_1)s, %(param_2)s, %(param_3)s, %(param_4)s, %(param_5)s]) AND pg_catalog.pg_table_is_visible(pg_catalog.pg_class.oid) AND pg_catalog.pg_namespace.nspname != %(nspname_1)s
2026-03-15 22:38:05,745 - sqlalchemy.engine.Engine - INFO - [cached since 1.679s ago] {'table_name': 'conceptos_automaticos', 'param_1': 'r', 'param_2': 'p', 'param_3': 'f', 'param_4': 'v', 'param_5': 'm', 'nspname_1': 'pg_catalog'}
2026-03-15 22:38:05,926 - sqlalchemy.engine.Engine - INFO - SELECT pg_catalog.pg_class.relname 
FROM pg_catalog.pg_class JOIN pg_catalog.pg_namespace ON pg_catalog.pg_namespace.oid = pg_catalog.pg_class.relnamespace 
WHERE pg_catalog.pg_class.relname = %(table_name)s AND pg_catalog.pg_class.relkind = ANY (ARRAY[%(param_1)s, %(param_2)s, %(param_3)s, %(param_4)s, %(param_5)s]) AND pg_catalog.pg_table_is_visible(pg_catalog.pg_class.oid) AND pg_catalog.pg_namespace.nspname != %(nspname_1)s
2026-03-15 22:38:05,926 - sqlalchemy.engine.Engine - INFO - [cached since 1.868s ago] {'table_name': 'quincenas', 'param_1': 'r', 'param_2': 'p', 'param_3': 'f', 'param_4': 'v', 'param_5': 'm', 'nspname_1': 'pg_catalog'}
2026-03-15 22:38:06,106 - sqlalchemy.engine.Engine - INFO - SELECT pg_catalog.pg_class.relname 
FROM pg_catalog.pg_class JOIN pg_catalog.pg_namespace ON pg_catalog.pg_namespace.oid = pg_catalog.pg_class.relnamespace 
WHERE pg_catalog.pg_class.relname = %(table_name)s AND pg_catalog.pg_class.relkind = ANY (ARRAY[%(param_1)s, %(param_2)s, %(param_3)s, %(param_4)s, %(param_5)s]) AND pg_catalog.pg_table_is_visible(pg_catalog.pg_class.oid) AND pg_catalog.pg_namespace.nspname != %(nspname_1)s
2026-03-15 22:38:06,106 - sqlalchemy.engine.Engine - INFO - [cached since 2.051s ago] {'table_name': 'liquidos_quincena', 'param_1': 'r', 'param_2': 'p', 'param_3': 'f', 'param_4': 'v', 'param_5': 'm', 'nspname_1': 'pg_catalog'}
2026-03-15 22:38:06,306 - sqlalchemy.engine.Engine - INFO - SELECT pg_catalog.pg_class.relname 
FROM pg_catalog.pg_class JOIN pg_catalog.pg_namespace ON pg_catalog.pg_namespace.oid = pg_catalog.pg_class.relnamespace 
WHERE pg_catalog.pg_class.relname = %(table_name)s AND pg_catalog.pg_class.relkind = ANY (ARRAY[%(param_1)s, %(param_2)s, %(param_3)s, %(param_4)s, %(param_5)s]) AND pg_catalog.pg_table_is_visible(pg_catalog.pg_class.oid) AND pg_catalog.pg_namespace.nspname != %(nspname_1)s
2026-03-15 22:38:06,306 - sqlalchemy.engine.Engine - INFO - [cached since 2.245s ago] {'table_name': 'pagos', 'param_1': 'r', 'param_2': 'p', 'param_3': 'f', 'param_4': 'v', 'param_5': 'm', 'nspname_1': 'pg_catalog'}
2026-03-15 22:38:06,489 - sqlalchemy.engine.Engine - INFO - SELECT pg_catalog.pg_class.relname 
FROM pg_catalog.pg_class JOIN pg_catalog.pg_namespace ON pg_catalog.pg_namespace.oid = pg_catalog.pg_class.relnamespace 
WHERE pg_catalog.pg_class.relname = %(table_name)s AND pg_catalog.pg_class.relkind = ANY (ARRAY[%(param_1)s, %(param_2)s, %(param_3)s, %(param_4)s, %(param_5)s]) AND pg_catalog.pg_table_is_visible(pg_catalog.pg_class.oid) AND pg_catalog.pg_namespace.nspname != %(nspname_1)s
2026-03-15 22:38:06,489 - sqlalchemy.engine.Engine - INFO - [cached since 2.429s ago] {'table_name': 'empresa', 'param_1': 'r', 'param_2': 'p', 'param_3': 'f', 'param_4': 'v', 'param_5': 'm', 'nspname_1': 'pg_catalog'}
2026-03-15 22:38:06,690 - sqlalchemy.engine.Engine - INFO - SELECT pg_catalog.pg_class.relname 
FROM pg_catalog.pg_class JOIN pg_catalog.pg_namespace ON pg_catalog.pg_namespace.oid = pg_catalog.pg_class.relnamespace 
WHERE pg_catalog.pg_class.relname = %(table_name)s AND pg_catalog.pg_class.relkind = ANY (ARRAY[%(param_1)s, %(param_2)s, %(param_3)s, %(param_4)s, %(param_5)s]) AND pg_catalog.pg_table_is_visible(pg_catalog.pg_class.oid) AND pg_catalog.pg_namespace.nspname != %(nspname_1)s
2026-03-15 22:38:06,691 - sqlalchemy.engine.Engine - INFO - [cached since 2.627s ago] {'table_name': 'parametros_descuentos', 'param_1': 'r', 'param_2': 'p', 'param_3': 'f', 'param_4': 'v', 'param_5': 'm', 'nspname_1': 'pg_catalog'}
2026-03-15 22:38:06,878 - sqlalchemy.engine.Engine - INFO - SELECT pg_catalog.pg_class.relname 
FROM pg_catalog.pg_class JOIN pg_catalog.pg_namespace ON pg_catalog.pg_namespace.oid = pg_catalog.pg_class.relnamespace 
WHERE pg_catalog.pg_class.relname = %(table_name)s AND pg_catalog.pg_class.relkind = ANY (ARRAY[%(param_1)s, %(param_2)s, %(param_3)s, %(param_4)s, %(param_5)s]) AND pg_catalog.pg_table_is_visible(pg_catalog.pg_class.oid) AND pg_catalog.pg_namespace.nspname != %(nspname_1)s
2026-03-15 22:38:06,880 - sqlalchemy.engine.Engine - INFO - [cached since 2.815s ago] {'table_name': 'audit_logs', 'param_1': 'r', 'param_2': 'p', 'param_3': 'f', 'param_4': 'v', 'param_5': 'm', 'nspname_1': 'pg_catalog'}
2026-03-15 22:38:07,059 - sqlalchemy.engine.Engine - INFO - SELECT pg_catalog.pg_class.relname 
FROM pg_catalog.pg_class JOIN pg_catalog.pg_namespace ON pg_catalog.pg_namespace.oid = pg_catalog.pg_class.relnamespace 
WHERE pg_catalog.pg_class.relname = %(table_name)s AND pg_catalog.pg_class.relkind = ANY (ARRAY[%(param_1)s, %(param_2)s, %(param_3)s, %(param_4)s, %(param_5)s]) AND pg_catalog.pg_table_is_visible(pg_catalog.pg_class.oid) AND pg_catalog.pg_namespace.nspname != %(nspname_1)s
2026-03-15 22:38:07,059 - sqlalchemy.engine.Engine - INFO - [cached since 3.004s ago] {'table_name': 'servicios', 'param_1': 'r', 'param_2': 'p', 'param_3': 'f', 'param_4': 'v', 'param_5': 'm', 'nspname_1': 'pg_catalog'}
2026-03-15 22:38:07,262 - sqlalchemy.engine.Engine - INFO - SELECT pg_catalog.pg_class.relname 
FROM pg_catalog.pg_class JOIN pg_catalog.pg_namespace ON pg_catalog.pg_namespace.oid = pg_catalog.pg_class.relnamespace 
WHERE pg_catalog.pg_class.relname = %(table_name)s AND pg_catalog.pg_class.relkind = ANY (ARRAY[%(param_1)s, %(param_2)s, %(param_3)s, %(param_4)s, %(param_5)s]) AND pg_catalog.pg_table_is_visible(pg_catalog.pg_class.oid) AND pg_catalog.pg_namespace.nspname != %(nspname_1)s
2026-03-15 22:38:07,262 - sqlalchemy.engine.Engine - INFO - [cached since 3.199s ago] {'table_name': 'servicios_novedades', 'param_1': 'r', 'param_2': 'p', 'param_3': 'f', 'param_4': 'v', 'param_5': 'm', 'nspname_1': 'pg_catalog'}
2026-03-15 22:38:07,444 - sqlalchemy.engine.Engine - INFO - SELECT pg_catalog.pg_class.relname 
FROM pg_catalog.pg_class JOIN pg_catalog.pg_namespace ON pg_catalog.pg_namespace.oid = pg_catalog.pg_class.relnamespace 
WHERE pg_catalog.pg_class.relname = %(table_name)s AND pg_catalog.pg_class.relkind = ANY (ARRAY[%(param_1)s, %(param_2)s, %(param_3)s, %(param_4)s, %(param_5)s]) AND pg_catalog.pg_table_is_visible(pg_catalog.pg_class.oid) AND pg_catalog.pg_namespace.nspname != %(nspname_1)s
2026-03-15 22:38:07,447 - sqlalchemy.engine.Engine - INFO - [cached since 3.382s ago] {'table_name': 'servicios_pagos', 'param_1': 'r', 'param_2': 'p', 'param_3': 'f', 'param_4': 'v', 'param_5': 'm', 'nspname_1': 'pg_catalog'}
2026-03-15 22:38:07,627 - sqlalchemy.engine.Engine - INFO - SELECT pg_catalog.pg_class.relname 
FROM pg_catalog.pg_class JOIN pg_catalog.pg_namespace ON pg_catalog.pg_namespace.oid = pg_catalog.pg_class.relnamespace 
WHERE pg_catalog.pg_class.relname = %(table_name)s AND pg_catalog.pg_class.relkind = ANY (ARRAY[%(param_1)s, %(param_2)s, %(param_3)s, %(param_4)s, %(param_5)s]) AND pg_catalog.pg_table_is_visible(pg_catalog.pg_class.oid) AND pg_catalog.pg_namespace.nspname != %(nspname_1)s
2026-03-15 22:38:07,627 - sqlalchemy.engine.Engine - INFO - [cached since 3.566s ago] {'table_name': 'servicios_periodos', 'param_1': 'r', 'param_2': 'p', 'param_3': 'f', 'param_4': 'v', 'param_5': 'm', 'nspname_1': 'pg_catalog'}
2026-03-15 22:38:07,811 - sqlalchemy.engine.Engine - INFO - SELECT pg_catalog.pg_class.relname 
FROM pg_catalog.pg_class JOIN pg_catalog.pg_namespace ON pg_catalog.pg_namespace.oid = pg_catalog.pg_class.relnamespace 
WHERE pg_catalog.pg_class.relname = %(table_name)s AND pg_catalog.pg_class.relkind = ANY (ARRAY[%(param_1)s, %(param_2)s, %(param_3)s, %(param_4)s, %(param_5)s]) AND pg_catalog.pg_table_is_visible(pg_catalog.pg_class.oid) AND pg_catalog.pg_namespace.nspname != %(nspname_1)s
2026-03-15 22:38:07,811 - sqlalchemy.engine.Engine - INFO - [cached since 3.754s ago] {'table_name': 'prestamos_empresa', 'param_1': 'r', 'param_2': 'p', 'param_3': 'f', 'param_4': 'v', 'param_5': 'm', 'nspname_1': 'pg_catalog'}
2026-03-15 22:38:08,026 - sqlalchemy.engine.Engine - INFO - SELECT pg_catalog.pg_class.relname 
FROM pg_catalog.pg_class JOIN pg_catalog.pg_namespace ON pg_catalog.pg_namespace.oid = pg_catalog.pg_class.relnamespace 
WHERE pg_catalog.pg_class.relname = %(table_name)s AND pg_catalog.pg_class.relkind = ANY (ARRAY[%(param_1)s, %(param_2)s, %(param_3)s, %(param_4)s, %(param_5)s]) AND pg_catalog.pg_table_is_visible(pg_catalog.pg_class.oid) AND pg_catalog.pg_namespace.nspname != %(nspname_1)s
2026-03-15 22:38:08,026 - sqlalchemy.engine.Engine - INFO - [cached since 3.963s ago] {'table_name': 'prestamos_novedades', 'param_1': 'r', 'param_2': 'p', 'param_3': 'f', 'param_4': 'v', 'param_5': 'm', 'nspname_1': 'pg_catalog'}
2026-03-15 22:38:08,197 - sqlalchemy.engine.Engine - INFO - SELECT pg_catalog.pg_class.relname 
FROM pg_catalog.pg_class JOIN pg_catalog.pg_namespace ON pg_catalog.pg_namespace.oid = pg_catalog.pg_class.relnamespace 
WHERE pg_catalog.pg_class.relname = %(table_name)s AND pg_catalog.pg_class.relkind = ANY (ARRAY[%(param_1)s, %(param_2)s, %(param_3)s, %(param_4)s, %(param_5)s]) AND pg_catalog.pg_table_is_visible(pg_catalog.pg_class.oid) AND pg_catalog.pg_namespace.nspname != %(nspname_1)s
2026-03-15 22:38:08,197 - sqlalchemy.engine.Engine - INFO - [cached since 4.145s ago] {'table_name': 'prestamos_pagos', 'param_1': 'r', 'param_2': 'p', 'param_3': 'f', 'param_4': 'v', 'param_5': 'm', 'nspname_1': 'pg_catalog'}
2026-03-15 22:38:08,399 - sqlalchemy.engine.Engine - INFO - COMMIT
2026-03-15 22:38:08,581 - app - INFO - [OK] Tablas de base de datos creadas/verificadas
2026-03-15 22:40:16,266 - sqlalchemy.engine.Engine - INFO - select pg_catalog.version()
2026-03-15 22:40:16,266 - sqlalchemy.engine.Engine - INFO - [raw sql] {}
2026-03-15 22:40:16,664 - sqlalchemy.engine.Engine - INFO - select current_schema()
2026-03-15 22:40:16,664 - sqlalchemy.engine.Engine - INFO - [raw sql] {}
2026-03-15 22:40:17,074 - sqlalchemy.engine.Engine - INFO - show standard_conforming_strings
2026-03-15 22:40:17,076 - sqlalchemy.engine.Engine - INFO - [raw sql] {}
2026-03-15 22:40:17,467 - sqlalchemy.engine.Engine - INFO - BEGIN (implicit)
2026-03-15 22:40:17,485 - sqlalchemy.engine.Engine - INFO - SELECT pg_catalog.pg_class.relname 
FROM pg_catalog.pg_class JOIN pg_catalog.pg_namespace ON pg_catalog.pg_namespace.oid = pg_catalog.pg_class.relnamespace 
WHERE pg_catalog.pg_class.relname = %(table_name)s AND pg_catalog.pg_class.relkind = ANY (ARRAY[%(param_1)s, %(param_2)s, %(param_3)s, %(param_4)s, %(param_5)s]) AND pg_catalog.pg_table_is_visible(pg_catalog.pg_class.oid) AND pg_catalog.pg_namespace.nspname != %(nspname_1)s
2026-03-15 22:40:17,487 - sqlalchemy.engine.Engine - INFO - [generated in 0.00236s] {'table_name': 'roles', 'param_1': 'r', 'param_2': 'p', 'param_3': 'f', 'param_4': 'v', 'param_5': 'm', 'nspname_1': 'pg_catalog'}
2026-03-15 22:40:17,909 - sqlalchemy.engine.Engine - INFO - SELECT pg_catalog.pg_class.relname 
FROM pg_catalog.pg_class JOIN pg_catalog.pg_namespace ON pg_catalog.pg_namespace.oid = pg_catalog.pg_class.relnamespace 
WHERE pg_catalog.pg_class.relname = %(table_name)s AND pg_catalog.pg_class.relkind = ANY (ARRAY[%(param_1)s, %(param_2)s, %(param_3)s, %(param_4)s, %(param_5)s]) AND pg_catalog.pg_table_is_visible(pg_catalog.pg_class.oid) AND pg_catalog.pg_namespace.nspname != %(nspname_1)s
2026-03-15 22:40:17,912 - sqlalchemy.engine.Engine - INFO - [cached since 0.4286s ago] {'table_name': 'permisos', 'param_1': 'r', 'param_2': 'p', 'param_3': 'f', 'param_4': 'v', 'param_5': 'm', 'nspname_1': 'pg_catalog'}
2026-03-15 22:40:18,106 - sqlalchemy.engine.Engine - INFO - SELECT pg_catalog.pg_class.relname 
FROM pg_catalog.pg_class JOIN pg_catalog.pg_namespace ON pg_catalog.pg_namespace.oid = pg_catalog.pg_class.relnamespace 
WHERE pg_catalog.pg_class.relname = %(table_name)s AND pg_catalog.pg_class.relkind = ANY (ARRAY[%(param_1)s, %(param_2)s, %(param_3)s, %(param_4)s, %(param_5)s]) AND pg_catalog.pg_table_is_visible(pg_catalog.pg_class.oid) AND pg_catalog.pg_namespace.nspname != %(nspname_1)s
2026-03-15 22:40:18,113 - sqlalchemy.engine.Engine - INFO - [cached since 0.6277s ago] {'table_name': 'role_permiso', 'param_1': 'r', 'param_2': 'p', 'param_3': 'f', 'param_4': 'v', 'param_5': 'm', 'nspname_1': 'pg_catalog'}
2026-03-15 22:40:18,306 - sqlalchemy.engine.Engine - INFO - SELECT pg_catalog.pg_class.relname 
FROM pg_catalog.pg_class JOIN pg_catalog.pg_namespace ON pg_catalog.pg_namespace.oid = pg_catalog.pg_class.relnamespace 
WHERE pg_catalog.pg_class.relname = %(table_name)s AND pg_catalog.pg_class.relkind = ANY (ARRAY[%(param_1)s, %(param_2)s, %(param_3)s, %(param_4)s, %(param_5)s]) AND pg_catalog.pg_table_is_visible(pg_catalog.pg_class.oid) AND pg_catalog.pg_namespace.nspname != %(nspname_1)s
2026-03-15 22:40:18,306 - sqlalchemy.engine.Engine - INFO - [cached since 0.833s ago] {'table_name': 'usuarios', 'param_1': 'r', 'param_2': 'p', 'param_3': 'f', 'param_4': 'v', 'param_5': 'm', 'nspname_1': 'pg_catalog'}
2026-03-15 22:40:18,508 - sqlalchemy.engine.Engine - INFO - SELECT pg_catalog.pg_class.relname 
FROM pg_catalog.pg_class JOIN pg_catalog.pg_namespace ON pg_catalog.pg_namespace.oid = pg_catalog.pg_class.relnamespace 
WHERE pg_catalog.pg_class.relname = %(table_name)s AND pg_catalog.pg_class.relkind = ANY (ARRAY[%(param_1)s, %(param_2)s, %(param_3)s, %(param_4)s, %(param_5)s]) AND pg_catalog.pg_table_is_visible(pg_catalog.pg_class.oid) AND pg_catalog.pg_namespace.nspname != %(nspname_1)s
2026-03-15 22:40:18,522 - sqlalchemy.engine.Engine - INFO - [cached since 1.037s ago] {'table_name': 'empleados', 'param_1': 'r', 'param_2': 'p', 'param_3': 'f', 'param_4': 'v', 'param_5': 'm', 'nspname_1': 'pg_catalog'}
2026-03-15 22:40:18,711 - sqlalchemy.engine.Engine - INFO - SELECT pg_catalog.pg_class.relname 
FROM pg_catalog.pg_class JOIN pg_catalog.pg_namespace ON pg_catalog.pg_namespace.oid = pg_catalog.pg_class.relnamespace 
WHERE pg_catalog.pg_class.relname = %(table_name)s AND pg_catalog.pg_class.relkind = ANY (ARRAY[%(param_1)s, %(param_2)s, %(param_3)s, %(param_4)s, %(param_5)s]) AND pg_catalog.pg_table_is_visible(pg_catalog.pg_class.oid) AND pg_catalog.pg_namespace.nspname != %(nspname_1)s
2026-03-15 22:40:18,711 - sqlalchemy.engine.Engine - INFO - [cached since 1.235s ago] {'table_name': 'tipos_novedad', 'param_1': 'r', 'param_2': 'p', 'param_3': 'f', 'param_4': 'v', 'param_5': 'm', 'nspname_1': 'pg_catalog'}
2026-03-15 22:40:18,908 - sqlalchemy.engine.Engine - INFO - SELECT pg_catalog.pg_class.relname 
FROM pg_catalog.pg_class JOIN pg_catalog.pg_namespace ON pg_catalog.pg_namespace.oid = pg_catalog.pg_class.relnamespace 
WHERE pg_catalog.pg_class.relname = %(table_name)s AND pg_catalog.pg_class.relkind = ANY (ARRAY[%(param_1)s, %(param_2)s, %(param_3)s, %(param_4)s, %(param_5)s]) AND pg_catalog.pg_table_is_visible(pg_catalog.pg_class.oid) AND pg_catalog.pg_namespace.nspname != %(nspname_1)s
2026-03-15 22:40:18,924 - sqlalchemy.engine.Engine - INFO - [cached since 1.441s ago] {'table_name': 'novedades', 'param_1': 'r', 'param_2': 'p', 'param_3': 'f', 'param_4': 'v', 'param_5': 'm', 'nspname_1': 'pg_catalog'}
2026-03-15 22:40:19,117 - sqlalchemy.engine.Engine - INFO - SELECT pg_catalog.pg_class.relname 
FROM pg_catalog.pg_class JOIN pg_catalog.pg_namespace ON pg_catalog.pg_namespace.oid = pg_catalog.pg_class.relnamespace 
WHERE pg_catalog.pg_class.relname = %(table_name)s AND pg_catalog.pg_class.relkind = ANY (ARRAY[%(param_1)s, %(param_2)s, %(param_3)s, %(param_4)s, %(param_5)s]) AND pg_catalog.pg_table_is_visible(pg_catalog.pg_class.oid) AND pg_catalog.pg_namespace.nspname != %(nspname_1)s
2026-03-15 22:40:19,117 - sqlalchemy.engine.Engine - INFO - [cached since 1.635s ago] {'table_name': 'novedades_aplicadas', 'param_1': 'r', 'param_2': 'p', 'param_3': 'f', 'param_4': 'v', 'param_5': 'm', 'nspname_1': 'pg_catalog'}
2026-03-15 22:40:19,326 - sqlalchemy.engine.Engine - INFO - SELECT pg_catalog.pg_class.relname 
FROM pg_catalog.pg_class JOIN pg_catalog.pg_namespace ON pg_catalog.pg_namespace.oid = pg_catalog.pg_class.relnamespace 
WHERE pg_catalog.pg_class.relname = %(table_name)s AND pg_catalog.pg_class.relkind = ANY (ARRAY[%(param_1)s, %(param_2)s, %(param_3)s, %(param_4)s, %(param_5)s]) AND pg_catalog.pg_table_is_visible(pg_catalog.pg_class.oid) AND pg_catalog.pg_namespace.nspname != %(nspname_1)s
2026-03-15 22:40:19,326 - sqlalchemy.engine.Engine - INFO - [cached since 1.844s ago] {'table_name': 'conceptos_automaticos', 'param_1': 'r', 'param_2': 'p', 'param_3': 'f', 'param_4': 'v', 'param_5': 'm', 'nspname_1': 'pg_catalog'}
2026-03-15 22:40:19,511 - sqlalchemy.engine.Engine - INFO - SELECT pg_catalog.pg_class.relname 
FROM pg_catalog.pg_class JOIN pg_catalog.pg_namespace ON pg_catalog.pg_namespace.oid = pg_catalog.pg_class.relnamespace 
WHERE pg_catalog.pg_class.relname = %(table_name)s AND pg_catalog.pg_class.relkind = ANY (ARRAY[%(param_1)s, %(param_2)s, %(param_3)s, %(param_4)s, %(param_5)s]) AND pg_catalog.pg_table_is_visible(pg_catalog.pg_class.oid) AND pg_catalog.pg_namespace.nspname != %(nspname_1)s
2026-03-15 22:40:19,528 - sqlalchemy.engine.Engine - INFO - [cached since 2.043s ago] {'table_name': 'quincenas', 'param_1': 'r', 'param_2': 'p', 'param_3': 'f', 'param_4': 'v', 'param_5': 'm', 'nspname_1': 'pg_catalog'}
2026-03-15 22:40:19,732 - sqlalchemy.engine.Engine - INFO - SELECT pg_catalog.pg_class.relname 
FROM pg_catalog.pg_class JOIN pg_catalog.pg_namespace ON pg_catalog.pg_namespace.oid = pg_catalog.pg_class.relnamespace 
WHERE pg_catalog.pg_class.relname = %(table_name)s AND pg_catalog.pg_class.relkind = ANY (ARRAY[%(param_1)s, %(param_2)s, %(param_3)s, %(param_4)s, %(param_5)s]) AND pg_catalog.pg_table_is_visible(pg_catalog.pg_class.oid) AND pg_catalog.pg_namespace.nspname != %(nspname_1)s
2026-03-15 22:40:19,737 - sqlalchemy.engine.Engine - INFO - [cached since 2.253s ago] {'table_name': 'liquidos_quincena', 'param_1': 'r', 'param_2': 'p', 'param_3': 'f', 'param_4': 'v', 'param_5': 'm', 'nspname_1': 'pg_catalog'}
2026-03-15 22:40:19,932 - sqlalchemy.engine.Engine - INFO - SELECT pg_catalog.pg_class.relname 
FROM pg_catalog.pg_class JOIN pg_catalog.pg_namespace ON pg_catalog.pg_namespace.oid = pg_catalog.pg_class.relnamespace 
WHERE pg_catalog.pg_class.relname = %(table_name)s AND pg_catalog.pg_class.relkind = ANY (ARRAY[%(param_1)s, %(param_2)s, %(param_3)s, %(param_4)s, %(param_5)s]) AND pg_catalog.pg_table_is_visible(pg_catalog.pg_class.oid) AND pg_catalog.pg_namespace.nspname != %(nspname_1)s
2026-03-15 22:40:19,932 - sqlalchemy.engine.Engine - INFO - [cached since 2.459s ago] {'table_name': 'pagos', 'param_1': 'r', 'param_2': 'p', 'param_3': 'f', 'param_4': 'v', 'param_5': 'm', 'nspname_1': 'pg_catalog'}
2026-03-15 22:40:20,132 - sqlalchemy.engine.Engine - INFO - SELECT pg_catalog.pg_class.relname 
FROM pg_catalog.pg_class JOIN pg_catalog.pg_namespace ON pg_catalog.pg_namespace.oid = pg_catalog.pg_class.relnamespace 
WHERE pg_catalog.pg_class.relname = %(table_name)s AND pg_catalog.pg_class.relkind = ANY (ARRAY[%(param_1)s, %(param_2)s, %(param_3)s, %(param_4)s, %(param_5)s]) AND pg_catalog.pg_table_is_visible(pg_catalog.pg_class.oid) AND pg_catalog.pg_namespace.nspname != %(nspname_1)s
2026-03-15 22:40:20,146 - sqlalchemy.engine.Engine - INFO - [cached since 2.661s ago] {'table_name': 'empresa', 'param_1': 'r', 'param_2': 'p', 'param_3': 'f', 'param_4': 'v', 'param_5': 'm', 'nspname_1': 'pg_catalog'}
2026-03-15 22:40:20,334 - sqlalchemy.engine.Engine - INFO - SELECT pg_catalog.pg_class.relname 
FROM pg_catalog.pg_class JOIN pg_catalog.pg_namespace ON pg_catalog.pg_namespace.oid = pg_catalog.pg_class.relnamespace 
WHERE pg_catalog.pg_class.relname = %(table_name)s AND pg_catalog.pg_class.relkind = ANY (ARRAY[%(param_1)s, %(param_2)s, %(param_3)s, %(param_4)s, %(param_5)s]) AND pg_catalog.pg_table_is_visible(pg_catalog.pg_class.oid) AND pg_catalog.pg_namespace.nspname != %(nspname_1)s
2026-03-15 22:40:20,339 - sqlalchemy.engine.Engine - INFO - [cached since 2.855s ago] {'table_name': 'parametros_descuentos', 'param_1': 'r', 'param_2': 'p', 'param_3': 'f', 'param_4': 'v', 'param_5': 'm', 'nspname_1': 'pg_catalog'}
2026-03-15 22:40:20,531 - sqlalchemy.engine.Engine - INFO - SELECT pg_catalog.pg_class.relname 
FROM pg_catalog.pg_class JOIN pg_catalog.pg_namespace ON pg_catalog.pg_namespace.oid = pg_catalog.pg_class.relnamespace 
WHERE pg_catalog.pg_class.relname = %(table_name)s AND pg_catalog.pg_class.relkind = ANY (ARRAY[%(param_1)s, %(param_2)s, %(param_3)s, %(param_4)s, %(param_5)s]) AND pg_catalog.pg_table_is_visible(pg_catalog.pg_class.oid) AND pg_catalog.pg_namespace.nspname != %(nspname_1)s
2026-03-15 22:40:20,534 - sqlalchemy.engine.Engine - INFO - [cached since 3.049s ago] {'table_name': 'audit_logs', 'param_1': 'r', 'param_2': 'p', 'param_3': 'f', 'param_4': 'v', 'param_5': 'm', 'nspname_1': 'pg_catalog'}
2026-03-15 22:40:20,719 - sqlalchemy.engine.Engine - INFO - SELECT pg_catalog.pg_class.relname 
FROM pg_catalog.pg_class JOIN pg_catalog.pg_namespace ON pg_catalog.pg_namespace.oid = pg_catalog.pg_class.relnamespace 
WHERE pg_catalog.pg_class.relname = %(table_name)s AND pg_catalog.pg_class.relkind = ANY (ARRAY[%(param_1)s, %(param_2)s, %(param_3)s, %(param_4)s, %(param_5)s]) AND pg_catalog.pg_table_is_visible(pg_catalog.pg_class.oid) AND pg_catalog.pg_namespace.nspname != %(nspname_1)s
2026-03-15 22:40:20,719 - sqlalchemy.engine.Engine - INFO - [cached since 3.245s ago] {'table_name': 'servicios', 'param_1': 'r', 'param_2': 'p', 'param_3': 'f', 'param_4': 'v', 'param_5': 'm', 'nspname_1': 'pg_catalog'}
2026-03-15 22:40:20,914 - sqlalchemy.engine.Engine - INFO - SELECT pg_catalog.pg_class.relname 
FROM pg_catalog.pg_class JOIN pg_catalog.pg_namespace ON pg_catalog.pg_namespace.oid = pg_catalog.pg_class.relnamespace 
WHERE pg_catalog.pg_class.relname = %(table_name)s AND pg_catalog.pg_class.relkind = ANY (ARRAY[%(param_1)s, %(param_2)s, %(param_3)s, %(param_4)s, %(param_5)s]) AND pg_catalog.pg_table_is_visible(pg_catalog.pg_class.oid) AND pg_catalog.pg_namespace.nspname != %(nspname_1)s
2026-03-15 22:40:20,914 - sqlalchemy.engine.Engine - INFO - [cached since 3.438s ago] {'table_name': 'servicios_novedades', 'param_1': 'r', 'param_2': 'p', 'param_3': 'f', 'param_4': 'v', 'param_5': 'm', 'nspname_1': 'pg_catalog'}
2026-03-15 22:40:21,120 - sqlalchemy.engine.Engine - INFO - SELECT pg_catalog.pg_class.relname 
FROM pg_catalog.pg_class JOIN pg_catalog.pg_namespace ON pg_catalog.pg_namespace.oid = pg_catalog.pg_class.relnamespace 
WHERE pg_catalog.pg_class.relname = %(table_name)s AND pg_catalog.pg_class.relkind = ANY (ARRAY[%(param_1)s, %(param_2)s, %(param_3)s, %(param_4)s, %(param_5)s]) AND pg_catalog.pg_table_is_visible(pg_catalog.pg_class.oid) AND pg_catalog.pg_namespace.nspname != %(nspname_1)s
2026-03-15 22:40:21,120 - sqlalchemy.engine.Engine - INFO - [cached since 3.638s ago] {'table_name': 'servicios_pagos', 'param_1': 'r', 'param_2': 'p', 'param_3': 'f', 'param_4': 'v', 'param_5': 'm', 'nspname_1': 'pg_catalog'}
2026-03-15 22:40:21,334 - sqlalchemy.engine.Engine - INFO - SELECT pg_catalog.pg_class.relname 
FROM pg_catalog.pg_class JOIN pg_catalog.pg_namespace ON pg_catalog.pg_namespace.oid = pg_catalog.pg_class.relnamespace 
WHERE pg_catalog.pg_class.relname = %(table_name)s AND pg_catalog.pg_class.relkind = ANY (ARRAY[%(param_1)s, %(param_2)s, %(param_3)s, %(param_4)s, %(param_5)s]) AND pg_catalog.pg_table_is_visible(pg_catalog.pg_class.oid) AND pg_catalog.pg_namespace.nspname != %(nspname_1)s
2026-03-15 22:40:21,334 - sqlalchemy.engine.Engine - INFO - [cached since 3.857s ago] {'table_name': 'servicios_periodos', 'param_1': 'r', 'param_2': 'p', 'param_3': 'f', 'param_4': 'v', 'param_5': 'm', 'nspname_1': 'pg_catalog'}
2026-03-15 22:40:21,539 - sqlalchemy.engine.Engine - INFO - SELECT pg_catalog.pg_class.relname 
FROM pg_catalog.pg_class JOIN pg_catalog.pg_namespace ON pg_catalog.pg_namespace.oid = pg_catalog.pg_class.relnamespace 
WHERE pg_catalog.pg_class.relname = %(table_name)s AND pg_catalog.pg_class.relkind = ANY (ARRAY[%(param_1)s, %(param_2)s, %(param_3)s, %(param_4)s, %(param_5)s]) AND pg_catalog.pg_table_is_visible(pg_catalog.pg_class.oid) AND pg_catalog.pg_namespace.nspname != %(nspname_1)s
2026-03-15 22:40:21,543 - sqlalchemy.engine.Engine - INFO - [cached since 4.058s ago] {'table_name': 'prestamos_empresa', 'param_1': 'r', 'param_2': 'p', 'param_3': 'f', 'param_4': 'v', 'param_5': 'm', 'nspname_1': 'pg_catalog'}
2026-03-15 22:40:21,735 - sqlalchemy.engine.Engine - INFO - SELECT pg_catalog.pg_class.relname 
FROM pg_catalog.pg_class JOIN pg_catalog.pg_namespace ON pg_catalog.pg_namespace.oid = pg_catalog.pg_class.relnamespace 
WHERE pg_catalog.pg_class.relname = %(table_name)s AND pg_catalog.pg_class.relkind = ANY (ARRAY[%(param_1)s, %(param_2)s, %(param_3)s, %(param_4)s, %(param_5)s]) AND pg_catalog.pg_table_is_visible(pg_catalog.pg_class.oid) AND pg_catalog.pg_namespace.nspname != %(nspname_1)s
2026-03-15 22:40:21,738 - sqlalchemy.engine.Engine - INFO - [cached since 4.253s ago] {'table_name': 'prestamos_novedades', 'param_1': 'r', 'param_2': 'p', 'param_3': 'f', 'param_4': 'v', 'param_5': 'm', 'nspname_1': 'pg_catalog'}
2026-03-15 22:40:21,928 - sqlalchemy.engine.Engine - INFO - SELECT pg_catalog.pg_class.relname 
FROM pg_catalog.pg_class JOIN pg_catalog.pg_namespace ON pg_catalog.pg_namespace.oid = pg_catalog.pg_class.relnamespace 
WHERE pg_catalog.pg_class.relname = %(table_name)s AND pg_catalog.pg_class.relkind = ANY (ARRAY[%(param_1)s, %(param_2)s, %(param_3)s, %(param_4)s, %(param_5)s]) AND pg_catalog.pg_table_is_visible(pg_catalog.pg_class.oid) AND pg_catalog.pg_namespace.nspname != %(nspname_1)s
2026-03-15 22:40:21,936 - sqlalchemy.engine.Engine - INFO - [cached since 4.452s ago] {'table_name': 'prestamos_pagos', 'param_1': 'r', 'param_2': 'p', 'param_3': 'f', 'param_4': 'v', 'param_5': 'm', 'nspname_1': 'pg_catalog'}
2026-03-15 22:40:22,137 - sqlalchemy.engine.Engine - INFO - COMMIT
2026-03-15 22:40:22,324 - app - INFO - [OK] Tablas de base de datos creadas/verificadas
2026-03-24 22:15:16,209 - app - INFO - [DB] DATABASE_URL configurada: (sin DATABASE_URL)
2026-03-24 22:15:16,654 - app - INFO - [DB] Conexion activa: sqlite:///C:\python\PREVENT\instance\prevent.db
2026-03-24 22:15:16,654 - app - INFO - [DB] Dialecto activo: sqlite
2026-03-24 22:15:16,654 - app - INFO - [DB] AUTO_CREATE_TABLES deshabilitado; usa migraciones controladas con 'flask db upgrade'
2026-03-24 22:15:31,934 - app - INFO - [DB] DATABASE_URL configurada: (sin DATABASE_URL)
2026-03-24 22:15:32,001 - app - INFO - [DB] Conexion activa: sqlite:///C:\python\PREVENT\instance\prevent.db
2026-03-24 22:15:32,001 - app - INFO - [DB] Dialecto activo: sqlite
2026-03-24 22:15:32,001 - app - INFO - [DB] AUTO_CREATE_TABLES deshabilitado; usa migraciones controladas con 'flask db upgrade'
2026-03-24 23:17:31,247 - app - INFO - [DB] DATABASE_URL configurada: (sin DATABASE_URL)
2026-03-24 23:17:31,320 - app - INFO - [DB] Conexion activa: sqlite:///C:\python\PREVENT\instance\prevent.db
2026-03-24 23:17:31,320 - app - INFO - [DB] Dialecto activo: sqlite
2026-03-24 23:17:31,320 - app - INFO - [DB] AUTO_CREATE_TABLES deshabilitado; usa migraciones controladas con 'flask db upgrade'
2026-03-24 23:32:09,659 - app - INFO - [DB] DATABASE_URL configurada: (sin DATABASE_URL)
2026-03-24 23:32:09,787 - app - INFO - [DB] Conexion activa: sqlite:///C:\python\PREVENT\instance\prevent.db
2026-03-24 23:32:09,787 - app - INFO - [DB] Dialecto activo: sqlite
2026-03-24 23:32:09,787 - app - INFO - [DB] AUTO_CREATE_TABLES deshabilitado; usa migraciones controladas con 'flask db upgrade'
2026-03-24 23:55:57,104 - app - INFO - [DB] DATABASE_URL configurada: (sin DATABASE_URL)
2026-03-24 23:55:57,245 - app - INFO - [DB] Conexion activa: sqlite:///C:\python\PREVENT\instance\prevent.db
2026-03-24 23:55:57,245 - app - INFO - [DB] Dialecto activo: sqlite
2026-03-24 23:55:57,245 - app - INFO - [DB] AUTO_CREATE_TABLES deshabilitado; usa migraciones controladas con 'flask db upgrade'
2026-03-25 00:30:13,440 - app - INFO - [DB] DATABASE_URL configurada: (sin DATABASE_URL)
2026-03-25 00:30:13,551 - app - INFO - [DB] Conexion activa: sqlite:///C:\python\PREVENT\instance\prevent.db
2026-03-25 00:30:13,551 - app - INFO - [DB] Dialecto activo: sqlite
2026-03-25 00:30:13,551 - app - INFO - [DB] AUTO_CREATE_TABLES deshabilitado; usa migraciones controladas con 'flask db upgrade'
2026-03-25 00:30:30,975 - app - INFO - [DB] DATABASE_URL configurada: (sin DATABASE_URL)
2026-03-25 00:30:31,020 - app - INFO - [DB] DATABASE_URL configurada: (sin DATABASE_URL)
2026-03-25 00:30:31,050 - app - INFO - [DB] DATABASE_URL configurada: (sin DATABASE_URL)
2026-03-25 00:30:31,093 - app - INFO - [DB] Conexion activa: sqlite:///C:\python\PREVENT\instance\prevent.db
2026-03-25 00:30:31,093 - app - INFO - [DB] Dialecto activo: sqlite
2026-03-25 00:30:31,093 - app - INFO - [DB] AUTO_CREATE_TABLES deshabilitado; usa migraciones controladas con 'flask db upgrade'
2026-03-25 00:30:31,139 - app - INFO - [DB] Conexion activa: sqlite:///C:\python\PREVENT\instance\prevent.db
2026-03-25 00:30:31,139 - app - INFO - [DB] Dialecto activo: sqlite
2026-03-25 00:30:31,139 - app - INFO - [DB] AUTO_CREATE_TABLES deshabilitado; usa migraciones controladas con 'flask db upgrade'
2026-03-25 00:30:31,182 - app - INFO - [DB] Conexion activa: sqlite:///C:\python\PREVENT\instance\prevent.db
2026-03-25 00:30:31,182 - app - INFO - [DB] Dialecto activo: sqlite
2026-03-25 00:30:31,184 - app - INFO - [DB] AUTO_CREATE_TABLES deshabilitado; usa migraciones controladas con 'flask db upgrade'
2026-03-25 21:39:55,895 - app - INFO - [DB] DATABASE_URL configurada: postgresql+psycopg2://postgres:***@crossover.proxy.rlwy.net:16693/railway?sslmode=require
2026-03-25 21:39:56,005 - app - INFO - [DB] Conexion activa: postgresql+psycopg2://postgres:***@crossover.proxy.rlwy.net:16693/railway?sslmode=require
2026-03-25 21:39:56,005 - app - INFO - [DB] Dialecto activo: postgresql
2026-03-25 21:39:56,005 - app - INFO - [DB] AUTO_CREATE_TABLES deshabilitado; usa migraciones controladas con 'flask db upgrade'
2026-03-25 21:40:12,851 - app - INFO - [DB] DATABASE_URL configurada: postgresql+psycopg2://postgres:***@crossover.proxy.rlwy.net:16693/railway?sslmode=require
2026-03-25 21:40:12,909 - app - INFO - [DB] Conexion activa: postgresql+psycopg2://postgres:***@crossover.proxy.rlwy.net:16693/railway?sslmode=require
2026-03-25 21:40:12,909 - app - INFO - [DB] Dialecto activo: postgresql
2026-03-25 21:40:12,909 - app - INFO - [DB] AUTO_CREATE_TABLES deshabilitado; usa migraciones controladas con 'flask db upgrade'
2026-03-25 21:40:17,008 - app - INFO - [DB] Usuario administrador 'admin' ya existe
2026-03-25 21:53:39,151 - app - INFO - [DB] DATABASE_URL configurada: postgresql+psycopg2://postgres:***@crossover.proxy.rlwy.net:16693/railway?sslmode=require
2026-03-25 21:53:39,249 - app - INFO - [DB] Conexion activa: postgresql+psycopg2://postgres:***@crossover.proxy.rlwy.net:16693/railway?sslmode=require
2026-03-25 21:53:39,250 - app - INFO - [DB] Dialecto activo: postgresql
2026-03-25 21:53:39,251 - app - INFO - [DB] AUTO_CREATE_TABLES deshabilitado; usa migraciones controladas con 'flask db upgrade'
2026-03-25 21:55:29,413 - app - INFO - [DB] DATABASE_URL configurada: postgresql+psycopg2://postgres:***@crossover.proxy.rlwy.net:16693/railway?sslmode=require
2026-03-25 21:55:29,466 - app - INFO - [DB] Conexion activa: postgresql+psycopg2://postgres:***@crossover.proxy.rlwy.net:16693/railway?sslmode=require
2026-03-25 21:55:29,466 - app - INFO - [DB] Dialecto activo: postgresql
2026-03-25 21:55:29,466 - app - INFO - [DB] AUTO_CREATE_TABLES deshabilitado; usa migraciones controladas con 'flask db upgrade'
2026-03-25 21:57:38,403 - app - INFO - [DB] DATABASE_URL configurada: postgresql+psycopg2://postgres:***@crossover.proxy.rlwy.net:16693/railway?sslmode=require
2026-03-25 21:57:38,507 - app - INFO - [DB] Conexion activa: postgresql+psycopg2://postgres:***@crossover.proxy.rlwy.net:16693/railway?sslmode=require
2026-03-25 21:57:38,507 - app - INFO - [DB] Dialecto activo: postgresql
2026-03-25 21:57:38,507 - app - INFO - [DB] AUTO_CREATE_TABLES deshabilitado; usa migraciones controladas con 'flask db upgrade'
2026-03-25 21:59:49,875 - app - INFO - [DB] DATABASE_URL configurada: postgresql+psycopg2://postgres:***@crossover.proxy.rlwy.net:16693/railway?sslmode=require
2026-03-25 21:59:50,007 - app - INFO - [DB] Conexion activa: postgresql+psycopg2://postgres:***@crossover.proxy.rlwy.net:16693/railway?sslmode=require
2026-03-25 21:59:50,007 - app - INFO - [DB] Dialecto activo: postgresql
2026-03-25 21:59:50,010 - app - INFO - [DB] AUTO_CREATE_TABLES deshabilitado; usa migraciones controladas con 'flask db upgrade'
2026-03-25 22:27:15,917 - app - INFO - [DB] DATABASE_URL configurada: (sin DATABASE_URL)
2026-03-25 22:27:15,991 - app - INFO - [DB] Conexion activa: sqlite:///C:\python\PREVENT\instance\prevent.db
2026-03-25 22:27:15,991 - app - INFO - [DB] Dialecto activo: sqlite
2026-03-25 22:27:15,991 - app - INFO - [DB] AUTO_CREATE_TABLES deshabilitado; usa migraciones controladas con 'flask db upgrade'
2026-03-25 22:30:27,413 - app - INFO - [DB] DATABASE_URL configurada: (sin DATABASE_URL)
2026-03-25 22:30:27,489 - app - INFO - [DB] Conexion activa: sqlite:///C:\python\PREVENT\instance\prevent.db
2026-03-25 22:30:27,489 - app - INFO - [DB] Dialecto activo: sqlite
2026-03-25 22:30:27,489 - app - INFO - [DB] AUTO_CREATE_TABLES deshabilitado; usa migraciones controladas con 'flask db upgrade'
2026-03-25 22:30:28,574 - app.routes.auth - INFO - Usuario logueado: admin
2026-03-25 22:41:29,438 - app - INFO - [DB] DATABASE_URL configurada: (sin DATABASE_URL)
2026-03-25 22:41:29,508 - app - INFO - [DB] Conexion activa: sqlite:///C:\python\PREVENT\instance\prevent.db
2026-03-25 22:41:29,508 - app - INFO - [DB] Dialecto activo: sqlite
2026-03-25 22:41:29,508 - app - INFO - [DB] AUTO_CREATE_TABLES deshabilitado; usa migraciones controladas con 'flask db upgrade'
2026-03-25 22:41:30,482 - app.routes.auth - INFO - Usuario logueado: admin
2026-03-25 22:51:12,899 - app - INFO - [DB] DATABASE_URL configurada: (sin DATABASE_URL)
2026-03-25 22:51:12,976 - app - INFO - [DB] Conexion activa: sqlite:///C:\python\PREVENT\instance\prevent.db
2026-03-25 22:51:12,976 - app - INFO - [DB] Dialecto activo: sqlite
2026-03-25 22:51:12,976 - app - INFO - [DB] AUTO_CREATE_TABLES deshabilitado; usa migraciones controladas con 'flask db upgrade'
2026-03-25 22:51:13,871 - app.routes.auth - INFO - Usuario logueado: admin
2026-03-25 23:17:02,361 - app - INFO - [DB] DATABASE_URL configurada: (sin DATABASE_URL)
2026-03-25 23:17:02,382 - app - INFO - [DB] DATABASE_URL configurada: (sin DATABASE_URL)
2026-03-25 23:17:02,453 - app - INFO - [DB] Conexion activa: sqlite:///C:\python\PREVENT\instance\prevent.db
2026-03-25 23:17:02,453 - app - INFO - [DB] Dialecto activo: sqlite
2026-03-25 23:17:02,453 - app - INFO - [DB] AUTO_CREATE_TABLES deshabilitado; usa migraciones controladas con 'flask db upgrade'
2026-03-25 23:17:02,465 - app - INFO - [DB] Conexion activa: sqlite:///C:\python\PREVENT\instance\prevent.db
2026-03-25 23:17:02,465 - app - INFO - [DB] Dialecto activo: sqlite
2026-03-25 23:17:02,465 - app - INFO - [DB] AUTO_CREATE_TABLES deshabilitado; usa migraciones controladas con 'flask db upgrade'
2026-03-25 23:17:02,763 - app.routes.nomina - INFO - Quincena liquidada: 3/2026 - 1
2026-03-25 23:17:34,925 - app - INFO - [DB] DATABASE_URL configurada: (sin DATABASE_URL)
2026-03-25 23:17:34,999 - app - INFO - [DB] Conexion activa: sqlite:///C:\python\PREVENT\instance\prevent.db
2026-03-25 23:17:34,999 - app - INFO - [DB] Dialecto activo: sqlite
2026-03-25 23:17:34,999 - app - INFO - [DB] AUTO_CREATE_TABLES deshabilitado; usa migraciones controladas con 'flask db upgrade'
2026-03-25 23:41:10,783 - app - INFO - [DB] DATABASE_URL configurada: (sin DATABASE_URL)
2026-03-25 23:41:10,868 - app - INFO - [DB] Conexion activa: sqlite:///C:\python\PREVENT\instance\prevent.db
2026-03-25 23:41:10,868 - app - INFO - [DB] Dialecto activo: sqlite
2026-03-25 23:41:10,868 - app - INFO - [DB] AUTO_CREATE_TABLES deshabilitado; usa migraciones controladas con 'flask db upgrade'
2026-03-25 23:45:34,657 - app - INFO - [DB] DATABASE_URL configurada: (sin DATABASE_URL)
2026-03-25 23:45:34,724 - app - INFO - [DB] Conexion activa: sqlite:///C:\python\PREVENT\instance\prevent.db
2026-03-25 23:45:34,724 - app - INFO - [DB] Dialecto activo: sqlite
2026-03-25 23:45:34,724 - app - INFO - [DB] AUTO_CREATE_TABLES deshabilitado; usa migraciones controladas con 'flask db upgrade'
2026-03-25 23:57:04,342 - app - INFO - [DB] DATABASE_URL configurada: (sin DATABASE_URL)
2026-03-25 23:57:04,478 - app - INFO - [DB] Conexion activa: sqlite:///C:\python\PREVENT\instance\prevent.db
2026-03-25 23:57:04,478 - app - INFO - [DB] Dialecto activo: sqlite
2026-03-25 23:57:04,478 - app - INFO - [DB] AUTO_CREATE_TABLES deshabilitado; usa migraciones controladas con 'flask db upgrade'
2026-03-26 00:19:32,911 - app - INFO - [DB] DATABASE_URL configurada: (sin DATABASE_URL)
2026-03-26 00:19:33,035 - app - INFO - [DB] Conexion activa: sqlite:///C:\python\PREVENT\instance\prevent.db
2026-03-26 00:19:33,035 - app - INFO - [DB] Dialecto activo: sqlite
2026-03-26 00:19:33,035 - app - INFO - [DB] AUTO_CREATE_TABLES deshabilitado; usa migraciones controladas con 'flask db upgrade'
2026-03-26 00:45:52,181 - app - INFO - [DB] DATABASE_URL configurada: (sin DATABASE_URL)
2026-03-26 00:45:52,269 - app - INFO - [DB] Conexion activa: sqlite:///C:\python\PREVENT\instance\prevent.db
2026-03-26 00:45:52,269 - app - INFO - [DB] Dialecto activo: sqlite
2026-03-26 00:45:52,345 - app - INFO - [OK] Tablas de base de datos creadas/verificadas
2026-03-26 00:45:52,470 - app - INFO - [DB] Usuario administrador 'admin' ya existe
2026-03-26 14:04:51,028 - app - INFO - [DB] DATABASE_URL configurada: (sin DATABASE_URL)
2026-03-26 14:04:51,028 - app - INFO - [DB] DATABASE_URL configurada: (sin DATABASE_URL)
2026-03-26 14:04:51,090 - app - INFO - [DB] Conexion activa: sqlite:///C:\python\PREVENT\instance\prevent.db
2026-03-26 14:04:51,090 - app - INFO - [DB] Dialecto activo: sqlite
2026-03-26 14:04:51,106 - app - INFO - [DB] Conexion activa: sqlite:///C:\python\PREVENT\instance\prevent.db
2026-03-26 14:04:51,106 - app - INFO - [DB] Dialecto activo: sqlite
2026-03-26 14:04:51,106 - app - INFO - [OK] Tablas de base de datos creadas/verificadas
2026-03-26 14:04:51,124 - app - INFO - [OK] Tablas de base de datos creadas/verificadas
2026-03-26 14:04:51,251 - app - INFO - [DB] Usuario administrador 'admin' ya existe
2026-03-26 14:04:51,262 - app - INFO - [DB] Usuario administrador 'admin' ya existe
2026-03-26 14:07:43,197 - app - INFO - [DB] DATABASE_URL configurada: (sin DATABASE_URL)
2026-03-26 14:07:43,267 - app - INFO - [DB] Conexion activa: sqlite:///C:\python\PREVENT\instance\prevent.db
2026-03-26 14:07:43,267 - app - INFO - [DB] Dialecto activo: sqlite
2026-03-26 14:07:43,279 - app - INFO - [OK] Tablas de base de datos creadas/verificadas
2026-03-26 14:07:43,401 - app - INFO - [DB] Usuario administrador 'admin' ya existe
2026-03-26 15:16:12,317 - app - INFO - [DB] DATABASE_URL configurada: (sin DATABASE_URL)
2026-03-26 15:16:12,379 - app - INFO - [DB] Conexion activa: sqlite:///C:\python\PREVENT\instance\prevent.db
2026-03-26 15:16:12,379 - app - INFO - [DB] Dialecto activo: sqlite
2026-03-26 15:16:12,391 - app - INFO - [OK] Tablas de base de datos creadas/verificadas
2026-03-26 15:16:12,505 - app - INFO - [DB] Usuario administrador 'admin' ya existe
2026-04-15 19:53:32,526 - app - INFO - [DB] DATABASE_URL configurada: (sin DATABASE_URL)
2026-04-15 19:53:32,578 - app - INFO - [DB] Conexion activa: sqlite:///C:\python\PREVENT\instance\prevent.db
2026-04-15 19:53:32,578 - app - INFO - [DB] Dialecto activo: sqlite
2026-04-15 19:53:32,594 - app - INFO - [OK] Tablas de base de datos creadas/verificadas
2026-04-15 19:53:32,653 - app - INFO - [DB] Usuario administrador 'admin' ya existe
2026-04-15 19:57:12,732 - app - INFO - [DB] DATABASE_URL configurada: (sin DATABASE_URL)
2026-04-15 19:57:12,832 - app - INFO - [DB] Conexion activa: sqlite:///C:\python\PREVENT\instance\prevent.db
2026-04-15 19:57:12,832 - app - INFO - [DB] Dialecto activo: sqlite
2026-04-15 19:57:12,832 - app - INFO - [DB] AUTO_CREATE_TABLES deshabilitado; usa migraciones controladas con 'flask db upgrade'
2026-04-15 19:57:12,870 - werkzeug - INFO - [31m[1mWARNING: This is a development server. Do not use it in a production deployment. Use a production WSGI server instead.[0m
 * Running on all addresses (0.0.0.0)
 * Running on http://127.0.0.1:8080
 * Running on http://192.168.0.6:8080
2026-04-15 19:57:12,870 - werkzeug - INFO - [33mPress CTRL+C to quit[0m
2026-04-15 19:57:19,855 - werkzeug - INFO - 192.168.0.6 - - [15/Apr/2026 19:57:19] "GET / HTTP/1.1" 200 -
2026-04-15 19:57:19,882 - werkzeug - INFO - 192.168.0.6 - - [15/Apr/2026 19:57:19] "GET /static/css/styles.css?v=1774557786 HTTP/1.1" 200 -
2026-04-15 19:57:19,884 - werkzeug - INFO - 192.168.0.6 - - [15/Apr/2026 19:57:19] "GET /static/js/main.js?v=1770570564 HTTP/1.1" 200 -
2026-04-15 19:57:19,967 - werkzeug - INFO - 192.168.0.6 - - [15/Apr/2026 19:57:19] "[33mGET /favicon.ico HTTP/1.1[0m" 404 -
2026-04-15 19:57:44,107 - app.routes.auth - WARNING - Intento de login fallido para usuario inexistente: Admin
2026-04-15 19:57:44,107 - werkzeug - INFO - 192.168.0.6 - - [15/Apr/2026 19:57:44] "[31m[1mPOST /api/auth/login HTTP/1.1[0m" 401 -
2026-04-15 19:57:47,481 - app.routes.auth - WARNING - Intento de login fallido para usuario inexistente: Admin
2026-04-15 19:57:47,481 - werkzeug - INFO - 192.168.0.6 - - [15/Apr/2026 19:57:47] "[31m[1mPOST /api/auth/login HTTP/1.1[0m" 401 -
2026-04-15 20:10:35,825 - app.routes.auth - INFO - Usuario logueado: admin
2026-04-15 20:10:35,841 - werkzeug - INFO - 192.168.0.6 - - [15/Apr/2026 20:10:35] "POST /api/auth/login HTTP/1.1" 200 -
2026-04-15 20:10:35,916 - werkzeug - INFO - 192.168.0.6 - - [15/Apr/2026 20:10:35] "GET /dashboard HTTP/1.1" 200 -
2026-04-15 20:10:35,958 - werkzeug - INFO - 192.168.0.6 - - [15/Apr/2026 20:10:35] "GET /static/js/dashboard.js?v=1776300745 HTTP/1.1" 200 -
2026-04-15 20:10:35,959 - werkzeug - INFO - 192.168.0.6 - - [15/Apr/2026 20:10:35] "GET /static/js/servicios.js?v=1774564771 HTTP/1.1" 200 -
2026-04-15 20:10:35,960 - werkzeug - INFO - 192.168.0.6 - - [15/Apr/2026 20:10:35] "[36mGET /static/css/styles.css?v=1774557786 HTTP/1.1[0m" 304 -
2026-04-15 20:10:35,961 - werkzeug - INFO - 192.168.0.6 - - [15/Apr/2026 20:10:35] "[36mGET /static/js/main.js?v=1770570564 HTTP/1.1[0m" 304 -
2026-04-15 20:10:35,962 - werkzeug - INFO - 192.168.0.6 - - [15/Apr/2026 20:10:35] "GET /static/js/prestamos.js?v=1774564771 HTTP/1.1" 200 -
2026-04-15 20:10:36,049 - werkzeug - INFO - 192.168.0.6 - - [15/Apr/2026 20:10:36] "[32mGET /api/dashboard/bancos?anio=2026&referencia_mes=4&referencia_anio=2026 HTTP/1.1[0m" 302 -
2026-04-15 20:10:36,051 - werkzeug - INFO - 192.168.0.6 - - [15/Apr/2026 20:10:36] "[32mGET /api/servicios/list HTTP/1.1[0m" 302 -
2026-04-15 20:10:36,056 - werkzeug - INFO - 192.168.0.6 - - [15/Apr/2026 20:10:36] "[32mGET /api/servicios/periodo-actual HTTP/1.1[0m" 302 -
2026-04-15 20:10:36,060 - werkzeug - INFO - 192.168.0.6 - - [15/Apr/2026 20:10:36] "[32mGET /api/bancos/prestamos?activos=true HTTP/1.1[0m" 302 -
2026-04-15 20:10:36,110 - werkzeug - INFO - 192.168.0.6 - - [15/Apr/2026 20:10:36] "[31m[1mGET /api/auth/login?next=/api/dashboard/bancos?anio%3D2026%26referencia_mes%3D4%26referencia_anio%3D2026 HTTP/1.1[0m" 405 -
2026-04-15 20:10:36,114 - werkzeug - INFO - 192.168.0.6 - - [15/Apr/2026 20:10:36] "[31m[1mGET /api/auth/login?next=/api/servicios/list HTTP/1.1[0m" 405 -
2026-04-15 20:10:36,115 - werkzeug - INFO - 192.168.0.6 - - [15/Apr/2026 20:10:36] "[31m[1mGET /api/auth/login?next=/api/servicios/periodo-actual HTTP/1.1[0m" 405 -
2026-04-15 20:10:36,122 - werkzeug - INFO - 192.168.0.6 - - [15/Apr/2026 20:10:36] "[31m[1mGET /api/auth/login?next=/api/bancos/prestamos?activos%3Dtrue HTTP/1.1[0m" 405 -
2026-04-15 20:10:36,136 - werkzeug - INFO - 192.168.0.6 - - [15/Apr/2026 20:10:36] "[32mGET /api/dashboard/servicios?anio=2026&referencia_mes=4&referencia_anio=2026 HTTP/1.1[0m" 302 -
2026-04-15 20:10:36,144 - werkzeug - INFO - 192.168.0.6 - - [15/Apr/2026 20:10:36] "[31m[1mGET /api/auth/login?next=/api/dashboard/servicios?anio%3D2026%26referencia_mes%3D4%26referencia_anio%3D2026 HTTP/1.1[0m" 405 -
2026-04-15 20:10:46,652 - werkzeug - INFO - 192.168.0.6 - - [15/Apr/2026 20:10:46] "[32mGET /api/dashboard/comercial HTTP/1.1[0m" 302 -
2026-04-15 20:10:46,655 - werkzeug - INFO - 192.168.0.6 - - [15/Apr/2026 20:10:46] "[32mGET /api/comercial/vendedores HTTP/1.1[0m" 302 -
2026-04-15 20:10:46,658 - werkzeug - INFO - 192.168.0.6 - - [15/Apr/2026 20:10:46] "[32mGET /api/dashboard/comercial HTTP/1.1[0m" 302 -
2026-04-15 20:10:46,665 - werkzeug - INFO - 192.168.0.6 - - [15/Apr/2026 20:10:46] "[32mGET /api/comercial/vendedores HTTP/1.1[0m" 302 -
2026-04-15 20:10:46,688 - werkzeug - INFO - 192.168.0.6 - - [15/Apr/2026 20:10:46] "[31m[1mGET /api/auth/login?next=/api/dashboard/comercial HTTP/1.1[0m" 405 -
2026-04-15 20:10:46,689 - werkzeug - INFO - 192.168.0.6 - - [15/Apr/2026 20:10:46] "[31m[1mGET /api/auth/login?next=/api/comercial/vendedores HTTP/1.1[0m" 405 -
2026-04-15 20:10:46,695 - werkzeug - INFO - 192.168.0.6 - - [15/Apr/2026 20:10:46] "[31m[1mGET /api/auth/login?next=/api/dashboard/comercial HTTP/1.1[0m" 405 -
2026-04-15 20:10:46,699 - werkzeug - INFO - 192.168.0.6 - - [15/Apr/2026 20:10:46] "[31m[1mGET /api/auth/login?next=/api/comercial/vendedores HTTP/1.1[0m" 405 -
2026-04-15 20:10:50,951 - werkzeug - INFO - 192.168.0.6 - - [15/Apr/2026 20:10:50] "[32mGET /api/dashboard/comercial HTTP/1.1[0m" 302 -
2026-04-15 20:10:50,952 - werkzeug - INFO - 192.168.0.6 - - [15/Apr/2026 20:10:50] "[32mGET /api/comercial/vendedores HTTP/1.1[0m" 302 -
2026-04-15 20:10:50,959 - werkzeug - INFO - 192.168.0.6 - - [15/Apr/2026 20:10:50] "[32mGET /api/dashboard/comercial HTTP/1.1[0m" 302 -
2026-04-15 20:10:50,964 - werkzeug - INFO - 192.168.0.6 - - [15/Apr/2026 20:10:50] "[32mGET /api/comercial/vendedores HTTP/1.1[0m" 302 -
2026-04-15 20:10:50,966 - werkzeug - INFO - 192.168.0.6 - - [15/Apr/2026 20:10:50] "[31m[1mGET /api/auth/login?next=/api/dashboard/comercial HTTP/1.1[0m" 405 -
2026-04-15 20:10:50,970 - werkzeug - INFO - 192.168.0.6 - - [15/Apr/2026 20:10:50] "[31m[1mGET /api/auth/login?next=/api/comercial/vendedores HTTP/1.1[0m" 405 -
2026-04-15 20:10:50,973 - werkzeug - INFO - 192.168.0.6 - - [15/Apr/2026 20:10:50] "[31m[1mGET /api/auth/login?next=/api/dashboard/comercial HTTP/1.1[0m" 405 -
2026-04-15 20:10:50,977 - werkzeug - INFO - 192.168.0.6 - - [15/Apr/2026 20:10:50] "[31m[1mGET /api/auth/login?next=/api/comercial/vendedores HTTP/1.1[0m" 405 -
2026-04-15 20:11:02,122 - werkzeug - INFO - 192.168.0.6 - - [15/Apr/2026 20:11:02] "[32mGET /api/dashboard/comercial HTTP/1.1[0m" 302 -
2026-04-15 20:11:02,124 - werkzeug - INFO - 192.168.0.6 - - [15/Apr/2026 20:11:02] "[32mGET /api/comercial/vendedores HTTP/1.1[0m" 302 -
2026-04-15 20:11:02,130 - werkzeug - INFO - 192.168.0.6 - - [15/Apr/2026 20:11:02] "[32mGET /api/dashboard/comercial HTTP/1.1[0m" 302 -
2026-04-15 20:11:02,132 - werkzeug - INFO - 192.168.0.6 - - [15/Apr/2026 20:11:02] "[32mGET /api/comercial/vendedores HTTP/1.1[0m" 302 -
2026-04-15 20:11:02,135 - werkzeug - INFO - 192.168.0.6 - - [15/Apr/2026 20:11:02] "[31m[1mGET /api/auth/login?next=/api/dashboard/comercial HTTP/1.1[0m" 405 -
2026-04-15 20:11:02,139 - werkzeug - INFO - 192.168.0.6 - - [15/Apr/2026 20:11:02] "[31m[1mGET /api/auth/login?next=/api/comercial/vendedores HTTP/1.1[0m" 405 -
2026-04-15 20:11:02,142 - werkzeug - INFO - 192.168.0.6 - - [15/Apr/2026 20:11:02] "[31m[1mGET /api/auth/login?next=/api/dashboard/comercial HTTP/1.1[0m" 405 -
2026-04-15 20:11:02,147 - werkzeug - INFO - 192.168.0.6 - - [15/Apr/2026 20:11:02] "[31m[1mGET /api/auth/login?next=/api/comercial/vendedores HTTP/1.1[0m" 405 -
2026-04-15 20:11:11,079 - werkzeug - INFO - 192.168.0.6 - - [15/Apr/2026 20:11:11] "[32mGET /api/comercial/vendedores HTTP/1.1[0m" 302 -
2026-04-15 20:11:11,083 - werkzeug - INFO - 192.168.0.6 - - [15/Apr/2026 20:11:11] "[32mGET /api/dashboard/comercial HTTP/1.1[0m" 302 -
2026-04-15 20:11:11,089 - werkzeug - INFO - 192.168.0.6 - - [15/Apr/2026 20:11:11] "[31m[1mGET /api/auth/login?next=/api/comercial/vendedores HTTP/1.1[0m" 405 -
2026-04-15 20:11:11,092 - werkzeug - INFO - 192.168.0.6 - - [15/Apr/2026 20:11:11] "[31m[1mGET /api/auth/login?next=/api/dashboard/comercial HTTP/1.1[0m" 405 -
2026-04-21 11:21:24,659 - app - INFO - [DB] DATABASE_URL configurada: (sin DATABASE_URL)
2026-04-21 11:21:24,783 - app - INFO - [DB] Conexion activa: sqlite:///C:\python\PREVENT\instance\prevent.db
2026-04-21 11:21:24,784 - app - INFO - [DB] Dialecto activo: sqlite
2026-04-21 11:21:24,784 - app - INFO - [DB] AUTO_CREATE_TABLES deshabilitado; usa migraciones controladas con 'flask db upgrade'
2026-04-21 11:21:24,819 - werkzeug - INFO - [31m[1mWARNING: This is a development server. Do not use it in a production deployment. Use a production WSGI server instead.[0m
 * Running on all addresses (0.0.0.0)
 * Running on http://127.0.0.1:8080
 * Running on http://192.168.0.3:8080
2026-04-21 11:21:24,819 - werkzeug - INFO - [33mPress CTRL+C to quit[0m
2026-04-21 11:21:50,183 - werkzeug - INFO - 192.168.0.3 - - [21/Apr/2026 11:21:50] "GET / HTTP/1.1" 200 -
2026-04-21 11:21:50,225 - werkzeug - INFO - 192.168.0.3 - - [21/Apr/2026 11:21:50] "GET /static/css/styles.css?v=1774557786 HTTP/1.1" 200 -
2026-04-21 11:21:50,232 - werkzeug - INFO - 192.168.0.3 - - [21/Apr/2026 11:21:50] "GET /static/js/main.js?v=1770570564 HTTP/1.1" 200 -
2026-04-21 11:21:50,368 - werkzeug - INFO - 192.168.0.3 - - [21/Apr/2026 11:21:50] "[33mGET /favicon.ico HTTP/1.1[0m" 404 -
2026-04-21 11:22:03,667 - app.routes.auth - INFO - Usuario logueado: admin
2026-04-21 11:22:03,683 - werkzeug - INFO - 192.168.0.3 - - [21/Apr/2026 11:22:03] "POST /api/auth/login HTTP/1.1" 200 -
2026-04-21 11:22:03,795 - werkzeug - INFO - 192.168.0.3 - - [21/Apr/2026 11:22:03] "GET /dashboard HTTP/1.1" 200 -
2026-04-21 11:22:03,844 - werkzeug - INFO - 192.168.0.3 - - [21/Apr/2026 11:22:03] "[36mGET /static/css/styles.css?v=1774557786 HTTP/1.1[0m" 304 -
2026-04-21 11:22:03,867 - werkzeug - INFO - 192.168.0.3 - - [21/Apr/2026 11:22:03] "GET /static/js/servicios.js?v=1774564771 HTTP/1.1" 200 -
2026-04-21 11:22:03,867 - werkzeug - INFO - 192.168.0.3 - - [21/Apr/2026 11:22:03] "GET /static/js/dashboard.js?v=1776788427 HTTP/1.1" 200 -
2026-04-21 11:22:03,867 - werkzeug - INFO - 192.168.0.3 - - [21/Apr/2026 11:22:03] "GET /static/js/prestamos.js?v=1774564771 HTTP/1.1" 200 -
2026-04-21 11:22:03,881 - werkzeug - INFO - 192.168.0.3 - - [21/Apr/2026 11:22:03] "[36mGET /static/js/main.js?v=1770570564 HTTP/1.1[0m" 304 -
2026-04-21 11:22:04,055 - werkzeug - INFO - 192.168.0.3 - - [21/Apr/2026 11:22:04] "[32mGET /api/dashboard/bancos?anio=2026&referencia_mes=4&referencia_anio=2026 HTTP/1.1[0m" 302 -
2026-04-21 11:22:04,055 - werkzeug - INFO - 192.168.0.3 - - [21/Apr/2026 11:22:04] "[32mGET /api/servicios/list HTTP/1.1[0m" 302 -
2026-04-21 11:22:04,063 - werkzeug - INFO - 192.168.0.3 - - [21/Apr/2026 11:22:04] "[32mGET /api/servicios/periodo-actual HTTP/1.1[0m" 302 -
2026-04-21 11:22:04,082 - werkzeug - INFO - 192.168.0.3 - - [21/Apr/2026 11:22:04] "[32mGET /api/bancos/prestamos?activos=true HTTP/1.1[0m" 302 -
2026-04-21 11:22:04,168 - werkzeug - INFO - 192.168.0.3 - - [21/Apr/2026 11:22:04] "[31m[1mGET /api/auth/login?next=/api/dashboard/bancos?anio%3D2026%26referencia_mes%3D4%26referencia_anio%3D2026 HTTP/1.1[0m" 405 -
2026-04-21 11:22:04,172 - werkzeug - INFO - 192.168.0.3 - - [21/Apr/2026 11:22:04] "[31m[1mGET /api/auth/login?next=/api/servicios/list HTTP/1.1[0m" 405 -
2026-04-21 11:22:04,176 - werkzeug - INFO - 192.168.0.3 - - [21/Apr/2026 11:22:04] "[31m[1mGET /api/auth/login?next=/api/servicios/periodo-actual HTTP/1.1[0m" 405 -
2026-04-21 11:22:04,184 - werkzeug - INFO - 192.168.0.3 - - [21/Apr/2026 11:22:04] "[31m[1mGET /api/auth/login?next=/api/bancos/prestamos?activos%3Dtrue HTTP/1.1[0m" 405 -
2026-04-21 11:22:04,213 - werkzeug - INFO - 192.168.0.3 - - [21/Apr/2026 11:22:04] "[32mGET /api/dashboard/servicios?anio=2026&referencia_mes=4&referencia_anio=2026 HTTP/1.1[0m" 302 -
2026-04-21 11:22:04,226 - werkzeug - INFO - 192.168.0.3 - - [21/Apr/2026 11:22:04] "[31m[1mGET /api/auth/login?next=/api/dashboard/servicios?anio%3D2026%26referencia_mes%3D4%26referencia_anio%3D2026 HTTP/1.1[0m" 405 -
2026-04-21 11:22:15,429 - werkzeug - INFO - 192.168.0.3 - - [21/Apr/2026 11:22:15] "[32mGET /api/dashboard/comercial HTTP/1.1[0m" 302 -
2026-04-21 11:22:15,431 - werkzeug - INFO - 192.168.0.3 - - [21/Apr/2026 11:22:15] "[32mGET /api/comercial/vendedores HTTP/1.1[0m" 302 -
2026-04-21 11:22:15,437 - werkzeug - INFO - 192.168.0.3 - - [21/Apr/2026 11:22:15] "[32mGET /api/dashboard/comercial HTTP/1.1[0m" 302 -
2026-04-21 11:22:15,446 - werkzeug - INFO - 192.168.0.3 - - [21/Apr/2026 11:22:15] "[32mGET /api/comercial/vendedores HTTP/1.1[0m" 302 -
2026-04-21 11:22:15,501 - werkzeug - INFO - 192.168.0.3 - - [21/Apr/2026 11:22:15] "[31m[1mGET /api/auth/login?next=/api/dashboard/comercial HTTP/1.1[0m" 405 -
2026-04-21 11:22:15,507 - werkzeug - INFO - 192.168.0.3 - - [21/Apr/2026 11:22:15] "[31m[1mGET /api/auth/login?next=/api/comercial/vendedores HTTP/1.1[0m" 405 -
2026-04-21 11:22:15,516 - werkzeug - INFO - 192.168.0.3 - - [21/Apr/2026 11:22:15] "[31m[1mGET /api/auth/login?next=/api/dashboard/comercial HTTP/1.1[0m" 405 -
2026-04-21 11:22:15,540 - werkzeug - INFO - 192.168.0.3 - - [21/Apr/2026 11:22:15] "[31m[1mGET /api/auth/login?next=/api/comercial/vendedores HTTP/1.1[0m" 405 -
2026-04-21 11:22:40,135 - werkzeug - INFO - 192.168.0.3 - - [21/Apr/2026 11:22:40] "[32mGET /api/dashboard/comercial HTTP/1.1[0m" 302 -
2026-04-21 11:22:40,137 - werkzeug - INFO - 192.168.0.3 - - [21/Apr/2026 11:22:40] "[32mGET /api/comercial/vendedores HTTP/1.1[0m" 302 -
2026-04-21 11:22:40,141 - werkzeug - INFO - 192.168.0.3 - - [21/Apr/2026 11:22:40] "[31m[1mGET /api/auth/login?next=/api/dashboard/comercial HTTP/1.1[0m" 405 -
2026-04-21 11:22:40,148 - werkzeug - INFO - 192.168.0.3 - - [21/Apr/2026 11:22:40] "[31m[1mGET /api/auth/login?next=/api/comercial/vendedores HTTP/1.1[0m" 405 -
2026-04-21 11:41:29,267 - app - INFO - [DB] DATABASE_URL configurada: (sin DATABASE_URL)
2026-04-21 11:41:29,363 - app - INFO - [DB] Conexion activa: sqlite:///C:\python\PREVENT\instance\prevent.db
2026-04-21 11:41:29,363 - app - INFO - [DB] Dialecto activo: sqlite
2026-04-21 11:41:29,363 - app - INFO - [DB] AUTO_CREATE_TABLES deshabilitado; usa migraciones controladas con 'flask db upgrade'
2026-04-21 11:42:31,265 - app - INFO - [DB] DATABASE_URL configurada: (sin DATABASE_URL)
2026-04-21 11:42:31,350 - app - INFO - [DB] Conexion activa: sqlite:///C:\python\PREVENT\instance\prevent.db
2026-04-21 11:42:31,350 - app - INFO - [DB] Dialecto activo: sqlite
2026-04-21 11:42:31,350 - app - INFO - [DB] AUTO_CREATE_TABLES deshabilitado; usa migraciones controladas con 'flask db upgrade'
2026-04-21 11:42:37,833 - app - INFO - [DB] DATABASE_URL configurada: (sin DATABASE_URL)
2026-04-21 11:42:37,904 - app - INFO - [DB] Conexion activa: sqlite:///C:\python\PREVENT\instance\prevent.db
2026-04-21 11:42:37,904 - app - INFO - [DB] Dialecto activo: sqlite
2026-04-21 11:42:37,904 - app - INFO - [DB] AUTO_CREATE_TABLES deshabilitado; usa migraciones controladas con 'flask db upgrade'
2026-04-21 11:46:24,139 - app - INFO - [DB] DATABASE_URL configurada: (sin DATABASE_URL)
2026-04-21 11:46:24,221 - app - INFO - [DB] Conexion activa: sqlite:///C:\python\PREVENT\instance\prevent.db
2026-04-21 11:46:24,221 - app - INFO - [DB] Dialecto activo: sqlite
2026-04-21 11:46:24,221 - app - INFO - [DB] AUTO_CREATE_TABLES deshabilitado; usa migraciones controladas con 'flask db upgrade'
2026-04-21 11:46:24,245 - werkzeug - INFO - [31m[1mWARNING: This is a development server. Do not use it in a production deployment. Use a production WSGI server instead.[0m
 * Running on all addresses (0.0.0.0)
 * Running on http://127.0.0.1:8080
 * Running on http://192.168.0.3:8080
2026-04-21 11:46:24,245 - werkzeug - INFO - [33mPress CTRL+C to quit[0m
2026-04-21 11:46:27,561 - werkzeug - INFO - 192.168.0.3 - - [21/Apr/2026 11:46:27] "GET / HTTP/1.1" 200 -
2026-04-21 11:46:27,610 - werkzeug - INFO - 192.168.0.3 - - [21/Apr/2026 11:46:27] "[36mGET /static/css/styles.css?v=1774557786 HTTP/1.1[0m" 304 -
2026-04-21 11:46:27,614 - werkzeug - INFO - 192.168.0.3 - - [21/Apr/2026 11:46:27] "[36mGET /static/js/main.js?v=1770570564 HTTP/1.1[0m" 304 -
2026-04-21 11:46:33,168 - app.routes.auth - INFO - Usuario logueado: admin
2026-04-21 11:46:33,168 - werkzeug - INFO - 192.168.0.3 - - [21/Apr/2026 11:46:33] "POST /api/auth/login HTTP/1.1" 200 -
2026-04-21 11:46:33,321 - werkzeug - INFO - 192.168.0.3 - - [21/Apr/2026 11:46:33] "GET /dashboard HTTP/1.1" 200 -
2026-04-21 11:46:33,365 - werkzeug - INFO - 192.168.0.3 - - [21/Apr/2026 11:46:33] "[36mGET /static/css/styles.css?v=1774557786 HTTP/1.1[0m" 304 -
2026-04-21 11:46:33,370 - werkzeug - INFO - 192.168.0.3 - - [21/Apr/2026 11:46:33] "GET /static/js/dashboard.js?v=1776789569 HTTP/1.1" 200 -
2026-04-21 11:46:33,372 - werkzeug - INFO - 192.168.0.3 - - [21/Apr/2026 11:46:33] "[36mGET /static/js/servicios.js?v=1774564771 HTTP/1.1[0m" 304 -
2026-04-21 11:46:33,384 - werkzeug - INFO - 192.168.0.3 - - [21/Apr/2026 11:46:33] "[36mGET /static/js/prestamos.js?v=1774564771 HTTP/1.1[0m" 304 -
2026-04-21 11:46:33,384 - werkzeug - INFO - 192.168.0.3 - - [21/Apr/2026 11:46:33] "[36mGET /static/js/main.js?v=1770570564 HTTP/1.1[0m" 304 -
2026-04-21 11:46:33,488 - werkzeug - INFO - 192.168.0.3 - - [21/Apr/2026 11:46:33] "[32mGET /api/dashboard/bancos?anio=2026&referencia_mes=4&referencia_anio=2026 HTTP/1.1[0m" 302 -
2026-04-21 11:46:33,493 - werkzeug - INFO - 192.168.0.3 - - [21/Apr/2026 11:46:33] "[32mGET /api/servicios/list HTTP/1.1[0m" 302 -
2026-04-21 11:46:33,498 - werkzeug - INFO - 192.168.0.3 - - [21/Apr/2026 11:46:33] "[32mGET /api/dashboard/servicios?anio=2026&referencia_mes=4&referencia_anio=2026 HTTP/1.1[0m" 302 -
2026-04-21 11:46:33,507 - werkzeug - INFO - 192.168.0.3 - - [21/Apr/2026 11:46:33] "[32mGET /api/bancos/prestamos?activos=true HTTP/1.1[0m" 302 -
2026-04-21 11:46:33,534 - werkzeug - INFO - 192.168.0.3 - - [21/Apr/2026 11:46:33] "[31m[1mGET /api/auth/login?next=/api/dashboard/bancos?anio%3D2026%26referencia_mes%3D4%26referencia_anio%3D2026 HTTP/1.1[0m" 405 -
2026-04-21 11:46:33,546 - werkzeug - INFO - 192.168.0.3 - - [21/Apr/2026 11:46:33] "[31m[1mGET /api/auth/login?next=/api/servicios/list HTTP/1.1[0m" 405 -
2026-04-21 11:46:33,549 - werkzeug - INFO - 192.168.0.3 - - [21/Apr/2026 11:46:33] "[31m[1mGET /api/auth/login?next=/api/dashboard/servicios?anio%3D2026%26referencia_mes%3D4%26referencia_anio%3D2026 HTTP/1.1[0m" 405 -
2026-04-21 11:46:33,562 - werkzeug - INFO - 192.168.0.3 - - [21/Apr/2026 11:46:33] "[31m[1mGET /api/auth/login?next=/api/bancos/prestamos?activos%3Dtrue HTTP/1.1[0m" 405 -
2026-04-21 11:46:37,543 - werkzeug - INFO - 192.168.0.3 - - [21/Apr/2026 11:46:37] "[32mGET /api/comercial/clientes HTTP/1.1[0m" 302 -
2026-04-21 11:46:37,545 - werkzeug - INFO - 192.168.0.3 - - [21/Apr/2026 11:46:37] "[32mGET /api/dashboard/comercial HTTP/1.1[0m" 302 -
2026-04-21 11:46:37,552 - werkzeug - INFO - 192.168.0.3 - - [21/Apr/2026 11:46:37] "[32mGET /api/comercial/vendedores HTTP/1.1[0m" 302 -
2026-04-21 11:46:37,559 - werkzeug - INFO - 192.168.0.3 - - [21/Apr/2026 11:46:37] "[32mGET /api/comercial/clientes HTTP/1.1[0m" 302 -
2026-04-21 11:46:37,561 - werkzeug - INFO - 192.168.0.3 - - [21/Apr/2026 11:46:37] "[32mGET /api/dashboard/comercial HTTP/1.1[0m" 302 -
2026-04-21 11:46:37,569 - werkzeug - INFO - 192.168.0.3 - - [21/Apr/2026 11:46:37] "[32mGET /api/comercial/vendedores HTTP/1.1[0m" 302 -
2026-04-21 11:46:37,632 - werkzeug - INFO - 192.168.0.3 - - [21/Apr/2026 11:46:37] "[31m[1mGET /api/auth/login?next=/api/comercial/clientes HTTP/1.1[0m" 405 -
2026-04-21 11:46:37,639 - werkzeug - INFO - 192.168.0.3 - - [21/Apr/2026 11:46:37] "[31m[1mGET /api/auth/login?next=/api/dashboard/comercial HTTP/1.1[0m" 405 -
2026-04-21 11:46:37,643 - werkzeug - INFO - 192.168.0.3 - - [21/Apr/2026 11:46:37] "[31m[1mGET /api/auth/login?next=/api/comercial/vendedores HTTP/1.1[0m" 405 -
2026-04-21 11:46:37,659 - werkzeug - INFO - 192.168.0.3 - - [21/Apr/2026 11:46:37] "[31m[1mGET /api/auth/login?next=/api/comercial/clientes HTTP/1.1[0m" 405 -
2026-04-21 11:46:37,673 - werkzeug - INFO - 192.168.0.3 - - [21/Apr/2026 11:46:37] "[31m[1mGET /api/auth/login?next=/api/dashboard/comercial HTTP/1.1[0m" 405 -
2026-04-21 11:46:37,687 - werkzeug - INFO - 192.168.0.3 - - [21/Apr/2026 11:46:37] "[31m[1mGET /api/auth/login?next=/api/comercial/vendedores HTTP/1.1[0m" 405 -
2026-04-21 11:46:40,568 - werkzeug - INFO - 192.168.0.3 - - [21/Apr/2026 11:46:40] "[32mGET /api/comercial/vendedores HTTP/1.1[0m" 302 -
2026-04-21 11:46:40,585 - werkzeug - INFO - 192.168.0.3 - - [21/Apr/2026 11:46:40] "[31m[1mGET /api/auth/login?next=/api/comercial/vendedores HTTP/1.1[0m" 405 -
2026-04-21 11:47:52,683 - werkzeug - INFO - 192.168.0.3 - - [21/Apr/2026 11:47:52] "[32mGET /api/comercial/vendedores HTTP/1.1[0m" 302 -
2026-04-21 11:47:52,686 - werkzeug - INFO - 192.168.0.3 - - [21/Apr/2026 11:47:52] "[31m[1mGET /api/auth/login?next=/api/comercial/vendedores HTTP/1.1[0m" 405 -
2026-04-21 11:56:42,425 - app - INFO - [DB] DATABASE_URL configurada: (sin DATABASE_URL)
2026-04-21 11:56:42,523 - app - INFO - [DB] Conexion activa: sqlite:///C:\python\PREVENT\instance\prevent.db
2026-04-21 11:56:42,523 - app - INFO - [DB] Dialecto activo: sqlite
2026-04-21 11:56:42,523 - app - INFO - [DB] AUTO_CREATE_TABLES deshabilitado; usa migraciones controladas con 'flask db upgrade'
2026-04-21 11:58:00,912 - app - INFO - [DB] DATABASE_URL configurada: (sin DATABASE_URL)
2026-04-21 11:58:01,023 - app - INFO - [DB] Conexion activa: sqlite:///C:\python\PREVENT\instance\prevent.db
2026-04-21 11:58:01,023 - app - INFO - [DB] Dialecto activo: sqlite
2026-04-21 11:58:01,023 - app - INFO - [DB] AUTO_CREATE_TABLES deshabilitado; usa migraciones controladas con 'flask db upgrade'
2026-04-21 11:58:01,056 - werkzeug - INFO - [31m[1mWARNING: This is a development server. Do not use it in a production deployment. Use a production WSGI server instead.[0m
 * Running on all addresses (0.0.0.0)
 * Running on http://127.0.0.1:8080
 * Running on http://192.168.0.3:8080
2026-04-21 11:58:01,056 - werkzeug - INFO - [33mPress CTRL+C to quit[0m
2026-04-21 11:58:03,752 - werkzeug - INFO - 192.168.0.3 - - [21/Apr/2026 11:58:03] "GET / HTTP/1.1" 200 -
2026-04-21 11:58:03,802 - werkzeug - INFO - 192.168.0.3 - - [21/Apr/2026 11:58:03] "[36mGET /static/css/styles.css?v=1774557786 HTTP/1.1[0m" 304 -
2026-04-21 11:58:03,821 - werkzeug - INFO - 192.168.0.3 - - [21/Apr/2026 11:58:03] "[36mGET /static/js/main.js?v=1770570564 HTTP/1.1[0m" 304 -
2026-04-21 11:58:08,177 - app.routes.auth - INFO - Usuario logueado: admin
2026-04-21 11:58:08,193 - werkzeug - INFO - 192.168.0.3 - - [21/Apr/2026 11:58:08] "POST /api/auth/login HTTP/1.1" 200 -
2026-04-21 11:58:08,320 - werkzeug - INFO - 192.168.0.3 - - [21/Apr/2026 11:58:08] "GET /dashboard HTTP/1.1" 200 -
2026-04-21 11:58:08,360 - werkzeug - INFO - 192.168.0.3 - - [21/Apr/2026 11:58:08] "[36mGET /static/css/styles.css?v=1774557786 HTTP/1.1[0m" 304 -
2026-04-21 11:58:08,380 - werkzeug - INFO - 192.168.0.3 - - [21/Apr/2026 11:58:08] "GET /static/js/dashboard.js?v=1776790586 HTTP/1.1" 200 -
2026-04-21 11:58:08,385 - werkzeug - INFO - 192.168.0.3 - - [21/Apr/2026 11:58:08] "[36mGET /static/js/servicios.js?v=1774564771 HTTP/1.1[0m" 304 -
2026-04-21 11:58:08,391 - werkzeug - INFO - 192.168.0.3 - - [21/Apr/2026 11:58:08] "[36mGET /static/js/prestamos.js?v=1774564771 HTTP/1.1[0m" 304 -
2026-04-21 11:58:08,397 - werkzeug - INFO - 192.168.0.3 - - [21/Apr/2026 11:58:08] "[36mGET /static/js/main.js?v=1770570564 HTTP/1.1[0m" 304 -
2026-04-21 11:58:08,542 - werkzeug - INFO - 192.168.0.3 - - [21/Apr/2026 11:58:08] "[32mGET /api/dashboard/bancos?anio=2026&referencia_mes=4&referencia_anio=2026 HTTP/1.1[0m" 302 -
2026-04-21 11:58:08,547 - werkzeug - INFO - 192.168.0.3 - - [21/Apr/2026 11:58:08] "[32mGET /api/servicios/list HTTP/1.1[0m" 302 -
2026-04-21 11:58:08,550 - werkzeug - INFO - 192.168.0.3 - - [21/Apr/2026 11:58:08] "[32mGET /api/dashboard/servicios?anio=2026&referencia_mes=4&referencia_anio=2026 HTTP/1.1[0m" 302 -
2026-04-21 11:58:08,560 - werkzeug - INFO - 192.168.0.3 - - [21/Apr/2026 11:58:08] "[32mGET /api/bancos/prestamos?activos=true HTTP/1.1[0m" 302 -
2026-04-21 11:58:08,595 - werkzeug - INFO - 192.168.0.3 - - [21/Apr/2026 11:58:08] "[31m[1mGET /api/auth/login?next=/api/dashboard/bancos?anio%3D2026%26referencia_mes%3D4%26referencia_anio%3D2026 HTTP/1.1[0m" 405 -
2026-04-21 11:58:08,604 - werkzeug - INFO - 192.168.0.3 - - [21/Apr/2026 11:58:08] "[31m[1mGET /api/auth/login?next=/api/servicios/list HTTP/1.1[0m" 405 -
2026-04-21 11:58:08,611 - werkzeug - INFO - 192.168.0.3 - - [21/Apr/2026 11:58:08] "[31m[1mGET /api/auth/login?next=/api/dashboard/servicios?anio%3D2026%26referencia_mes%3D4%26referencia_anio%3D2026 HTTP/1.1[0m" 405 -
2026-04-21 11:58:08,626 - werkzeug - INFO - 192.168.0.3 - - [21/Apr/2026 11:58:08] "[31m[1mGET /api/auth/login?next=/api/bancos/prestamos?activos%3Dtrue HTTP/1.1[0m" 405 -
2026-04-21 11:58:12,727 - werkzeug - INFO - 192.168.0.3 - - [21/Apr/2026 11:58:12] "[32mGET /api/comercial/catalogo HTTP/1.1[0m" 302 -
2026-04-21 11:58:12,729 - werkzeug - INFO - 192.168.0.3 - - [21/Apr/2026 11:58:12] "[32mGET /api/dashboard/comercial HTTP/1.1[0m" 302 -
2026-04-21 11:58:12,733 - werkzeug - INFO - 192.168.0.3 - - [21/Apr/2026 11:58:12] "[32mGET /api/comercial/tarifas HTTP/1.1[0m" 302 -
2026-04-21 11:58:12,743 - werkzeug - INFO - 192.168.0.3 - - [21/Apr/2026 11:58:12] "[32mGET /api/comercial/clientes HTTP/1.1[0m" 302 -
2026-04-21 11:58:12,749 - werkzeug - INFO - 192.168.0.3 - - [21/Apr/2026 11:58:12] "[32mGET /api/comercial/vendedores HTTP/1.1[0m" 302 -
2026-04-21 11:58:12,749 - werkzeug - INFO - 192.168.0.3 - - [21/Apr/2026 11:58:12] "[32mGET /api/comercial/catalogo HTTP/1.1[0m" 302 -
2026-04-21 11:58:12,764 - werkzeug - INFO - 192.168.0.3 - - [21/Apr/2026 11:58:12] "[32mGET /api/dashboard/comercial HTTP/1.1[0m" 302 -
2026-04-21 11:58:12,788 - werkzeug - INFO - 192.168.0.3 - - [21/Apr/2026 11:58:12] "[32mGET /api/comercial/clientes HTTP/1.1[0m" 302 -
2026-04-21 11:58:12,789 - werkzeug - INFO - 192.168.0.3 - - [21/Apr/2026 11:58:12] "[32mGET /api/comercial/tarifas HTTP/1.1[0m" 302 -
2026-04-21 11:58:12,800 - werkzeug - INFO - 192.168.0.3 - - [21/Apr/2026 11:58:12] "[32mGET /api/comercial/vendedores HTTP/1.1[0m" 302 -
2026-04-21 11:58:12,862 - werkzeug - INFO - 192.168.0.3 - - [21/Apr/2026 11:58:12] "[31m[1mGET /api/auth/login?next=/api/comercial/catalogo HTTP/1.1[0m" 405 -
2026-04-21 11:58:12,869 - werkzeug - INFO - 192.168.0.3 - - [21/Apr/2026 11:58:12] "[31m[1mGET /api/auth/login?next=/api/dashboard/comercial HTTP/1.1[0m" 405 -
2026-04-21 11:58:12,876 - werkzeug - INFO - 192.168.0.3 - - [21/Apr/2026 11:58:12] "[31m[1mGET /api/auth/login?next=/api/comercial/tarifas HTTP/1.1[0m" 405 -
2026-04-21 11:58:12,903 - werkzeug - INFO - 192.168.0.3 - - [21/Apr/2026 11:58:12] "[31m[1mGET /api/auth/login?next=/api/comercial/clientes HTTP/1.1[0m" 405 -
2026-04-21 11:58:12,916 - werkzeug - INFO - 192.168.0.3 - - [21/Apr/2026 11:58:12] "[31m[1mGET /api/auth/login?next=/api/comercial/vendedores HTTP/1.1[0m" 405 -
2026-04-21 11:58:12,930 - werkzeug - INFO - 192.168.0.3 - - [21/Apr/2026 11:58:12] "[31m[1mGET /api/auth/login?next=/api/comercial/catalogo HTTP/1.1[0m" 405 -
2026-04-21 11:58:12,952 - werkzeug - INFO - 192.168.0.3 - - [21/Apr/2026 11:58:12] "[31m[1mGET /api/auth/login?next=/api/dashboard/comercial HTTP/1.1[0m" 405 -
2026-04-21 11:58:12,969 - werkzeug - INFO - 192.168.0.3 - - [21/Apr/2026 11:58:12] "[31m[1mGET /api/auth/login?next=/api/comercial/tarifas HTTP/1.1[0m" 405 -
2026-04-21 11:58:12,976 - werkzeug - INFO - 192.168.0.3 - - [21/Apr/2026 11:58:12] "[31m[1mGET /api/auth/login?next=/api/comercial/clientes HTTP/1.1[0m" 405 -
2026-04-21 11:58:12,991 - werkzeug - INFO - 192.168.0.3 - - [21/Apr/2026 11:58:12] "[31m[1mGET /api/auth/login?next=/api/comercial/vendedores HTTP/1.1[0m" 405 -
2026-04-21 11:58:15,489 - werkzeug - INFO - 192.168.0.3 - - [21/Apr/2026 11:58:15] "[32mGET /api/comercial/clientes HTTP/1.1[0m" 302 -
2026-04-21 11:58:15,503 - werkzeug - INFO - 192.168.0.3 - - [21/Apr/2026 11:58:15] "[31m[1mGET /api/auth/login?next=/api/comercial/clientes HTTP/1.1[0m" 405 -
2026-04-21 11:58:15,515 - werkzeug - INFO - 192.168.0.3 - - [21/Apr/2026 11:58:15] "[32mGET /api/comercial/catalogo HTTP/1.1[0m" 302 -
2026-04-21 11:58:15,519 - werkzeug - INFO - 192.168.0.3 - - [21/Apr/2026 11:58:15] "[31m[1mGET /api/auth/login?next=/api/comercial/catalogo HTTP/1.1[0m" 405 -
2026-04-21 11:58:31,442 - werkzeug - INFO - 192.168.0.3 - - [21/Apr/2026 11:58:31] "[32mGET /api/comercial/vendedores HTTP/1.1[0m" 302 -
2026-04-21 11:58:31,442 - werkzeug - INFO - 192.168.0.3 - - [21/Apr/2026 11:58:31] "[31m[1mGET /api/auth/login?next=/api/comercial/vendedores HTTP/1.1[0m" 405 -
2026-04-21 12:11:34,378 - app - INFO - [DB] DATABASE_URL configurada: (sin DATABASE_URL)
2026-04-21 12:11:34,464 - app - INFO - [DB] Conexion activa: sqlite:///C:\python\PREVENT\instance\prevent.db
2026-04-21 12:11:34,464 - app - INFO - [DB] Dialecto activo: sqlite
2026-04-21 12:11:34,464 - app - INFO - [DB] AUTO_CREATE_TABLES deshabilitado; usa migraciones controladas con 'flask db upgrade'
2026-04-21 12:11:51,974 - app - INFO - [DB] DATABASE_URL configurada: (sin DATABASE_URL)
2026-04-21 12:11:52,048 - app - INFO - [DB] Conexion activa: sqlite:///C:\python\PREVENT\instance\prevent.db
2026-04-21 12:11:52,048 - app - INFO - [DB] Dialecto activo: sqlite
2026-04-21 12:11:52,064 - app - INFO - [OK] Tablas de base de datos creadas/verificadas
2026-04-21 12:11:52,159 - app - INFO - [DB] Usuario administrador 'admin' ya existe
2026-04-21 12:17:34,787 - app - INFO - [DB] DATABASE_URL configurada: (sin DATABASE_URL)
2026-04-21 12:17:34,866 - app - INFO - [DB] Conexion activa: sqlite:///C:\python\PREVENT\instance\prevent.db
2026-04-21 12:17:34,866 - app - INFO - [DB] Dialecto activo: sqlite
2026-04-21 12:17:34,866 - app - INFO - [DB] AUTO_CREATE_TABLES deshabilitado; usa migraciones controladas con 'flask db upgrade'
2026-04-21 12:18:02,834 - app - INFO - [DB] DATABASE_URL configurada: (sin DATABASE_URL)
2026-04-21 12:18:02,933 - app - INFO - [DB] Conexion activa: sqlite:///C:\python\PREVENT\instance\prevent.db
2026-04-21 12:18:02,933 - app - INFO - [DB] Dialecto activo: sqlite
2026-04-21 12:18:02,945 - app - INFO - [OK] Tablas de base de datos creadas/verificadas
2026-04-21 12:18:03,090 - app - INFO - [DB] Usuario administrador 'admin' ya existe
2026-04-24 15:18:40,704 - app - INFO - [DB] DATABASE_URL configurada: (sin DATABASE_URL)
2026-04-24 15:18:40,838 - app - INFO - [DB] Conexion activa: sqlite:///C:\python\PREVENT\instance\prevent.db
2026-04-24 15:18:40,838 - app - INFO - [DB] Dialecto activo: sqlite
2026-04-24 15:18:40,838 - app - INFO - [DB] AUTO_CREATE_TABLES deshabilitado; usa migraciones controladas con 'flask db upgrade'
2026-04-24 15:18:40,877 - werkzeug - INFO - [31m[1mWARNING: This is a development server. Do not use it in a production deployment. Use a production WSGI server instead.[0m
 * Running on all addresses (0.0.0.0)
 * Running on http://127.0.0.1:8080
 * Running on http://192.168.0.10:8080
2026-04-24 15:18:40,877 - werkzeug - INFO - [33mPress CTRL+C to quit[0m
2026-04-24 15:18:45,626 - werkzeug - INFO - 192.168.0.10 - - [24/Apr/2026 15:18:45] "GET / HTTP/1.1" 200 -
2026-04-24 15:18:45,699 - werkzeug - INFO - 192.168.0.10 - - [24/Apr/2026 15:18:45] "GET /static/css/styles.css?v=1776791373 HTTP/1.1" 200 -
2026-04-24 15:18:45,746 - werkzeug - INFO - 192.168.0.10 - - [24/Apr/2026 15:18:45] "GET /static/js/main.js?v=1770570564 HTTP/1.1" 200 -
2026-04-24 15:18:45,821 - werkzeug - INFO - 192.168.0.10 - - [24/Apr/2026 15:18:45] "[33mGET /favicon.ico HTTP/1.1[0m" 404 -
2026-04-24 15:18:57,676 - app.routes.auth - INFO - Usuario logueado: admin
2026-04-24 15:18:57,685 - werkzeug - INFO - 192.168.0.10 - - [24/Apr/2026 15:18:57] "POST /api/auth/login HTTP/1.1" 200 -
2026-04-24 15:18:57,938 - werkzeug - INFO - 192.168.0.10 - - [24/Apr/2026 15:18:57] "GET /dashboard HTTP/1.1" 200 -
2026-04-24 15:18:57,981 - werkzeug - INFO - 192.168.0.10 - - [24/Apr/2026 15:18:57] "[36mGET /static/css/styles.css?v=1776791373 HTTP/1.1[0m" 304 -
2026-04-24 15:18:57,989 - werkzeug - INFO - 192.168.0.10 - - [24/Apr/2026 15:18:57] "[36mGET /static/js/main.js?v=1770570564 HTTP/1.1[0m" 304 -
2026-04-24 15:18:58,079 - werkzeug - INFO - 192.168.0.10 - - [24/Apr/2026 15:18:58] "GET /static/js/servicios.js?v=1774564771 HTTP/1.1" 200 -
2026-04-24 15:18:58,083 - werkzeug - INFO - 192.168.0.10 - - [24/Apr/2026 15:18:58] "GET /static/js/prestamos.js?v=1774564771 HTTP/1.1" 200 -
2026-04-24 15:18:58,174 - werkzeug - INFO - 192.168.0.10 - - [24/Apr/2026 15:18:58] "GET /static/js/dashboard.js?v=1776791843 HTTP/1.1" 200 -
2026-04-24 15:18:58,263 - werkzeug - INFO - 192.168.0.10 - - [24/Apr/2026 15:18:58] "[32mGET /api/servicios/list HTTP/1.1[0m" 302 -
2026-04-24 15:18:58,269 - werkzeug - INFO - 192.168.0.10 - - [24/Apr/2026 15:18:58] "[32mGET /api/servicios/periodo-actual HTTP/1.1[0m" 302 -
2026-04-24 15:18:58,271 - werkzeug - INFO - 192.168.0.10 - - [24/Apr/2026 15:18:58] "[32mGET /api/dashboard/bancos?anio=2026&referencia_mes=4&referencia_anio=2026 HTTP/1.1[0m" 302 -
2026-04-24 15:18:58,279 - werkzeug - INFO - 192.168.0.10 - - [24/Apr/2026 15:18:58] "[32mGET /api/bancos/prestamos?activos=true HTTP/1.1[0m" 302 -
2026-04-24 15:18:58,393 - werkzeug - INFO - 192.168.0.10 - - [24/Apr/2026 15:18:58] "[31m[1mGET /api/auth/login?next=/api/servicios/periodo-actual HTTP/1.1[0m" 405 -
2026-04-24 15:18:58,398 - werkzeug - INFO - 192.168.0.10 - - [24/Apr/2026 15:18:58] "[31m[1mGET /api/auth/login?next=/api/dashboard/bancos?anio%3D2026%26referencia_mes%3D4%26referencia_anio%3D2026 HTTP/1.1[0m" 405 -
2026-04-24 15:18:58,400 - werkzeug - INFO - 192.168.0.10 - - [24/Apr/2026 15:18:58] "[31m[1mGET /api/auth/login?next=/api/servicios/list HTTP/1.1[0m" 405 -
2026-04-24 15:18:58,425 - werkzeug - INFO - 192.168.0.10 - - [24/Apr/2026 15:18:58] "[31m[1mGET /api/auth/login?next=/api/bancos/prestamos?activos%3Dtrue HTTP/1.1[0m" 405 -
2026-04-24 15:18:58,446 - werkzeug - INFO - 192.168.0.10 - - [24/Apr/2026 15:18:58] "[32mGET /api/dashboard/servicios?anio=2026&referencia_mes=4&referencia_anio=2026 HTTP/1.1[0m" 302 -
2026-04-24 15:18:58,465 - werkzeug - INFO - 192.168.0.10 - - [24/Apr/2026 15:18:58] "[31m[1mGET /api/auth/login?next=/api/dashboard/servicios?anio%3D2026%26referencia_mes%3D4%26referencia_anio%3D2026 HTTP/1.1[0m" 405 -
2026-04-24 15:19:04,754 - werkzeug - INFO - 192.168.0.10 - - [24/Apr/2026 15:19:04] "[32mGET /api/dashboard/comercial HTTP/1.1[0m" 302 -
2026-04-24 15:19:04,757 - werkzeug - INFO - 192.168.0.10 - - [24/Apr/2026 15:19:04] "[32mGET /api/comercial/catalogo HTTP/1.1[0m" 302 -
2026-04-24 15:19:04,762 - werkzeug - INFO - 192.168.0.10 - - [24/Apr/2026 15:19:04] "[32mGET /api/comercial/clientes HTTP/1.1[0m" 302 -
2026-04-24 15:19:04,767 - werkzeug - INFO - 192.168.0.10 - - [24/Apr/2026 15:19:04] "[32mGET /api/comercial/tarifas HTTP/1.1[0m" 302 -
2026-04-24 15:19:04,776 - werkzeug - INFO - 192.168.0.10 - - [24/Apr/2026 15:19:04] "[32mGET /api/dashboard/comercial HTTP/1.1[0m" 302 -
2026-04-24 15:19:04,777 - werkzeug - INFO - 192.168.0.10 - - [24/Apr/2026 15:19:04] "[32mGET /api/comercial/vendedores HTTP/1.1[0m" 302 -
2026-04-24 15:19:04,787 - werkzeug - INFO - 192.168.0.10 - - [24/Apr/2026 15:19:04] "[32mGET /api/comercial/catalogo HTTP/1.1[0m" 302 -
2026-04-24 15:19:04,800 - werkzeug - INFO - 192.168.0.10 - - [24/Apr/2026 15:19:04] "[32mGET /api/comercial/clientes HTTP/1.1[0m" 302 -
2026-04-24 15:19:04,811 - werkzeug - INFO - 192.168.0.10 - - [24/Apr/2026 15:19:04] "[32mGET /api/comercial/tarifas HTTP/1.1[0m" 302 -
2026-04-24 15:19:04,822 - werkzeug - INFO - 192.168.0.10 - - [24/Apr/2026 15:19:04] "[32mGET /api/comercial/vendedores HTTP/1.1[0m" 302 -
2026-04-24 15:19:04,895 - werkzeug - INFO - 192.168.0.10 - - [24/Apr/2026 15:19:04] "[31m[1mGET /api/auth/login?next=/api/dashboard/comercial HTTP/1.1[0m" 405 -
2026-04-24 15:19:04,899 - werkzeug - INFO - 192.168.0.10 - - [24/Apr/2026 15:19:04] "[31m[1mGET /api/auth/login?next=/api/comercial/catalogo HTTP/1.1[0m" 405 -
2026-04-24 15:19:04,903 - werkzeug - INFO - 192.168.0.10 - - [24/Apr/2026 15:19:04] "[31m[1mGET /api/auth/login?next=/api/comercial/clientes HTTP/1.1[0m" 405 -
2026-04-24 15:19:04,907 - werkzeug - INFO - 192.168.0.10 - - [24/Apr/2026 15:19:04] "[31m[1mGET /api/auth/login?next=/api/comercial/tarifas HTTP/1.1[0m" 405 -
2026-04-24 15:19:04,915 - werkzeug - INFO - 192.168.0.10 - - [24/Apr/2026 15:19:04] "[31m[1mGET /api/auth/login?next=/api/comercial/vendedores HTTP/1.1[0m" 405 -
2026-04-24 15:19:04,936 - werkzeug - INFO - 192.168.0.10 - - [24/Apr/2026 15:19:04] "[31m[1mGET /api/auth/login?next=/api/dashboard/comercial HTTP/1.1[0m" 405 -
2026-04-24 15:19:04,956 - werkzeug - INFO - 192.168.0.10 - - [24/Apr/2026 15:19:04] "[31m[1mGET /api/auth/login?next=/api/comercial/catalogo HTTP/1.1[0m" 405 -
2026-04-24 15:19:04,980 - werkzeug - INFO - 192.168.0.10 - - [24/Apr/2026 15:19:04] "[31m[1mGET /api/auth/login?next=/api/comercial/clientes HTTP/1.1[0m" 405 -
2026-04-24 15:19:04,991 - werkzeug - INFO - 192.168.0.10 - - [24/Apr/2026 15:19:04] "[31m[1mGET /api/auth/login?next=/api/comercial/tarifas HTTP/1.1[0m" 405 -
2026-04-24 15:19:05,007 - werkzeug - INFO - 192.168.0.10 - - [24/Apr/2026 15:19:05] "[31m[1mGET /api/auth/login?next=/api/comercial/vendedores HTTP/1.1[0m" 405 -
2026-04-26 11:52:29,761 - app - INFO - [DB] DATABASE_URL configurada: (sin DATABASE_URL)
2026-04-26 11:52:29,893 - app - INFO - [DB] Conexion activa: sqlite:///C:\python\PREVENT\instance\prevent.db
2026-04-26 11:52:29,893 - app - INFO - [DB] Dialecto activo: sqlite
2026-04-26 11:52:29,893 - app - INFO - [DB] AUTO_CREATE_TABLES deshabilitado; usa migraciones controladas con 'flask db upgrade'
2026-04-26 11:52:29,940 - werkzeug - INFO - [31m[1mWARNING: This is a development server. Do not use it in a production deployment. Use a production WSGI server instead.[0m
 * Running on all addresses (0.0.0.0)
 * Running on http://127.0.0.1:8080
 * Running on http://192.168.0.10:8080
2026-04-26 11:52:29,940 - werkzeug - INFO - [33mPress CTRL+C to quit[0m
2026-04-26 11:52:35,275 - werkzeug - INFO - 192.168.0.10 - - [26/Apr/2026 11:52:35] "GET / HTTP/1.1" 200 -
2026-04-26 11:52:35,471 - werkzeug - INFO - 192.168.0.10 - - [26/Apr/2026 11:52:35] "GET /static/css/styles.css?v=1776791373 HTTP/1.1" 200 -
2026-04-26 11:52:35,529 - werkzeug - INFO - 192.168.0.10 - - [26/Apr/2026 11:52:35] "GET /static/js/main.js?v=1770570564 HTTP/1.1" 200 -
2026-04-26 11:52:35,613 - werkzeug - INFO - 192.168.0.10 - - [26/Apr/2026 11:52:35] "[33mGET /favicon.ico HTTP/1.1[0m" 404 -
2026-04-26 11:52:49,794 - app.routes.auth - INFO - Usuario logueado: admin
2026-04-26 11:52:49,794 - werkzeug - INFO - 192.168.0.10 - - [26/Apr/2026 11:52:49] "POST /api/auth/login HTTP/1.1" 200 -
2026-04-26 11:52:49,997 - werkzeug - INFO - 192.168.0.10 - - [26/Apr/2026 11:52:49] "GET /dashboard HTTP/1.1" 200 -
2026-04-26 11:52:50,049 - werkzeug - INFO - 192.168.0.10 - - [26/Apr/2026 11:52:50] "[36mGET /static/css/styles.css?v=1776791373 HTTP/1.1[0m" 304 -
2026-04-26 11:52:50,057 - werkzeug - INFO - 192.168.0.10 - - [26/Apr/2026 11:52:50] "[36mGET /static/js/main.js?v=1770570564 HTTP/1.1[0m" 304 -
2026-04-26 11:52:50,140 - werkzeug - INFO - 192.168.0.10 - - [26/Apr/2026 11:52:50] "GET /static/js/prestamos.js?v=1774564771 HTTP/1.1" 200 -
2026-04-26 11:52:50,150 - werkzeug - INFO - 192.168.0.10 - - [26/Apr/2026 11:52:50] "GET /static/js/servicios.js?v=1774564771 HTTP/1.1" 200 -
2026-04-26 11:52:50,222 - werkzeug - INFO - 192.168.0.10 - - [26/Apr/2026 11:52:50] "GET /static/js/dashboard.js?v=1776791843 HTTP/1.1" 200 -
2026-04-26 11:52:50,267 - werkzeug - INFO - 192.168.0.10 - - [26/Apr/2026 11:52:50] "[32mGET /api/dashboard/bancos?anio=2026&referencia_mes=4&referencia_anio=2026 HTTP/1.1[0m" 302 -
2026-04-26 11:52:50,275 - werkzeug - INFO - 192.168.0.10 - - [26/Apr/2026 11:52:50] "[32mGET /api/servicios/list HTTP/1.1[0m" 302 -
2026-04-26 11:52:50,283 - werkzeug - INFO - 192.168.0.10 - - [26/Apr/2026 11:52:50] "[32mGET /api/servicios/periodo-actual HTTP/1.1[0m" 302 -
2026-04-26 11:52:50,291 - werkzeug - INFO - 192.168.0.10 - - [26/Apr/2026 11:52:50] "[32mGET /api/bancos/prestamos?activos=true HTTP/1.1[0m" 302 -
2026-04-26 11:52:50,370 - werkzeug - INFO - 192.168.0.10 - - [26/Apr/2026 11:52:50] "[31m[1mGET /api/auth/login?next=/api/dashboard/bancos?anio%3D2026%26referencia_mes%3D4%26referencia_anio%3D2026 HTTP/1.1[0m" 405 -
2026-04-26 11:52:50,378 - werkzeug - INFO - 192.168.0.10 - - [26/Apr/2026 11:52:50] "[31m[1mGET /api/auth/login?next=/api/servicios/list HTTP/1.1[0m" 405 -
2026-04-26 11:52:50,387 - werkzeug - INFO - 192.168.0.10 - - [26/Apr/2026 11:52:50] "[31m[1mGET /api/auth/login?next=/api/servicios/periodo-actual HTTP/1.1[0m" 405 -
2026-04-26 11:52:50,400 - werkzeug - INFO - 192.168.0.10 - - [26/Apr/2026 11:52:50] "[31m[1mGET /api/auth/login?next=/api/bancos/prestamos?activos%3Dtrue HTTP/1.1[0m" 405 -
2026-04-26 11:52:50,408 - werkzeug - INFO - 192.168.0.10 - - [26/Apr/2026 11:52:50] "[32mGET /api/dashboard/servicios?anio=2026&referencia_mes=4&referencia_anio=2026 HTTP/1.1[0m" 302 -
2026-04-26 11:52:50,424 - werkzeug - INFO - 192.168.0.10 - - [26/Apr/2026 11:52:50] "[31m[1mGET /api/auth/login?next=/api/dashboard/servicios?anio%3D2026%26referencia_mes%3D4%26referencia_anio%3D2026 HTTP/1.1[0m" 405 -
2026-04-26 11:53:04,533 - werkzeug - INFO - 192.168.0.10 - - [26/Apr/2026 11:53:04] "[32mGET /api/dashboard/comercial HTTP/1.1[0m" 302 -
2026-04-26 11:53:04,533 - werkzeug - INFO - 192.168.0.10 - - [26/Apr/2026 11:53:04] "[32mGET /api/comercial/catalogo HTTP/1.1[0m" 302 -
2026-04-26 11:53:04,533 - werkzeug - INFO - 192.168.0.10 - - [26/Apr/2026 11:53:04] "[32mGET /api/comercial/clientes HTTP/1.1[0m" 302 -
2026-04-26 11:53:04,546 - werkzeug - INFO - 192.168.0.10 - - [26/Apr/2026 11:53:04] "[32mGET /api/comercial/tarifas HTTP/1.1[0m" 302 -
2026-04-26 11:53:04,549 - werkzeug - INFO - 192.168.0.10 - - [26/Apr/2026 11:53:04] "[32mGET /api/comercial/vendedores HTTP/1.1[0m" 302 -
2026-04-26 11:53:04,559 - werkzeug - INFO - 192.168.0.10 - - [26/Apr/2026 11:53:04] "[32mGET /api/dashboard/comercial HTTP/1.1[0m" 302 -
2026-04-26 11:53:04,566 - werkzeug - INFO - 192.168.0.10 - - [26/Apr/2026 11:53:04] "[32mGET /api/comercial/catalogo HTTP/1.1[0m" 302 -
2026-04-26 11:53:04,574 - werkzeug - INFO - 192.168.0.10 - - [26/Apr/2026 11:53:04] "[32mGET /api/comercial/clientes HTTP/1.1[0m" 302 -
2026-04-26 11:53:04,588 - werkzeug - INFO - 192.168.0.10 - - [26/Apr/2026 11:53:04] "[32mGET /api/comercial/tarifas HTTP/1.1[0m" 302 -
2026-04-26 11:53:04,599 - werkzeug - INFO - 192.168.0.10 - - [26/Apr/2026 11:53:04] "[32mGET /api/comercial/vendedores HTTP/1.1[0m" 302 -
2026-04-26 11:53:04,677 - werkzeug - INFO - 192.168.0.10 - - [26/Apr/2026 11:53:04] "[31m[1mGET /api/auth/login?next=/api/dashboard/comercial HTTP/1.1[0m" 405 -
2026-04-26 11:53:04,684 - werkzeug - INFO - 192.168.0.10 - - [26/Apr/2026 11:53:04] "[31m[1mGET /api/auth/login?next=/api/comercial/catalogo HTTP/1.1[0m" 405 -
2026-04-26 11:53:04,696 - werkzeug - INFO - 192.168.0.10 - - [26/Apr/2026 11:53:04] "[31m[1mGET /api/auth/login?next=/api/comercial/clientes HTTP/1.1[0m" 405 -
2026-04-26 11:53:04,718 - werkzeug - INFO - 192.168.0.10 - - [26/Apr/2026 11:53:04] "[31m[1mGET /api/auth/login?next=/api/comercial/tarifas HTTP/1.1[0m" 405 -
2026-04-26 11:53:04,773 - werkzeug - INFO - 192.168.0.10 - - [26/Apr/2026 11:53:04] "[31m[1mGET /api/auth/login?next=/api/dashboard/comercial HTTP/1.1[0m" 405 -
2026-04-26 11:53:04,773 - werkzeug - INFO - 192.168.0.10 - - [26/Apr/2026 11:53:04] "[31m[1mGET /api/auth/login?next=/api/comercial/vendedores HTTP/1.1[0m" 405 -
2026-04-26 11:53:04,788 - werkzeug - INFO - 192.168.0.10 - - [26/Apr/2026 11:53:04] "[31m[1mGET /api/auth/login?next=/api/comercial/catalogo HTTP/1.1[0m" 405 -
2026-04-26 11:53:04,797 - werkzeug - INFO - 192.168.0.10 - - [26/Apr/2026 11:53:04] "[31m[1mGET /api/auth/login?next=/api/comercial/clientes HTTP/1.1[0m" 405 -
2026-04-26 11:53:04,815 - werkzeug - INFO - 192.168.0.10 - - [26/Apr/2026 11:53:04] "[31m[1mGET /api/auth/login?next=/api/comercial/tarifas HTTP/1.1[0m" 405 -
2026-04-26 11:53:04,839 - werkzeug - INFO - 192.168.0.10 - - [26/Apr/2026 11:53:04] "[31m[1mGET /api/auth/login?next=/api/comercial/vendedores HTTP/1.1[0m" 405 -
2026-04-26 11:53:17,769 - werkzeug - INFO - 192.168.0.10 - - [26/Apr/2026 11:53:17] "[32mGET /api/nomina/empleados HTTP/1.1[0m" 302 -
2026-04-26 11:53:17,769 - werkzeug - INFO - 192.168.0.10 - - [26/Apr/2026 11:53:17] "[32mGET /api/dashboard/nomina?anio=2026 HTTP/1.1[0m" 302 -
2026-04-26 11:53:17,881 - werkzeug - INFO - 192.168.0.10 - - [26/Apr/2026 11:53:17] "[31m[1mGET /api/auth/login?next=/api/nomina/empleados HTTP/1.1[0m" 405 -
2026-04-26 11:53:17,885 - werkzeug - INFO - 192.168.0.10 - - [26/Apr/2026 11:53:17] "[31m[1mGET /api/auth/login?next=/api/dashboard/nomina?anio%3D2026 HTTP/1.1[0m" 405 -
2026-04-26 11:53:20,623 - werkzeug - INFO - 192.168.0.10 - - [26/Apr/2026 11:53:20] "[32mGET /api/servicios/list HTTP/1.1[0m" 302 -
2026-04-26 11:53:20,628 - werkzeug - INFO - 192.168.0.10 - - [26/Apr/2026 11:53:20] "[32mGET /api/dashboard/servicios?anio=2026&referencia_mes=4&referencia_anio=2026 HTTP/1.1[0m" 302 -
2026-04-26 11:53:20,641 - werkzeug - INFO - 192.168.0.10 - - [26/Apr/2026 11:53:20] "[31m[1mGET /api/auth/login?next=/api/servicios/list HTTP/1.1[0m" 405 -
2026-04-26 11:53:20,645 - werkzeug - INFO - 192.168.0.10 - - [26/Apr/2026 11:53:20] "[31m[1mGET /api/auth/login?next=/api/dashboard/servicios?anio%3D2026%26referencia_mes%3D4%26referencia_anio%3D2026 HTTP/1.1[0m" 405 -
2026-04-26 11:53:22,656 - werkzeug - INFO - 192.168.0.10 - - [26/Apr/2026 11:53:22] "[32mGET /api/bancos/prestamos HTTP/1.1[0m" 302 -
2026-04-26 11:53:22,662 - werkzeug - INFO - 192.168.0.10 - - [26/Apr/2026 11:53:22] "[32mGET /api/dashboard/bancos?anio=2026&referencia_mes=4&referencia_anio=2026 HTTP/1.1[0m" 302 -
2026-04-26 11:53:22,705 - werkzeug - INFO - 192.168.0.10 - - [26/Apr/2026 11:53:22] "[31m[1mGET /api/auth/login?next=/api/bancos/prestamos HTTP/1.1[0m" 405 -
2026-04-26 11:53:22,713 - werkzeug - INFO - 192.168.0.10 - - [26/Apr/2026 11:53:22] "[31m[1mGET /api/auth/login?next=/api/dashboard/bancos?anio%3D2026%26referencia_mes%3D4%26referencia_anio%3D2026 HTTP/1.1[0m" 405 -
2026-04-26 11:53:24,226 - werkzeug - INFO - 192.168.0.10 - - [26/Apr/2026 11:53:24] "[32mGET /api/dashboard/comercial HTTP/1.1[0m" 302 -
2026-04-26 11:53:24,230 - werkzeug - INFO - 192.168.0.10 - - [26/Apr/2026 11:53:24] "[32mGET /api/comercial/catalogo HTTP/1.1[0m" 302 -
2026-04-26 11:53:24,234 - werkzeug - INFO - 192.168.0.10 - - [26/Apr/2026 11:53:24] "[32mGET /api/comercial/clientes HTTP/1.1[0m" 302 -
2026-04-26 11:53:24,243 - werkzeug - INFO - 192.168.0.10 - - [26/Apr/2026 11:53:24] "[32mGET /api/comercial/tarifas HTTP/1.1[0m" 302 -
2026-04-26 11:53:24,249 - werkzeug - INFO - 192.168.0.10 - - [26/Apr/2026 11:53:24] "[32mGET /api/comercial/vendedores HTTP/1.1[0m" 302 -
2026-04-26 11:53:24,259 - werkzeug - INFO - 192.168.0.10 - - [26/Apr/2026 11:53:24] "[32mGET /api/dashboard/comercial HTTP/1.1[0m" 302 -
2026-04-26 11:53:24,277 - werkzeug - INFO - 192.168.0.10 - - [26/Apr/2026 11:53:24] "[31m[1mGET /api/auth/login?next=/api/dashboard/comercial HTTP/1.1[0m" 405 -
2026-04-26 11:53:24,316 - werkzeug - INFO - 192.168.0.10 - - [26/Apr/2026 11:53:24] "[32mGET /api/comercial/catalogo HTTP/1.1[0m" 302 -
2026-04-26 11:53:24,351 - werkzeug - INFO - 192.168.0.10 - - [26/Apr/2026 11:53:24] "[32mGET /api/comercial/clientes HTTP/1.1[0m" 302 -
2026-04-26 11:53:24,358 - werkzeug - INFO - 192.168.0.10 - - [26/Apr/2026 11:53:24] "[31m[1mGET /api/auth/login?next=/api/comercial/catalogo HTTP/1.1[0m" 405 -
2026-04-26 11:53:24,389 - werkzeug - INFO - 192.168.0.10 - - [26/Apr/2026 11:53:24] "[31m[1mGET /api/auth/login?next=/api/comercial/clientes HTTP/1.1[0m" 405 -
2026-04-26 11:53:24,422 - werkzeug - INFO - 192.168.0.10 - - [26/Apr/2026 11:53:24] "[32mGET /api/comercial/tarifas HTTP/1.1[0m" 302 -
2026-04-26 11:53:24,439 - werkzeug - INFO - 192.168.0.10 - - [26/Apr/2026 11:53:24] "[31m[1mGET /api/auth/login?next=/api/comercial/tarifas HTTP/1.1[0m" 405 -
2026-04-26 11:53:24,470 - werkzeug - INFO - 192.168.0.10 - - [26/Apr/2026 11:53:24] "[32mGET /api/comercial/vendedores HTTP/1.1[0m" 302 -
2026-04-26 11:53:24,475 - werkzeug - INFO - 192.168.0.10 - - [26/Apr/2026 11:53:24] "[31m[1mGET /api/auth/login?next=/api/comercial/vendedores HTTP/1.1[0m" 405 -
2026-04-26 11:53:24,491 - werkzeug - INFO - 192.168.0.10 - - [26/Apr/2026 11:53:24] "[31m[1mGET /api/auth/login?next=/api/dashboard/comercial HTTP/1.1[0m" 405 -
2026-04-26 11:53:24,501 - werkzeug - INFO - 192.168.0.10 - - [26/Apr/2026 11:53:24] "[31m[1mGET /api/auth/login?next=/api/comercial/catalogo HTTP/1.1[0m" 405 -
2026-04-26 11:53:24,532 - werkzeug - INFO - 192.168.0.10 - - [26/Apr/2026 11:53:24] "[31m[1mGET /api/auth/login?next=/api/comercial/clientes HTTP/1.1[0m" 405 -
2026-04-26 11:53:24,540 - werkzeug - INFO - 192.168.0.10 - - [26/Apr/2026 11:53:24] "[31m[1mGET /api/auth/login?next=/api/comercial/tarifas HTTP/1.1[0m" 405 -
2026-04-26 11:53:24,557 - werkzeug - INFO - 192.168.0.10 - - [26/Apr/2026 11:53:24] "[31m[1mGET /api/auth/login?next=/api/comercial/vendedores HTTP/1.1[0m" 405 -
2026-04-26 13:04:11,506 - app - INFO - [DB] DATABASE_URL configurada: (sin DATABASE_URL)
2026-04-26 13:04:11,638 - app - INFO - [DB] Conexion activa: sqlite:///C:\python\PREVENT\instance\prevent.db
2026-04-26 13:04:11,638 - app - INFO - [DB] Dialecto activo: sqlite
2026-04-26 13:04:11,638 - app - INFO - [DB] AUTO_CREATE_TABLES deshabilitado; usa migraciones controladas con 'flask db upgrade'
2026-04-26 13:04:11,675 - werkzeug - INFO - [31m[1mWARNING: This is a development server. Do not use it in a production deployment. Use a production WSGI server instead.[0m
 * Running on all addresses (0.0.0.0)
 * Running on http://127.0.0.1:8080
 * Running on http://192.168.0.10:8080
2026-04-26 13:04:11,675 - werkzeug - INFO - [33mPress CTRL+C to quit[0m
2026-04-26 13:04:14,033 - werkzeug - INFO - 192.168.0.10 - - [26/Apr/2026 13:04:14] "GET / HTTP/1.1" 200 -
2026-04-26 13:04:14,080 - werkzeug - INFO - 192.168.0.10 - - [26/Apr/2026 13:04:14] "GET /static/css/styles.css?v=1777226111 HTTP/1.1" 200 -
2026-04-26 13:04:14,085 - werkzeug - INFO - 192.168.0.10 - - [26/Apr/2026 13:04:14] "[36mGET /static/js/main.js?v=1770570564 HTTP/1.1[0m" 304 -
2026-04-26 13:04:14,244 - werkzeug - INFO - 192.168.0.10 - - [26/Apr/2026 13:04:14] "[33mGET /favicon.ico HTTP/1.1[0m" 404 -
2026-04-26 13:04:19,544 - app.routes.auth - INFO - Usuario logueado: admin
2026-04-26 13:04:19,544 - werkzeug - INFO - 192.168.0.10 - - [26/Apr/2026 13:04:19] "POST /api/auth/login HTTP/1.1" 200 -
2026-04-26 13:04:19,673 - werkzeug - INFO - 192.168.0.10 - - [26/Apr/2026 13:04:19] "GET /dashboard HTTP/1.1" 200 -
2026-04-26 13:04:19,782 - werkzeug - INFO - 192.168.0.10 - - [26/Apr/2026 13:04:19] "[36mGET /static/css/styles.css?v=1777226111 HTTP/1.1[0m" 304 -
2026-04-26 13:04:19,790 - werkzeug - INFO - 192.168.0.10 - - [26/Apr/2026 13:04:19] "GET /static/js/dashboard.js?v=1777226563 HTTP/1.1" 200 -
2026-04-26 13:04:19,791 - werkzeug - INFO - 192.168.0.10 - - [26/Apr/2026 13:04:19] "[36mGET /static/js/servicios.js?v=1774564771 HTTP/1.1[0m" 304 -
2026-04-26 13:04:19,805 - werkzeug - INFO - 192.168.0.10 - - [26/Apr/2026 13:04:19] "[36mGET /static/js/prestamos.js?v=1774564771 HTTP/1.1[0m" 304 -
2026-04-26 13:04:19,809 - werkzeug - INFO - 192.168.0.10 - - [26/Apr/2026 13:04:19] "[36mGET /static/js/main.js?v=1770570564 HTTP/1.1[0m" 304 -
2026-04-26 13:04:19,993 - werkzeug - INFO - 192.168.0.10 - - [26/Apr/2026 13:04:19] "[32mGET /api/dashboard/bancos?anio=2026&referencia_mes=4&referencia_anio=2026 HTTP/1.1[0m" 302 -
2026-04-26 13:04:20,000 - werkzeug - INFO - 192.168.0.10 - - [26/Apr/2026 13:04:20] "[32mGET /api/servicios/list HTTP/1.1[0m" 302 -
2026-04-26 13:04:20,006 - werkzeug - INFO - 192.168.0.10 - - [26/Apr/2026 13:04:20] "[32mGET /api/dashboard/servicios?anio=2026&referencia_mes=4&referencia_anio=2026 HTTP/1.1[0m" 302 -
2026-04-26 13:04:20,024 - werkzeug - INFO - 192.168.0.10 - - [26/Apr/2026 13:04:20] "[32mGET /api/bancos/prestamos?activos=true HTTP/1.1[0m" 302 -
2026-04-26 13:04:20,070 - werkzeug - INFO - 192.168.0.10 - - [26/Apr/2026 13:04:20] "[31m[1mGET /api/auth/login?next=/api/dashboard/bancos?anio%3D2026%26referencia_mes%3D4%26referencia_anio%3D2026 HTTP/1.1[0m" 405 -
2026-04-26 13:04:20,083 - werkzeug - INFO - 192.168.0.10 - - [26/Apr/2026 13:04:20] "[31m[1mGET /api/auth/login?next=/api/servicios/list HTTP/1.1[0m" 405 -
2026-04-26 13:04:20,090 - werkzeug - INFO - 192.168.0.10 - - [26/Apr/2026 13:04:20] "[31m[1mGET /api/auth/login?next=/api/dashboard/servicios?anio%3D2026%26referencia_mes%3D4%26referencia_anio%3D2026 HTTP/1.1[0m" 405 -
2026-04-26 13:04:20,105 - werkzeug - INFO - 192.168.0.10 - - [26/Apr/2026 13:04:20] "[31m[1mGET /api/auth/login?next=/api/bancos/prestamos?activos%3Dtrue HTTP/1.1[0m" 405 -
2026-04-26 13:04:24,478 - werkzeug - INFO - 192.168.0.10 - - [26/Apr/2026 13:04:24] "[32mGET /api/dashboard/comercial HTTP/1.1[0m" 302 -
2026-04-26 13:04:24,481 - werkzeug - INFO - 192.168.0.10 - - [26/Apr/2026 13:04:24] "[32mGET /api/comercial/catalogo HTTP/1.1[0m" 302 -
2026-04-26 13:04:24,485 - werkzeug - INFO - 192.168.0.10 - - [26/Apr/2026 13:04:24] "[32mGET /api/comercial/clientes HTTP/1.1[0m" 302 -
2026-04-26 13:04:24,491 - werkzeug - INFO - 192.168.0.10 - - [26/Apr/2026 13:04:24] "[32mGET /api/comercial/tarifas HTTP/1.1[0m" 302 -
2026-04-26 13:04:24,497 - werkzeug - INFO - 192.168.0.10 - - [26/Apr/2026 13:04:24] "[32mGET /api/comercial/vendedores HTTP/1.1[0m" 302 -
2026-04-26 13:04:24,501 - werkzeug - INFO - 192.168.0.10 - - [26/Apr/2026 13:04:24] "[32mGET /api/dashboard/comercial HTTP/1.1[0m" 302 -
2026-04-26 13:04:24,516 - werkzeug - INFO - 192.168.0.10 - - [26/Apr/2026 13:04:24] "[32mGET /api/comercial/catalogo HTTP/1.1[0m" 302 -
2026-04-26 13:04:24,520 - werkzeug - INFO - 192.168.0.10 - - [26/Apr/2026 13:04:24] "[32mGET /api/comercial/clientes HTTP/1.1[0m" 302 -
2026-04-26 13:04:24,530 - werkzeug - INFO - 192.168.0.10 - - [26/Apr/2026 13:04:24] "[32mGET /api/comercial/tarifas HTTP/1.1[0m" 302 -
2026-04-26 13:04:24,551 - werkzeug - INFO - 192.168.0.10 - - [26/Apr/2026 13:04:24] "[32mGET /api/comercial/vendedores HTTP/1.1[0m" 302 -
2026-04-26 13:04:24,616 - werkzeug - INFO - 192.168.0.10 - - [26/Apr/2026 13:04:24] "[31m[1mGET /api/auth/login?next=/api/dashboard/comercial HTTP/1.1[0m" 405 -
2026-04-26 13:04:24,624 - werkzeug - INFO - 192.168.0.10 - - [26/Apr/2026 13:04:24] "[31m[1mGET /api/auth/login?next=/api/comercial/catalogo HTTP/1.1[0m" 405 -
2026-04-26 13:04:24,643 - werkzeug - INFO - 192.168.0.10 - - [26/Apr/2026 13:04:24] "[31m[1mGET /api/auth/login?next=/api/comercial/clientes HTTP/1.1[0m" 405 -
2026-04-26 13:04:24,652 - werkzeug - INFO - 192.168.0.10 - - [26/Apr/2026 13:04:24] "[31m[1mGET /api/auth/login?next=/api/comercial/tarifas HTTP/1.1[0m" 405 -
2026-04-26 13:04:24,665 - werkzeug - INFO - 192.168.0.10 - - [26/Apr/2026 13:04:24] "[31m[1mGET /api/auth/login?next=/api/comercial/vendedores HTTP/1.1[0m" 405 -
2026-04-26 13:04:24,685 - werkzeug - INFO - 192.168.0.10 - - [26/Apr/2026 13:04:24] "[31m[1mGET /api/auth/login?next=/api/dashboard/comercial HTTP/1.1[0m" 405 -
2026-04-26 13:04:24,698 - werkzeug - INFO - 192.168.0.10 - - [26/Apr/2026 13:04:24] "[31m[1mGET /api/auth/login?next=/api/comercial/catalogo HTTP/1.1[0m" 405 -
2026-04-26 13:04:24,721 - werkzeug - INFO - 192.168.0.10 - - [26/Apr/2026 13:04:24] "[31m[1mGET /api/auth/login?next=/api/comercial/clientes HTTP/1.1[0m" 405 -
2026-04-26 13:04:24,740 - werkzeug - INFO - 192.168.0.10 - - [26/Apr/2026 13:04:24] "[31m[1mGET /api/auth/login?next=/api/comercial/tarifas HTTP/1.1[0m" 405 -
2026-04-26 13:04:24,754 - werkzeug - INFO - 192.168.0.10 - - [26/Apr/2026 13:04:24] "[31m[1mGET /api/auth/login?next=/api/comercial/vendedores HTTP/1.1[0m" 405 -
2026-04-26 13:04:29,058 - werkzeug - INFO - 192.168.0.10 - - [26/Apr/2026 13:04:29] "[32mGET /api/comercial/vendedores HTTP/1.1[0m" 302 -
2026-04-26 13:04:29,062 - werkzeug - INFO - 192.168.0.10 - - [26/Apr/2026 13:04:29] "[31m[1mGET /api/auth/login?next=/api/comercial/vendedores HTTP/1.1[0m" 405 -
2026-04-26 13:04:39,790 - werkzeug - INFO - 192.168.0.10 - - [26/Apr/2026 13:04:39] "[32mGET /api/comercial/catalogo HTTP/1.1[0m" 302 -
2026-04-26 13:04:39,806 - werkzeug - INFO - 192.168.0.10 - - [26/Apr/2026 13:04:39] "[31m[1mGET /api/auth/login?next=/api/comercial/catalogo HTTP/1.1[0m" 405 -
2026-04-26 13:04:59,249 - werkzeug - INFO - 192.168.0.10 - - [26/Apr/2026 13:04:59] "[32mGET /api/comercial/catalogo HTTP/1.1[0m" 302 -
2026-04-26 13:04:59,257 - werkzeug - INFO - 192.168.0.10 - - [26/Apr/2026 13:04:59] "[31m[1mGET /api/auth/login?next=/api/comercial/catalogo HTTP/1.1[0m" 405 -
2026-04-26 13:05:25,970 - werkzeug - INFO - 192.168.0.10 - - [26/Apr/2026 13:05:25] "[32mGET /api/comercial/vendedores HTTP/1.1[0m" 302 -
2026-04-26 13:05:25,977 - werkzeug - INFO - 192.168.0.10 - - [26/Apr/2026 13:05:25] "[31m[1mGET /api/auth/login?next=/api/comercial/vendedores HTTP/1.1[0m" 405 -
2026-04-26 13:05:32,496 - werkzeug - INFO - 192.168.0.10 - - [26/Apr/2026 13:05:32] "[32mGET /api/comercial/catalogo HTTP/1.1[0m" 302 -
2026-04-26 13:05:32,505 - werkzeug - INFO - 192.168.0.10 - - [26/Apr/2026 13:05:32] "[31m[1mGET /api/auth/login?next=/api/comercial/catalogo HTTP/1.1[0m" 405 -
2026-04-26 13:14:12,759 - app - INFO - [DB] DATABASE_URL configurada: (sin DATABASE_URL)
2026-04-26 13:14:12,871 - app - INFO - [DB] Conexion activa: sqlite:///C:\python\PREVENT\instance\prevent.db
2026-04-26 13:14:12,871 - app - INFO - [DB] Dialecto activo: sqlite
2026-04-26 13:14:12,871 - app - INFO - [DB] AUTO_CREATE_TABLES deshabilitado; usa migraciones controladas con 'flask db upgrade'
2026-04-26 13:14:12,906 - werkzeug - INFO - [31m[1mWARNING: This is a development server. Do not use it in a production deployment. Use a production WSGI server instead.[0m
 * Running on all addresses (0.0.0.0)
 * Running on http://127.0.0.1:8080
 * Running on http://192.168.0.10:8080
2026-04-26 13:14:12,907 - werkzeug - INFO - [33mPress CTRL+C to quit[0m
2026-04-26 13:14:15,678 - werkzeug - INFO - 192.168.0.10 - - [26/Apr/2026 13:14:15] "GET / HTTP/1.1" 200 -
2026-04-26 13:14:15,738 - werkzeug - INFO - 192.168.0.10 - - [26/Apr/2026 13:14:15] "GET /static/css/styles.css?v=1777227222 HTTP/1.1" 200 -
2026-04-26 13:14:15,762 - werkzeug - INFO - 192.168.0.10 - - [26/Apr/2026 13:14:15] "[36mGET /static/js/main.js?v=1770570564 HTTP/1.1[0m" 304 -
2026-04-26 13:14:20,389 - app.routes.auth - INFO - Usuario logueado: admin
2026-04-26 13:14:20,389 - werkzeug - INFO - 192.168.0.10 - - [26/Apr/2026 13:14:20] "POST /api/auth/login HTTP/1.1" 200 -
2026-04-26 13:14:20,505 - werkzeug - INFO - 192.168.0.10 - - [26/Apr/2026 13:14:20] "GET /dashboard HTTP/1.1" 200 -
2026-04-26 13:14:20,550 - werkzeug - INFO - 192.168.0.10 - - [26/Apr/2026 13:14:20] "[36mGET /static/css/styles.css?v=1777227222 HTTP/1.1[0m" 304 -
2026-04-26 13:14:20,562 - werkzeug - INFO - 192.168.0.10 - - [26/Apr/2026 13:14:20] "[36mGET /static/js/servicios.js?v=1774564771 HTTP/1.1[0m" 304 -
2026-04-26 13:14:20,563 - werkzeug - INFO - 192.168.0.10 - - [26/Apr/2026 13:14:20] "GET /static/js/dashboard.js?v=1777226889 HTTP/1.1" 200 -
2026-04-26 13:14:20,565 - werkzeug - INFO - 192.168.0.10 - - [26/Apr/2026 13:14:20] "[36mGET /static/js/prestamos.js?v=1774564771 HTTP/1.1[0m" 304 -
2026-04-26 13:14:20,570 - werkzeug - INFO - 192.168.0.10 - - [26/Apr/2026 13:14:20] "[36mGET /static/js/main.js?v=1770570564 HTTP/1.1[0m" 304 -
2026-04-26 13:14:20,682 - werkzeug - INFO - 192.168.0.10 - - [26/Apr/2026 13:14:20] "[32mGET /api/dashboard/bancos?anio=2026&referencia_mes=4&referencia_anio=2026 HTTP/1.1[0m" 302 -
2026-04-26 13:14:20,688 - werkzeug - INFO - 192.168.0.10 - - [26/Apr/2026 13:14:20] "[32mGET /api/servicios/list HTTP/1.1[0m" 302 -
2026-04-26 13:14:20,693 - werkzeug - INFO - 192.168.0.10 - - [26/Apr/2026 13:14:20] "[32mGET /api/dashboard/servicios?anio=2026&referencia_mes=4&referencia_anio=2026 HTTP/1.1[0m" 302 -
2026-04-26 13:14:20,699 - werkzeug - INFO - 192.168.0.10 - - [26/Apr/2026 13:14:20] "[32mGET /api/bancos/prestamos?activos=true HTTP/1.1[0m" 302 -
2026-04-26 13:14:20,737 - werkzeug - INFO - 192.168.0.10 - - [26/Apr/2026 13:14:20] "[31m[1mGET /api/auth/login?next=/api/dashboard/bancos?anio%3D2026%26referencia_mes%3D4%26referencia_anio%3D2026 HTTP/1.1[0m" 405 -
2026-04-26 13:14:20,742 - werkzeug - INFO - 192.168.0.10 - - [26/Apr/2026 13:14:20] "[31m[1mGET /api/auth/login?next=/api/servicios/list HTTP/1.1[0m" 405 -
2026-04-26 13:14:20,747 - werkzeug - INFO - 192.168.0.10 - - [26/Apr/2026 13:14:20] "[31m[1mGET /api/auth/login?next=/api/dashboard/servicios?anio%3D2026%26referencia_mes%3D4%26referencia_anio%3D2026 HTTP/1.1[0m" 405 -
2026-04-26 13:14:20,757 - werkzeug - INFO - 192.168.0.10 - - [26/Apr/2026 13:14:20] "[31m[1mGET /api/auth/login?next=/api/bancos/prestamos?activos%3Dtrue HTTP/1.1[0m" 405 -
2026-04-26 13:14:23,906 - werkzeug - INFO - 192.168.0.10 - - [26/Apr/2026 13:14:23] "[32mGET /api/dashboard/comercial HTTP/1.1[0m" 302 -
2026-04-26 13:14:23,912 - werkzeug - INFO - 192.168.0.10 - - [26/Apr/2026 13:14:23] "[32mGET /api/comercial/catalogo HTTP/1.1[0m" 302 -
2026-04-26 13:14:23,916 - werkzeug - INFO - 192.168.0.10 - - [26/Apr/2026 13:14:23] "[32mGET /api/comercial/clientes HTTP/1.1[0m" 302 -
2026-04-26 13:14:23,921 - werkzeug - INFO - 192.168.0.10 - - [26/Apr/2026 13:14:23] "[32mGET /api/comercial/tarifas HTTP/1.1[0m" 302 -
2026-04-26 13:14:23,928 - werkzeug - INFO - 192.168.0.10 - - [26/Apr/2026 13:14:23] "[32mGET /api/comercial/vendedores HTTP/1.1[0m" 302 -
2026-04-26 13:14:23,935 - werkzeug - INFO - 192.168.0.10 - - [26/Apr/2026 13:14:23] "[32mGET /api/dashboard/comercial HTTP/1.1[0m" 302 -
2026-04-26 13:14:23,939 - werkzeug - INFO - 192.168.0.10 - - [26/Apr/2026 13:14:23] "[32mGET /api/comercial/catalogo HTTP/1.1[0m" 302 -
2026-04-26 13:14:23,949 - werkzeug - INFO - 192.168.0.10 - - [26/Apr/2026 13:14:23] "[32mGET /api/comercial/clientes HTTP/1.1[0m" 302 -
2026-04-26 13:14:23,956 - werkzeug - INFO - 192.168.0.10 - - [26/Apr/2026 13:14:23] "[32mGET /api/comercial/tarifas HTTP/1.1[0m" 302 -
2026-04-26 13:14:23,968 - werkzeug - INFO - 192.168.0.10 - - [26/Apr/2026 13:14:23] "[32mGET /api/comercial/vendedores HTTP/1.1[0m" 302 -
2026-04-26 13:14:24,039 - werkzeug - INFO - 192.168.0.10 - - [26/Apr/2026 13:14:24] "[31m[1mGET /api/auth/login?next=/api/dashboard/comercial HTTP/1.1[0m" 405 -
2026-04-26 13:14:24,047 - werkzeug - INFO - 192.168.0.10 - - [26/Apr/2026 13:14:24] "[31m[1mGET /api/auth/login?next=/api/comercial/catalogo HTTP/1.1[0m" 405 -
2026-04-26 13:14:24,057 - werkzeug - INFO - 192.168.0.10 - - [26/Apr/2026 13:14:24] "[31m[1mGET /api/auth/login?next=/api/comercial/clientes HTTP/1.1[0m" 405 -
2026-04-26 13:14:24,079 - werkzeug - INFO - 192.168.0.10 - - [26/Apr/2026 13:14:24] "[31m[1mGET /api/auth/login?next=/api/comercial/tarifas HTTP/1.1[0m" 405 -
2026-04-26 13:14:24,098 - werkzeug - INFO - 192.168.0.10 - - [26/Apr/2026 13:14:24] "[31m[1mGET /api/auth/login?next=/api/comercial/vendedores HTTP/1.1[0m" 405 -
2026-04-26 13:14:24,106 - werkzeug - INFO - 192.168.0.10 - - [26/Apr/2026 13:14:24] "[31m[1mGET /api/auth/login?next=/api/dashboard/comercial HTTP/1.1[0m" 405 -
2026-04-26 13:14:24,120 - werkzeug - INFO - 192.168.0.10 - - [26/Apr/2026 13:14:24] "[31m[1mGET /api/auth/login?next=/api/comercial/catalogo HTTP/1.1[0m" 405 -
2026-04-26 13:14:24,139 - werkzeug - INFO - 192.168.0.10 - - [26/Apr/2026 13:14:24] "[31m[1mGET /api/auth/login?next=/api/comercial/clientes HTTP/1.1[0m" 405 -
2026-04-26 13:14:24,148 - werkzeug - INFO - 192.168.0.10 - - [26/Apr/2026 13:14:24] "[31m[1mGET /api/auth/login?next=/api/comercial/tarifas HTTP/1.1[0m" 405 -
2026-04-26 13:14:24,159 - werkzeug - INFO - 192.168.0.10 - - [26/Apr/2026 13:14:24] "[31m[1mGET /api/auth/login?next=/api/comercial/vendedores HTTP/1.1[0m" 405 -
2026-04-26 13:15:32,455 - werkzeug - INFO - 192.168.0.10 - - [26/Apr/2026 13:15:32] "[32mGET /api/comercial/catalogo HTTP/1.1[0m" 302 -
2026-04-26 13:15:32,470 - werkzeug - INFO - 192.168.0.10 - - [26/Apr/2026 13:15:32] "[31m[1mGET /api/auth/login?next=/api/comercial/catalogo HTTP/1.1[0m" 405 -
2026-04-26 13:27:53,777 - app - INFO - [DB] DATABASE_URL configurada: (sin DATABASE_URL)
2026-04-26 13:27:53,889 - app - INFO - [DB] Conexion activa: sqlite:///C:\python\PREVENT\instance\prevent.db
2026-04-26 13:27:53,889 - app - INFO - [DB] Dialecto activo: sqlite
2026-04-26 13:27:53,889 - app - INFO - [DB] AUTO_CREATE_TABLES deshabilitado; usa migraciones controladas con 'flask db upgrade'
2026-04-26 13:27:53,925 - werkzeug - INFO - [31m[1mWARNING: This is a development server. Do not use it in a production deployment. Use a production WSGI server instead.[0m
 * Running on all addresses (0.0.0.0)
 * Running on http://127.0.0.1:8080
 * Running on http://192.168.0.10:8080
2026-04-26 13:27:53,925 - werkzeug - INFO - [33mPress CTRL+C to quit[0m
2026-04-26 13:28:10,332 - werkzeug - INFO - 192.168.0.10 - - [26/Apr/2026 13:28:10] "GET / HTTP/1.1" 200 -
2026-04-26 13:28:10,358 - werkzeug - INFO - 192.168.0.10 - - [26/Apr/2026 13:28:10] "[36mGET /static/css/styles.css?v=1777227222 HTTP/1.1[0m" 304 -
2026-04-26 13:28:10,360 - werkzeug - INFO - 192.168.0.10 - - [26/Apr/2026 13:28:10] "[36mGET /static/js/main.js?v=1770570564 HTTP/1.1[0m" 304 -
2026-04-26 13:28:15,314 - app.routes.auth - INFO - Usuario logueado: admin
2026-04-26 13:28:15,314 - werkzeug - INFO - 192.168.0.10 - - [26/Apr/2026 13:28:15] "POST /api/auth/login HTTP/1.1" 200 -
2026-04-26 13:28:15,431 - werkzeug - INFO - 192.168.0.10 - - [26/Apr/2026 13:28:15] "GET /dashboard HTTP/1.1" 200 -
2026-04-26 13:28:15,479 - werkzeug - INFO - 192.168.0.10 - - [26/Apr/2026 13:28:15] "[36mGET /static/css/styles.css?v=1777227222 HTTP/1.1[0m" 304 -
2026-04-26 13:28:15,496 - werkzeug - INFO - 192.168.0.10 - - [26/Apr/2026 13:28:15] "GET /static/js/dashboard.js?v=1777227994 HTTP/1.1" 200 -
2026-04-26 13:28:15,503 - werkzeug - INFO - 192.168.0.10 - - [26/Apr/2026 13:28:15] "[36mGET /static/js/servicios.js?v=1774564771 HTTP/1.1[0m" 304 -
2026-04-26 13:28:15,511 - werkzeug - INFO - 192.168.0.10 - - [26/Apr/2026 13:28:15] "[36mGET /static/js/prestamos.js?v=1774564771 HTTP/1.1[0m" 304 -
2026-04-26 13:28:15,514 - werkzeug - INFO - 192.168.0.10 - - [26/Apr/2026 13:28:15] "[36mGET /static/js/main.js?v=1770570564 HTTP/1.1[0m" 304 -
2026-04-26 13:28:15,643 - werkzeug - INFO - 192.168.0.10 - - [26/Apr/2026 13:28:15] "[32mGET /api/dashboard/bancos?anio=2026&referencia_mes=4&referencia_anio=2026 HTTP/1.1[0m" 302 -
2026-04-26 13:28:15,643 - werkzeug - INFO - 192.168.0.10 - - [26/Apr/2026 13:28:15] "[32mGET /api/servicios/list HTTP/1.1[0m" 302 -
2026-04-26 13:28:15,651 - werkzeug - INFO - 192.168.0.10 - - [26/Apr/2026 13:28:15] "[32mGET /api/dashboard/servicios?anio=2026&referencia_mes=4&referencia_anio=2026 HTTP/1.1[0m" 302 -
2026-04-26 13:28:15,657 - werkzeug - INFO - 192.168.0.10 - - [26/Apr/2026 13:28:15] "[32mGET /api/bancos/prestamos?activos=true HTTP/1.1[0m" 302 -
2026-04-26 13:28:15,683 - werkzeug - INFO - 192.168.0.10 - - [26/Apr/2026 13:28:15] "[31m[1mGET /api/auth/login?next=/api/dashboard/bancos?anio%3D2026%26referencia_mes%3D4%26referencia_anio%3D2026 HTTP/1.1[0m" 405 -
2026-04-26 13:28:15,686 - werkzeug - INFO - 192.168.0.10 - - [26/Apr/2026 13:28:15] "[31m[1mGET /api/auth/login?next=/api/servicios/list HTTP/1.1[0m" 405 -
2026-04-26 13:28:15,689 - werkzeug - INFO - 192.168.0.10 - - [26/Apr/2026 13:28:15] "[31m[1mGET /api/auth/login?next=/api/dashboard/servicios?anio%3D2026%26referencia_mes%3D4%26referencia_anio%3D2026 HTTP/1.1[0m" 405 -
2026-04-26 13:28:15,699 - werkzeug - INFO - 192.168.0.10 - - [26/Apr/2026 13:28:15] "[31m[1mGET /api/auth/login?next=/api/bancos/prestamos?activos%3Dtrue HTTP/1.1[0m" 405 -
2026-04-26 13:28:19,024 - werkzeug - INFO - 192.168.0.10 - - [26/Apr/2026 13:28:19] "[32mGET /api/dashboard/comercial HTTP/1.1[0m" 302 -
2026-04-26 13:28:19,028 - werkzeug - INFO - 192.168.0.10 - - [26/Apr/2026 13:28:19] "[32mGET /api/comercial/catalogo HTTP/1.1[0m" 302 -
2026-04-26 13:28:19,031 - werkzeug - INFO - 192.168.0.10 - - [26/Apr/2026 13:28:19] "[32mGET /api/comercial/clientes HTTP/1.1[0m" 302 -
2026-04-26 13:28:19,031 - werkzeug - INFO - 192.168.0.10 - - [26/Apr/2026 13:28:19] "[32mGET /api/comercial/tarifas HTTP/1.1[0m" 302 -
2026-04-26 13:28:19,042 - werkzeug - INFO - 192.168.0.10 - - [26/Apr/2026 13:28:19] "[32mGET /api/comercial/vendedores HTTP/1.1[0m" 302 -
2026-04-26 13:28:19,057 - werkzeug - INFO - 192.168.0.10 - - [26/Apr/2026 13:28:19] "[32mGET /api/dashboard/comercial HTTP/1.1[0m" 302 -
2026-04-26 13:28:19,059 - werkzeug - INFO - 192.168.0.10 - - [26/Apr/2026 13:28:19] "[32mGET /api/comercial/catalogo HTTP/1.1[0m" 302 -
2026-04-26 13:28:19,073 - werkzeug - INFO - 192.168.0.10 - - [26/Apr/2026 13:28:19] "[32mGET /api/comercial/clientes HTTP/1.1[0m" 302 -
2026-04-26 13:28:19,083 - werkzeug - INFO - 192.168.0.10 - - [26/Apr/2026 13:28:19] "[32mGET /api/comercial/tarifas HTTP/1.1[0m" 302 -
2026-04-26 13:28:19,096 - werkzeug - INFO - 192.168.0.10 - - [26/Apr/2026 13:28:19] "[32mGET /api/comercial/vendedores HTTP/1.1[0m" 302 -
2026-04-26 13:28:19,180 - werkzeug - INFO - 192.168.0.10 - - [26/Apr/2026 13:28:19] "[31m[1mGET /api/auth/login?next=/api/dashboard/comercial HTTP/1.1[0m" 405 -
2026-04-26 13:28:19,184 - werkzeug - INFO - 192.168.0.10 - - [26/Apr/2026 13:28:19] "[31m[1mGET /api/auth/login?next=/api/comercial/catalogo HTTP/1.1[0m" 405 -
2026-04-26 13:28:19,194 - werkzeug - INFO - 192.168.0.10 - - [26/Apr/2026 13:28:19] "[31m[1mGET /api/auth/login?next=/api/comercial/clientes HTTP/1.1[0m" 405 -
2026-04-26 13:28:19,216 - werkzeug - INFO - 192.168.0.10 - - [26/Apr/2026 13:28:19] "[31m[1mGET /api/auth/login?next=/api/comercial/tarifas HTTP/1.1[0m" 405 -
2026-04-26 13:28:19,230 - werkzeug - INFO - 192.168.0.10 - - [26/Apr/2026 13:28:19] "[31m[1mGET /api/auth/login?next=/api/comercial/vendedores HTTP/1.1[0m" 405 -
2026-04-26 13:28:19,246 - werkzeug - INFO - 192.168.0.10 - - [26/Apr/2026 13:28:19] "[31m[1mGET /api/auth/login?next=/api/dashboard/comercial HTTP/1.1[0m" 405 -
2026-04-26 13:28:19,265 - werkzeug - INFO - 192.168.0.10 - - [26/Apr/2026 13:28:19] "[31m[1mGET /api/auth/login?next=/api/comercial/catalogo HTTP/1.1[0m" 405 -
2026-04-26 13:28:19,273 - werkzeug - INFO - 192.168.0.10 - - [26/Apr/2026 13:28:19] "[31m[1mGET /api/auth/login?next=/api/comercial/clientes HTTP/1.1[0m" 405 -
2026-04-26 13:28:19,282 - werkzeug - INFO - 192.168.0.10 - - [26/Apr/2026 13:28:19] "[31m[1mGET /api/auth/login?next=/api/comercial/tarifas HTTP/1.1[0m" 405 -
2026-04-26 13:28:19,297 - werkzeug - INFO - 192.168.0.10 - - [26/Apr/2026 13:28:19] "[31m[1mGET /api/auth/login?next=/api/comercial/vendedores HTTP/1.1[0m" 405 -
2026-04-26 13:29:31,569 - werkzeug - INFO - 192.168.0.10 - - [26/Apr/2026 13:29:31] "[32mPOST /api/comercial/vendedores HTTP/1.1[0m" 302 -
2026-04-26 13:29:31,579 - werkzeug - INFO - 192.168.0.10 - - [26/Apr/2026 13:29:31] "[31m[1mGET /api/auth/login?next=/api/comercial/vendedores HTTP/1.1[0m" 405 -
2026-04-26 13:29:43,391 - werkzeug - INFO - 192.168.0.10 - - [26/Apr/2026 13:29:43] "[32mPOST /api/comercial/vendedores HTTP/1.1[0m" 302 -
2026-04-26 13:29:43,402 - werkzeug - INFO - 192.168.0.10 - - [26/Apr/2026 13:29:43] "[31m[1mGET /api/auth/login?next=/api/comercial/vendedores HTTP/1.1[0m" 405 -
2026-04-26 13:31:50,986 - app.routes.auth - INFO - Usuario logueado: admin
2026-04-26 13:31:51,003 - werkzeug - INFO - 127.0.0.1 - - [26/Apr/2026 13:31:51] "POST /api/auth/login HTTP/1.1" 200 -
2026-04-26 13:31:51,008 - werkzeug - INFO - 127.0.0.1 - - [26/Apr/2026 13:31:51] "[32mGET /api/auth/me HTTP/1.1[0m" 302 -
2026-04-26 13:31:51,012 - werkzeug - INFO - 127.0.0.1 - - [26/Apr/2026 13:31:51] "[31m[1mGET /api/auth/login?next=/api/auth/me HTTP/1.1[0m" 405 -
2026-04-26 13:31:51,017 - werkzeug - INFO - 127.0.0.1 - - [26/Apr/2026 13:31:51] "[32mGET /api/comercial/vendedores HTTP/1.1[0m" 302 -
2026-04-26 13:31:51,023 - werkzeug - INFO - 127.0.0.1 - - [26/Apr/2026 13:31:51] "[31m[1mGET /api/auth/login?next=/api/comercial/vendedores HTTP/1.1[0m" 405 -
2026-04-26 13:31:51,904 - app.routes.auth - INFO - Usuario logueado: admin
2026-04-26 13:31:51,914 - werkzeug - INFO - 192.168.0.10 - - [26/Apr/2026 13:31:51] "POST /api/auth/login HTTP/1.1" 200 -
2026-04-26 13:31:51,920 - werkzeug - INFO - 192.168.0.10 - - [26/Apr/2026 13:31:51] "[32mGET /api/auth/me HTTP/1.1[0m" 302 -
2026-04-26 13:31:51,925 - werkzeug - INFO - 192.168.0.10 - - [26/Apr/2026 13:31:51] "[31m[1mGET /api/auth/login?next=/api/auth/me HTTP/1.1[0m" 405 -
2026-04-26 13:31:51,929 - werkzeug - INFO - 192.168.0.10 - - [26/Apr/2026 13:31:51] "[32mGET /api/comercial/vendedores HTTP/1.1[0m" 302 -
2026-04-26 13:31:51,934 - werkzeug - INFO - 192.168.0.10 - - [26/Apr/2026 13:31:51] "[31m[1mGET /api/auth/login?next=/api/comercial/vendedores HTTP/1.1[0m" 405 -
2026-04-26 13:32:13,321 - app.routes.auth - INFO - Usuario logueado: admin
2026-04-26 13:32:13,330 - werkzeug - INFO - 127.0.0.1 - - [26/Apr/2026 13:32:13] "POST /api/auth/login HTTP/1.1" 200 -
2026-04-26 13:34:23,834 - app - INFO - [DB] DATABASE_URL configurada: (sin DATABASE_URL)
2026-04-26 13:34:23,906 - app - INFO - [DB] Conexion activa: sqlite:///C:\python\PREVENT\instance\prevent.db
2026-04-26 13:34:23,906 - app - INFO - [DB] Dialecto activo: sqlite
2026-04-26 13:34:23,906 - app - INFO - [OK] Tablas de base de datos creadas/verificadas
2026-04-26 13:34:24,017 - app - INFO - [DB] Usuario administrador 'admin' ya existe
2026-04-26 13:34:37,784 - app - INFO - [DB] DATABASE_URL configurada: (sin DATABASE_URL)
2026-04-26 13:34:37,864 - app - INFO - [DB] Conexion activa: sqlite:///C:\python\PREVENT\instance\prevent.db
2026-04-26 13:34:37,864 - app - INFO - [DB] Dialecto activo: sqlite
2026-04-26 13:34:37,880 - app - INFO - [OK] Tablas de base de datos creadas/verificadas
2026-04-26 13:34:38,006 - app - INFO - [DB] Usuario administrador 'admin' ya existe
2026-04-26 13:34:55,299 - app - INFO - [DB] DATABASE_URL configurada: (sin DATABASE_URL)
2026-04-26 13:34:55,398 - app - INFO - [DB] Conexion activa: sqlite:///C:\python\PREVENT\instance\prevent.db
2026-04-26 13:34:55,398 - app - INFO - [DB] Dialecto activo: sqlite
2026-04-26 13:34:55,411 - app - INFO - [OK] Tablas de base de datos creadas/verificadas
2026-04-26 13:34:55,534 - app - INFO - [DB] Usuario administrador 'admin' ya existe
2026-04-26 13:35:09,259 - app - INFO - [DB] DATABASE_URL configurada: (sin DATABASE_URL)
2026-04-26 13:35:09,323 - app - INFO - [DB] DATABASE_URL configurada: (sin DATABASE_URL)
2026-04-26 13:35:09,348 - app - INFO - [DB] Conexion activa: sqlite:///C:\python\PREVENT\instance\prevent.db
2026-04-26 13:35:09,348 - app - INFO - [DB] Dialecto activo: sqlite
2026-04-26 13:35:09,365 - app - INFO - [OK] Tablas de base de datos creadas/verificadas
2026-04-26 13:35:09,395 - app - INFO - [DB] Conexion activa: sqlite:///C:\python\PREVENT\instance\prevent.db
2026-04-26 13:35:09,395 - app - INFO - [DB] Dialecto activo: sqlite
2026-04-26 13:35:09,411 - app - INFO - [OK] Tablas de base de datos creadas/verificadas
2026-04-26 13:35:09,480 - app - INFO - [DB] Usuario administrador 'admin' ya existe
2026-04-26 13:35:09,534 - app - INFO - [DB] Usuario administrador 'admin' ya existe
2026-04-26 13:35:10,426 - app.routes.auth - INFO - Usuario logueado: admin
2026-04-26 13:35:26,156 - app - INFO - [DB] DATABASE_URL configurada: (sin DATABASE_URL)
2026-04-26 13:35:26,228 - app - INFO - [DB] Conexion activa: sqlite:///C:\python\PREVENT\instance\prevent.db
2026-04-26 13:35:26,228 - app - INFO - [DB] Dialecto activo: sqlite
2026-04-26 13:35:26,275 - app - INFO - [OK] Tablas de base de datos creadas/verificadas
2026-04-26 13:35:26,402 - app - INFO - [DB] Usuario administrador 'admin' ya existe
2026-04-26 13:35:27,165 - app.routes.auth - INFO - Usuario logueado: admin
2026-04-26 13:35:40,813 - app - INFO - [DB] DATABASE_URL configurada: (sin DATABASE_URL)
2026-04-26 13:35:40,904 - app - INFO - [DB] Conexion activa: sqlite:///C:\python\PREVENT\instance\prevent.db
2026-04-26 13:35:40,904 - app - INFO - [DB] Dialecto activo: sqlite
2026-04-26 13:35:40,921 - app - INFO - [OK] Tablas de base de datos creadas/verificadas
2026-04-26 13:35:41,031 - app - INFO - [DB] Usuario administrador 'admin' ya existe
2026-04-26 13:36:43,773 - app - INFO - [DB] DATABASE_URL configurada: (sin DATABASE_URL)
2026-04-26 13:36:43,862 - app - INFO - [DB] Conexion activa: sqlite:///C:\python\PREVENT\instance\prevent.db
2026-04-26 13:36:43,862 - app - INFO - [DB] Dialecto activo: sqlite
2026-04-26 13:36:43,879 - app - INFO - [OK] Tablas de base de datos creadas/verificadas
2026-04-26 13:36:44,035 - app - INFO - [DB] Usuario administrador 'admin' ya existe
2026-04-26 13:36:44,140 - werkzeug - INFO - [31m[1mWARNING: This is a development server. Do not use it in a production deployment. Use a production WSGI server instead.[0m
 * Running on all addresses (0.0.0.0)
 * Running on http://127.0.0.1:8080
 * Running on http://192.168.0.10:8080
2026-04-26 13:36:44,140 - werkzeug - INFO - [33mPress CTRL+C to quit[0m
2026-04-26 13:36:44,147 - werkzeug - INFO -  * Restarting with stat
2026-04-26 13:36:46,462 - app - INFO - [DB] DATABASE_URL configurada: (sin DATABASE_URL)
2026-04-26 13:36:46,561 - app - INFO - [DB] Conexion activa: sqlite:///C:\python\PREVENT\instance\prevent.db
2026-04-26 13:36:46,561 - app - INFO - [DB] Dialecto activo: sqlite
2026-04-26 13:36:46,569 - app - INFO - [OK] Tablas de base de datos creadas/verificadas
2026-04-26 13:36:46,705 - app - INFO - [DB] Usuario administrador 'admin' ya existe
2026-04-26 13:36:46,731 - werkzeug - WARNING -  * Debugger is active!
2026-04-26 13:36:46,737 - werkzeug - INFO -  * Debugger PIN: 792-480-490
2026-04-26 13:36:58,136 - werkzeug - INFO - 192.168.0.10 - - [26/Apr/2026 13:36:58] "GET /dashboard HTTP/1.1" 200 -
2026-04-26 13:36:58,190 - werkzeug - INFO - 192.168.0.10 - - [26/Apr/2026 13:36:58] "[36mGET /static/css/styles.css?v=1777227222 HTTP/1.1[0m" 304 -
2026-04-26 13:36:58,196 - werkzeug - INFO - 192.168.0.10 - - [26/Apr/2026 13:36:58] "[36mGET /static/js/dashboard.js?v=1777227994 HTTP/1.1[0m" 304 -
2026-04-26 13:36:58,198 - werkzeug - INFO - 192.168.0.10 - - [26/Apr/2026 13:36:58] "[36mGET /static/js/servicios.js?v=1774564771 HTTP/1.1[0m" 304 -
2026-04-26 13:36:58,205 - werkzeug - INFO - 192.168.0.10 - - [26/Apr/2026 13:36:58] "[36mGET /static/js/prestamos.js?v=1774564771 HTTP/1.1[0m" 304 -
2026-04-26 13:36:58,206 - werkzeug - INFO - 192.168.0.10 - - [26/Apr/2026 13:36:58] "[36mGET /static/js/main.js?v=1770570564 HTTP/1.1[0m" 304 -
2026-04-26 13:36:58,265 - werkzeug - INFO - 192.168.0.10 - - [26/Apr/2026 13:36:58] "[31m[1mGET /api/dashboard/bancos?anio=2026&referencia_mes=4&referencia_anio=2026 HTTP/1.1[0m" 401 -
2026-04-26 13:36:58,270 - werkzeug - INFO - 192.168.0.10 - - [26/Apr/2026 13:36:58] "[31m[1mGET /api/servicios/list HTTP/1.1[0m" 401 -
2026-04-26 13:36:58,275 - werkzeug - INFO - 192.168.0.10 - - [26/Apr/2026 13:36:58] "[31m[1mGET /api/dashboard/servicios?anio=2026&referencia_mes=4&referencia_anio=2026 HTTP/1.1[0m" 401 -
2026-04-26 13:36:58,282 - werkzeug - INFO - 192.168.0.10 - - [26/Apr/2026 13:36:58] "[31m[1mGET /api/bancos/prestamos?activos=true HTTP/1.1[0m" 401 -
2026-04-26 13:37:06,451 - werkzeug - INFO - 192.168.0.10 - - [26/Apr/2026 13:37:06] "GET / HTTP/1.1" 200 -
2026-04-26 13:37:06,499 - werkzeug - INFO - 192.168.0.10 - - [26/Apr/2026 13:37:06] "[36mGET /static/css/styles.css?v=1777227222 HTTP/1.1[0m" 304 -
2026-04-26 13:37:06,504 - werkzeug - INFO - 192.168.0.10 - - [26/Apr/2026 13:37:06] "[36mGET /static/js/main.js?v=1770570564 HTTP/1.1[0m" 304 -
2026-04-26 13:37:12,665 - app.routes.auth - INFO - Usuario logueado: admin
2026-04-26 13:37:12,677 - werkzeug - INFO - 192.168.0.10 - - [26/Apr/2026 13:37:12] "POST /api/auth/login HTTP/1.1" 200 -
2026-04-26 13:37:12,714 - werkzeug - INFO - 192.168.0.10 - - [26/Apr/2026 13:37:12] "GET /dashboard HTTP/1.1" 200 -
2026-04-26 13:37:12,764 - werkzeug - INFO - 192.168.0.10 - - [26/Apr/2026 13:37:12] "[36mGET /static/css/styles.css?v=1777227222 HTTP/1.1[0m" 304 -
2026-04-26 13:37:12,773 - werkzeug - INFO - 192.168.0.10 - - [26/Apr/2026 13:37:12] "[36mGET /static/js/dashboard.js?v=1777227994 HTTP/1.1[0m" 304 -
2026-04-26 13:37:12,775 - werkzeug - INFO - 192.168.0.10 - - [26/Apr/2026 13:37:12] "[36mGET /static/js/servicios.js?v=1774564771 HTTP/1.1[0m" 304 -
2026-04-26 13:37:12,781 - werkzeug - INFO - 192.168.0.10 - - [26/Apr/2026 13:37:12] "[36mGET /static/js/prestamos.js?v=1774564771 HTTP/1.1[0m" 304 -
2026-04-26 13:37:12,783 - werkzeug - INFO - 192.168.0.10 - - [26/Apr/2026 13:37:12] "[36mGET /static/js/main.js?v=1770570564 HTTP/1.1[0m" 304 -
2026-04-26 13:37:12,967 - werkzeug - INFO - 192.168.0.10 - - [26/Apr/2026 13:37:12] "GET /api/servicios/list HTTP/1.1" 200 -
2026-04-26 13:37:12,984 - werkzeug - INFO - 192.168.0.10 - - [26/Apr/2026 13:37:12] "GET /api/bancos/prestamos?activos=true HTTP/1.1" 200 -
2026-04-26 13:37:13,041 - werkzeug - INFO - 192.168.0.10 - - [26/Apr/2026 13:37:13] "GET /api/dashboard/servicios?anio=2026&referencia_mes=4&referencia_anio=2026 HTTP/1.1" 200 -
2026-04-26 13:37:13,065 - werkzeug - INFO - 192.168.0.10 - - [26/Apr/2026 13:37:13] "GET /api/dashboard/bancos?anio=2026&referencia_mes=4&referencia_anio=2026 HTTP/1.1" 200 -
2026-04-26 13:37:16,845 - werkzeug - INFO - 192.168.0.10 - - [26/Apr/2026 13:37:16] "GET /api/comercial/vendedores HTTP/1.1" 200 -
2026-04-26 13:37:16,854 - werkzeug - INFO - 192.168.0.10 - - [26/Apr/2026 13:37:16] "GET /api/dashboard/comercial HTTP/1.1" 200 -
2026-04-26 13:37:16,897 - werkzeug - INFO - 192.168.0.10 - - [26/Apr/2026 13:37:16] "GET /api/comercial/catalogo HTTP/1.1" 200 -
2026-04-26 13:37:16,901 - werkzeug - INFO - 192.168.0.10 - - [26/Apr/2026 13:37:16] "GET /api/comercial/clientes HTTP/1.1" 200 -
2026-04-26 13:37:16,904 - werkzeug - INFO - 192.168.0.10 - - [26/Apr/2026 13:37:16] "GET /api/dashboard/comercial HTTP/1.1" 200 -
2026-04-26 13:37:16,908 - werkzeug - INFO - 192.168.0.10 - - [26/Apr/2026 13:37:16] "GET /api/comercial/vendedores HTTP/1.1" 200 -
2026-04-26 13:37:16,941 - werkzeug - INFO - 192.168.0.10 - - [26/Apr/2026 13:37:16] "GET /api/comercial/tarifas HTTP/1.1" 200 -
2026-04-26 13:37:16,952 - werkzeug - INFO - 192.168.0.10 - - [26/Apr/2026 13:37:16] "GET /api/comercial/clientes HTTP/1.1" 200 -
2026-04-26 13:37:16,962 - werkzeug - INFO - 192.168.0.10 - - [26/Apr/2026 13:37:16] "GET /api/comercial/catalogo HTTP/1.1" 200 -
2026-04-26 13:37:16,997 - werkzeug - INFO - 192.168.0.10 - - [26/Apr/2026 13:37:16] "GET /api/comercial/tarifas HTTP/1.1" 200 -
2026-04-26 13:38:31,373 - werkzeug - INFO - 192.168.0.10 - - [26/Apr/2026 13:38:31] "GET /api/comercial/clientes HTTP/1.1" 200 -
2026-04-26 13:38:31,390 - werkzeug - INFO - 192.168.0.10 - - [26/Apr/2026 13:38:31] "GET /api/dashboard/comercial?mes=4&anio=2026 HTTP/1.1" 200 -
2026-04-26 13:38:31,406 - werkzeug - INFO - 192.168.0.10 - - [26/Apr/2026 13:38:31] "GET /api/comercial/vendedores HTTP/1.1" 200 -
2026-04-26 13:38:31,421 - werkzeug - INFO - 192.168.0.10 - - [26/Apr/2026 13:38:31] "GET /api/comercial/catalogo HTTP/1.1" 200 -
2026-04-26 13:38:31,431 - werkzeug - INFO - 192.168.0.10 - - [26/Apr/2026 13:38:31] "GET /api/comercial/tarifas HTTP/1.1" 200 -
2026-04-26 13:55:15,133 - app - INFO - [DB] DATABASE_URL configurada: (sin DATABASE_URL)
2026-04-26 13:55:15,248 - app - INFO - [DB] Conexion activa: sqlite:///C:\python\PREVENT\instance\prevent.db
2026-04-26 13:55:15,248 - app - INFO - [DB] Dialecto activo: sqlite
2026-04-26 13:55:15,301 - app - INFO - [OK] Tablas de base de datos creadas/verificadas
2026-04-26 13:55:15,518 - app - INFO - [DB] Usuario administrador 'admin' ya existe
2026-04-26 13:55:15,580 - werkzeug - INFO - [31m[1mWARNING: This is a development server. Do not use it in a production deployment. Use a production WSGI server instead.[0m
 * Running on all addresses (0.0.0.0)
 * Running on http://127.0.0.1:8080
 * Running on http://192.168.0.10:8080
2026-04-26 13:55:15,580 - werkzeug - INFO - [33mPress CTRL+C to quit[0m
2026-04-26 13:55:15,585 - werkzeug - INFO -  * Restarting with stat
2026-04-26 13:55:17,940 - app - INFO - [DB] DATABASE_URL configurada: (sin DATABASE_URL)
2026-04-26 13:55:18,052 - app - INFO - [DB] Conexion activa: sqlite:///C:\python\PREVENT\instance\prevent.db
2026-04-26 13:55:18,052 - app - INFO - [DB] Dialecto activo: sqlite
2026-04-26 13:55:18,065 - app - INFO - [OK] Tablas de base de datos creadas/verificadas
2026-04-26 13:55:18,229 - app - INFO - [DB] Usuario administrador 'admin' ya existe
2026-04-26 13:55:18,262 - werkzeug - WARNING -  * Debugger is active!
2026-04-26 13:55:18,268 - werkzeug - INFO -  * Debugger PIN: 792-480-490
2026-04-26 13:55:23,458 - werkzeug - INFO - 192.168.0.10 - - [26/Apr/2026 13:55:23] "GET / HTTP/1.1" 200 -
2026-04-26 13:55:23,514 - werkzeug - INFO - 192.168.0.10 - - [26/Apr/2026 13:55:23] "GET /static/css/styles.css?v=1777229391 HTTP/1.1" 200 -
2026-04-26 13:55:23,519 - werkzeug - INFO - 192.168.0.10 - - [26/Apr/2026 13:55:23] "[36mGET /static/js/main.js?v=1770570564 HTTP/1.1[0m" 304 -
2026-04-26 13:55:56,156 - app.routes.auth - INFO - Usuario logueado: admin
2026-04-26 13:55:56,171 - werkzeug - INFO - 192.168.0.10 - - [26/Apr/2026 13:55:56] "POST /api/auth/login HTTP/1.1" 200 -
2026-04-26 13:55:56,299 - werkzeug - INFO - 192.168.0.10 - - [26/Apr/2026 13:55:56] "GET /dashboard HTTP/1.1" 200 -
2026-04-26 13:55:56,372 - werkzeug - INFO - 192.168.0.10 - - [26/Apr/2026 13:55:56] "GET /static/js/dashboard.js?v=1777229488 HTTP/1.1" 200 -
2026-04-26 13:55:56,381 - werkzeug - INFO - 192.168.0.10 - - [26/Apr/2026 13:55:56] "[36mGET /static/css/styles.css?v=1777229391 HTTP/1.1[0m" 304 -
2026-04-26 13:55:56,384 - werkzeug - INFO - 192.168.0.10 - - [26/Apr/2026 13:55:56] "[36mGET /static/js/servicios.js?v=1774564771 HTTP/1.1[0m" 304 -
2026-04-26 13:55:56,397 - werkzeug - INFO - 192.168.0.10 - - [26/Apr/2026 13:55:56] "[36mGET /static/js/prestamos.js?v=1774564771 HTTP/1.1[0m" 304 -
2026-04-26 13:55:56,408 - werkzeug - INFO - 192.168.0.10 - - [26/Apr/2026 13:55:56] "[36mGET /static/js/main.js?v=1770570564 HTTP/1.1[0m" 304 -
2026-04-26 13:55:56,648 - werkzeug - INFO - 192.168.0.10 - - [26/Apr/2026 13:55:56] "GET /api/servicios/list HTTP/1.1" 200 -
2026-04-26 13:55:56,705 - werkzeug - INFO - 192.168.0.10 - - [26/Apr/2026 13:55:56] "GET /api/bancos/prestamos?activos=true HTTP/1.1" 200 -
2026-04-26 13:55:56,811 - werkzeug - INFO - 192.168.0.10 - - [26/Apr/2026 13:55:56] "GET /api/dashboard/servicios?anio=2026&referencia_mes=4&referencia_anio=2026 HTTP/1.1" 200 -
2026-04-26 13:55:56,811 - werkzeug - INFO - 192.168.0.10 - - [26/Apr/2026 13:55:56] "GET /api/dashboard/bancos?anio=2026&referencia_mes=4&referencia_anio=2026 HTTP/1.1" 200 -
2026-04-26 13:56:00,760 - werkzeug - INFO - 192.168.0.10 - - [26/Apr/2026 13:56:00] "GET /api/dashboard/comercial HTTP/1.1" 200 -
2026-04-26 13:56:00,788 - werkzeug - INFO - 192.168.0.10 - - [26/Apr/2026 13:56:00] "GET /api/comercial/vendedores HTTP/1.1" 200 -
2026-04-26 13:56:25,744 - werkzeug - INFO - 192.168.0.10 - - [26/Apr/2026 13:56:25] "GET /api/comercial/vendedores HTTP/1.1" 200 -
2026-04-26 13:56:40,964 - werkzeug - INFO - 192.168.0.10 - - [26/Apr/2026 13:56:40] "GET /api/comercial/catalogo HTTP/1.1" 200 -
2026-04-26 13:56:46,990 - werkzeug - INFO - 192.168.0.10 - - [26/Apr/2026 13:56:46] "GET /api/comercial/clientes HTTP/1.1" 200 -
2026-04-26 13:56:47,005 - werkzeug - INFO - 192.168.0.10 - - [26/Apr/2026 13:56:47] "GET /api/comercial/tarifas HTTP/1.1" 200 -
2026-04-26 13:56:59,207 - app.routes.auth - INFO - Usuario logueado: admin
2026-04-26 13:56:59,207 - werkzeug - INFO - 192.168.0.10 - - [26/Apr/2026 13:56:59] "POST /api/auth/login HTTP/1.1" 200 -
2026-04-26 13:56:59,249 - werkzeug - INFO - 192.168.0.10 - - [26/Apr/2026 13:56:59] "GET /dashboard HTTP/1.1" 200 -
2026-04-26 13:56:59,292 - werkzeug - INFO - 192.168.0.10 - - [26/Apr/2026 13:56:59] "[36mGET /static/css/styles.css?v=1777229391 HTTP/1.1[0m" 304 -
2026-04-26 13:56:59,306 - werkzeug - INFO - 192.168.0.10 - - [26/Apr/2026 13:56:59] "[36mGET /static/js/prestamos.js?v=1774564771 HTTP/1.1[0m" 304 -
2026-04-26 13:56:59,306 - werkzeug - INFO - 192.168.0.10 - - [26/Apr/2026 13:56:59] "[36mGET /static/js/dashboard.js?v=1777229488 HTTP/1.1[0m" 304 -
2026-04-26 13:56:59,306 - werkzeug - INFO - 192.168.0.10 - - [26/Apr/2026 13:56:59] "[36mGET /static/js/servicios.js?v=1774564771 HTTP/1.1[0m" 304 -
2026-04-26 13:56:59,316 - werkzeug - INFO - 192.168.0.10 - - [26/Apr/2026 13:56:59] "[36mGET /static/js/main.js?v=1770570564 HTTP/1.1[0m" 304 -
2026-04-26 13:56:59,386 - werkzeug - INFO - 192.168.0.10 - - [26/Apr/2026 13:56:59] "GET /api/servicios/list HTTP/1.1" 200 -
2026-04-26 13:56:59,398 - werkzeug - INFO - 192.168.0.10 - - [26/Apr/2026 13:56:59] "GET /api/bancos/prestamos?activos=true HTTP/1.1" 200 -
2026-04-26 13:56:59,435 - werkzeug - INFO - 192.168.0.10 - - [26/Apr/2026 13:56:59] "GET /api/dashboard/servicios?anio=2026&referencia_mes=4&referencia_anio=2026 HTTP/1.1" 200 -
2026-04-26 13:56:59,451 - werkzeug - INFO - 192.168.0.10 - - [26/Apr/2026 13:56:59] "GET /api/dashboard/bancos?anio=2026&referencia_mes=4&referencia_anio=2026 HTTP/1.1" 200 -
2026-04-26 13:57:02,280 - werkzeug - INFO - 192.168.0.10 - - [26/Apr/2026 13:57:02] "GET /api/dashboard/comercial HTTP/1.1" 200 -
2026-04-26 13:57:02,297 - werkzeug - INFO - 192.168.0.10 - - [26/Apr/2026 13:57:02] "GET /api/comercial/vendedores HTTP/1.1" 200 -
2026-04-26 13:59:07,221 - werkzeug - INFO - 192.168.0.10 - - [26/Apr/2026 13:59:07] "GET /api/dashboard/comercial?mes=4&anio=2026 HTTP/1.1" 200 -
2026-04-26 13:59:07,237 - werkzeug - INFO - 192.168.0.10 - - [26/Apr/2026 13:59:07] "GET /api/comercial/vendedores HTTP/1.1" 200 -
2026-04-26 13:59:12,979 - app.routes.auth - INFO - Usuario logueado: admin
2026-04-26 13:59:12,983 - werkzeug - INFO - 192.168.0.10 - - [26/Apr/2026 13:59:12] "POST /api/auth/login HTTP/1.1" 200 -
2026-04-26 13:59:13,010 - werkzeug - INFO - 192.168.0.10 - - [26/Apr/2026 13:59:13] "GET /dashboard HTTP/1.1" 200 -
2026-04-26 13:59:13,051 - werkzeug - INFO - 192.168.0.10 - - [26/Apr/2026 13:59:13] "[36mGET /static/css/styles.css?v=1777229391 HTTP/1.1[0m" 304 -
2026-04-26 13:59:13,060 - werkzeug - INFO - 192.168.0.10 - - [26/Apr/2026 13:59:13] "[36mGET /static/js/servicios.js?v=1774564771 HTTP/1.1[0m" 304 -
2026-04-26 13:59:13,064 - werkzeug - INFO - 192.168.0.10 - - [26/Apr/2026 13:59:13] "[36mGET /static/js/dashboard.js?v=1777229488 HTTP/1.1[0m" 304 -
2026-04-26 13:59:13,069 - werkzeug - INFO - 192.168.0.10 - - [26/Apr/2026 13:59:13] "[36mGET /static/js/prestamos.js?v=1774564771 HTTP/1.1[0m" 304 -
2026-04-26 13:59:13,072 - werkzeug - INFO - 192.168.0.10 - - [26/Apr/2026 13:59:13] "[36mGET /static/js/main.js?v=1770570564 HTTP/1.1[0m" 304 -
2026-04-26 13:59:13,121 - werkzeug - INFO - 192.168.0.10 - - [26/Apr/2026 13:59:13] "GET /api/servicios/list HTTP/1.1" 200 -
2026-04-26 13:59:13,138 - werkzeug - INFO - 192.168.0.10 - - [26/Apr/2026 13:59:13] "GET /api/bancos/prestamos?activos=true HTTP/1.1" 200 -
2026-04-26 13:59:13,188 - werkzeug - INFO - 192.168.0.10 - - [26/Apr/2026 13:59:13] "GET /api/dashboard/servicios?anio=2026&referencia_mes=4&referencia_anio=2026 HTTP/1.1" 200 -
2026-04-26 13:59:13,200 - werkzeug - INFO - 192.168.0.10 - - [26/Apr/2026 13:59:13] "GET /api/dashboard/bancos?anio=2026&referencia_mes=4&referencia_anio=2026 HTTP/1.1" 200 -
2026-04-26 13:59:16,457 - werkzeug - INFO - 192.168.0.10 - - [26/Apr/2026 13:59:16] "GET /api/dashboard/comercial HTTP/1.1" 200 -
2026-04-26 13:59:16,476 - werkzeug - INFO - 192.168.0.10 - - [26/Apr/2026 13:59:16] "GET /api/comercial/vendedores HTTP/1.1" 200 -
2026-04-26 14:06:34,372 - app - INFO - [DB] DATABASE_URL configurada: (sin DATABASE_URL)
2026-04-26 14:06:34,462 - app - INFO - [DB] Conexion activa: sqlite:///C:\python\PREVENT\instance\prevent.db
2026-04-26 14:06:34,462 - app - INFO - [DB] Dialecto activo: sqlite
2026-04-26 14:06:34,481 - app - INFO - [OK] Tablas de base de datos creadas/verificadas
2026-04-26 14:06:34,629 - app - INFO - [DB] Usuario administrador 'admin' ya existe
2026-04-26 14:06:34,678 - werkzeug - INFO - [31m[1mWARNING: This is a development server. Do not use it in a production deployment. Use a production WSGI server instead.[0m
 * Running on all addresses (0.0.0.0)
 * Running on http://127.0.0.1:8080
 * Running on http://192.168.0.10:8080
2026-04-26 14:06:34,678 - werkzeug - INFO - [33mPress CTRL+C to quit[0m
2026-04-26 14:06:34,682 - werkzeug - INFO -  * Restarting with stat
2026-04-26 14:06:36,522 - app - INFO - [DB] DATABASE_URL configurada: (sin DATABASE_URL)
2026-04-26 14:06:36,623 - app - INFO - [DB] Conexion activa: sqlite:///C:\python\PREVENT\instance\prevent.db
2026-04-26 14:06:36,623 - app - INFO - [DB] Dialecto activo: sqlite
2026-04-26 14:06:36,640 - app - INFO - [OK] Tablas de base de datos creadas/verificadas
2026-04-26 14:06:36,792 - app - INFO - [DB] Usuario administrador 'admin' ya existe
2026-04-26 14:06:36,795 - werkzeug - WARNING -  * Debugger is active!
2026-04-26 14:06:36,812 - werkzeug - INFO -  * Debugger PIN: 792-480-490
2026-04-26 14:06:47,624 - werkzeug - INFO - 192.168.0.10 - - [26/Apr/2026 14:06:47] "GET / HTTP/1.1" 200 -
2026-04-26 14:06:47,677 - werkzeug - INFO - 192.168.0.10 - - [26/Apr/2026 14:06:47] "GET /static/css/styles.css?v=1777230169 HTTP/1.1" 200 -
2026-04-26 14:06:47,685 - werkzeug - INFO - 192.168.0.10 - - [26/Apr/2026 14:06:47] "[36mGET /static/js/main.js?v=1770570564 HTTP/1.1[0m" 304 -
2026-04-26 14:06:52,643 - app.routes.auth - INFO - Usuario logueado: admin
2026-04-26 14:06:52,643 - werkzeug - INFO - 192.168.0.10 - - [26/Apr/2026 14:06:52] "POST /api/auth/login HTTP/1.1" 200 -
2026-04-26 14:06:52,829 - werkzeug - INFO - 192.168.0.10 - - [26/Apr/2026 14:06:52] "GET /dashboard HTTP/1.1" 200 -
2026-04-26 14:06:52,891 - werkzeug - INFO - 192.168.0.10 - - [26/Apr/2026 14:06:52] "[36mGET /static/css/styles.css?v=1777230169 HTTP/1.1[0m" 304 -
2026-04-26 14:06:52,908 - werkzeug - INFO - 192.168.0.10 - - [26/Apr/2026 14:06:52] "GET /static/js/dashboard.js?v=1777230286 HTTP/1.1" 200 -
2026-04-26 14:06:52,908 - werkzeug - INFO - 192.168.0.10 - - [26/Apr/2026 14:06:52] "[36mGET /static/js/servicios.js?v=1774564771 HTTP/1.1[0m" 304 -
2026-04-26 14:06:52,916 - werkzeug - INFO - 192.168.0.10 - - [26/Apr/2026 14:06:52] "[36mGET /static/js/main.js?v=1770570564 HTTP/1.1[0m" 304 -
2026-04-26 14:06:52,917 - werkzeug - INFO - 192.168.0.10 - - [26/Apr/2026 14:06:52] "[36mGET /static/js/prestamos.js?v=1774564771 HTTP/1.1[0m" 304 -
2026-04-26 14:06:53,185 - werkzeug - INFO - 192.168.0.10 - - [26/Apr/2026 14:06:53] "GET /api/servicios/list HTTP/1.1" 200 -
2026-04-26 14:06:53,252 - werkzeug - INFO - 192.168.0.10 - - [26/Apr/2026 14:06:53] "GET /api/bancos/prestamos?activos=true HTTP/1.1" 200 -
2026-04-26 14:06:53,343 - werkzeug - INFO - 192.168.0.10 - - [26/Apr/2026 14:06:53] "GET /api/dashboard/servicios?anio=2026&referencia_mes=4&referencia_anio=2026 HTTP/1.1" 200 -
2026-04-26 14:06:53,378 - werkzeug - INFO - 192.168.0.10 - - [26/Apr/2026 14:06:53] "GET /api/dashboard/bancos?anio=2026&referencia_mes=4&referencia_anio=2026 HTTP/1.1" 200 -
2026-04-26 14:07:11,601 - werkzeug - INFO - 192.168.0.10 - - [26/Apr/2026 14:07:11] "GET /api/comercial/vendedores HTTP/1.1" 200 -
2026-04-26 14:07:23,398 - werkzeug - INFO - 192.168.0.10 - - [26/Apr/2026 14:07:23] "GET /api/comercial/catalogo HTTP/1.1" 200 -
2026-04-26 14:07:28,961 - werkzeug - INFO - 192.168.0.10 - - [26/Apr/2026 14:07:28] "GET /api/comercial/clientes HTTP/1.1" 200 -
2026-04-26 14:07:28,980 - werkzeug - INFO - 192.168.0.10 - - [26/Apr/2026 14:07:28] "GET /api/comercial/tarifas HTTP/1.1" 200 -
2026-04-26 14:07:36,168 - werkzeug - INFO - 192.168.0.10 - - [26/Apr/2026 14:07:36] "GET /api/comercial/catalogo HTTP/1.1" 200 -
2026-04-26 14:23:10,440 - app - INFO - [DB] DATABASE_URL configurada: (sin DATABASE_URL)
2026-04-26 14:23:10,523 - app - INFO - [DB] Conexion activa: sqlite:///C:\python\PREVENT\instance\prevent.db
2026-04-26 14:23:10,523 - app - INFO - [DB] Dialecto activo: sqlite
2026-04-26 14:23:10,529 - app - INFO - [OK] Tablas de base de datos creadas/verificadas
2026-04-26 14:23:10,676 - app - INFO - [DB] Usuario administrador 'admin' ya existe
2026-04-26 14:23:10,727 - werkzeug - INFO - [31m[1mWARNING: This is a development server. Do not use it in a production deployment. Use a production WSGI server instead.[0m
 * Running on all addresses (0.0.0.0)
 * Running on http://127.0.0.1:8080
 * Running on http://192.168.0.10:8080
2026-04-26 14:23:10,727 - werkzeug - INFO - [33mPress CTRL+C to quit[0m
2026-04-26 14:23:10,727 - werkzeug - INFO -  * Restarting with stat
2026-04-26 14:23:12,676 - app - INFO - [DB] DATABASE_URL configurada: (sin DATABASE_URL)
2026-04-26 14:23:12,807 - app - INFO - [DB] Conexion activa: sqlite:///C:\python\PREVENT\instance\prevent.db
2026-04-26 14:23:12,811 - app - INFO - [DB] Dialecto activo: sqlite
2026-04-26 14:23:12,824 - app - INFO - [OK] Tablas de base de datos creadas/verificadas
2026-04-26 14:23:12,963 - app - INFO - [DB] Usuario administrador 'admin' ya existe
2026-04-26 14:23:12,983 - werkzeug - WARNING -  * Debugger is active!
2026-04-26 14:23:12,989 - werkzeug - INFO -  * Debugger PIN: 792-480-490
2026-04-26 14:23:17,239 - werkzeug - INFO - 192.168.0.10 - - [26/Apr/2026 14:23:17] "GET / HTTP/1.1" 200 -
2026-04-26 14:23:17,303 - werkzeug - INFO - 192.168.0.10 - - [26/Apr/2026 14:23:17] "GET /static/css/styles.css?v=1777231072 HTTP/1.1" 200 -
2026-04-26 14:23:17,303 - werkzeug - INFO - 192.168.0.10 - - [26/Apr/2026 14:23:17] "[36mGET /static/js/main.js?v=1770570564 HTTP/1.1[0m" 304 -
2026-04-26 14:23:21,680 - app.routes.auth - INFO - Usuario logueado: admin
2026-04-26 14:23:21,680 - werkzeug - INFO - 192.168.0.10 - - [26/Apr/2026 14:23:21] "POST /api/auth/login HTTP/1.1" 200 -
2026-04-26 14:23:21,816 - werkzeug - INFO - 192.168.0.10 - - [26/Apr/2026 14:23:21] "GET /dashboard HTTP/1.1" 200 -
2026-04-26 14:23:21,866 - werkzeug - INFO - 192.168.0.10 - - [26/Apr/2026 14:23:21] "GET /static/js/dashboard.js?v=1777231157 HTTP/1.1" 200 -
2026-04-26 14:23:21,878 - werkzeug - INFO - 192.168.0.10 - - [26/Apr/2026 14:23:21] "[36mGET /static/css/styles.css?v=1777231072 HTTP/1.1[0m" 304 -
2026-04-26 14:23:21,882 - werkzeug - INFO - 192.168.0.10 - - [26/Apr/2026 14:23:21] "[36mGET /static/js/servicios.js?v=1774564771 HTTP/1.1[0m" 304 -
2026-04-26 14:23:21,888 - werkzeug - INFO - 192.168.0.10 - - [26/Apr/2026 14:23:21] "[36mGET /static/js/prestamos.js?v=1774564771 HTTP/1.1[0m" 304 -
2026-04-26 14:23:21,892 - werkzeug - INFO - 192.168.0.10 - - [26/Apr/2026 14:23:21] "[36mGET /static/js/main.js?v=1770570564 HTTP/1.1[0m" 304 -
2026-04-26 14:23:22,151 - werkzeug - INFO - 192.168.0.10 - - [26/Apr/2026 14:23:22] "GET /api/servicios/list HTTP/1.1" 200 -
2026-04-26 14:23:22,201 - werkzeug - INFO - 192.168.0.10 - - [26/Apr/2026 14:23:22] "GET /api/bancos/prestamos?activos=true HTTP/1.1" 200 -
2026-04-26 14:23:22,263 - werkzeug - INFO - 192.168.0.10 - - [26/Apr/2026 14:23:22] "GET /api/dashboard/servicios?anio=2026&referencia_mes=4&referencia_anio=2026 HTTP/1.1" 200 -
2026-04-26 14:23:22,318 - werkzeug - INFO - 192.168.0.10 - - [26/Apr/2026 14:23:22] "GET /api/dashboard/bancos?anio=2026&referencia_mes=4&referencia_anio=2026 HTTP/1.1" 200 -
2026-04-26 14:23:31,328 - werkzeug - INFO - 192.168.0.10 - - [26/Apr/2026 14:23:31] "GET /api/comercial/vendedores HTTP/1.1" 200 -
2026-04-26 14:23:46,232 - werkzeug - INFO - 192.168.0.10 - - [26/Apr/2026 14:23:46] "GET /api/comercial/vendedores HTTP/1.1" 200 -
2026-04-26 14:24:08,125 - werkzeug - INFO - 192.168.0.10 - - [26/Apr/2026 14:24:08] "GET /api/comercial/catalogo HTTP/1.1" 200 -
2026-04-26 14:24:35,761 - werkzeug - INFO - 192.168.0.10 - - [26/Apr/2026 14:24:35] "GET /api/comercial/clientes HTTP/1.1" 200 -
2026-04-26 14:24:35,790 - werkzeug - INFO - 192.168.0.10 - - [26/Apr/2026 14:24:35] "GET /api/comercial/tarifas HTTP/1.1" 200 -
2026-04-26 14:24:44,970 - werkzeug - INFO - 192.168.0.10 - - [26/Apr/2026 14:24:44] "GET /api/comercial/vendedores HTTP/1.1" 200 -
2026-04-26 14:26:22,058 - werkzeug - INFO - 192.168.0.10 - - [26/Apr/2026 14:26:22] "[35m[1mPOST /api/comercial/catalogo HTTP/1.1[0m" 201 -
2026-04-26 14:26:22,126 - werkzeug - INFO - 192.168.0.10 - - [26/Apr/2026 14:26:22] "GET /api/comercial/tarifas HTTP/1.1" 200 -
2026-04-26 14:26:22,130 - werkzeug - INFO - 192.168.0.10 - - [26/Apr/2026 14:26:22] "GET /api/comercial/catalogo HTTP/1.1" 200 -
2026-04-26 14:26:26,463 - werkzeug - INFO - 192.168.0.10 - - [26/Apr/2026 14:26:26] "GET /api/comercial/catalogo HTTP/1.1" 200 -
2026-04-26 14:33:56,598 - app - INFO - [DB] DATABASE_URL configurada: (sin DATABASE_URL)
2026-04-26 14:33:56,717 - app - INFO - [DB] Conexion activa: sqlite:///C:\python\PREVENT\instance\prevent.db
2026-04-26 14:33:56,717 - app - INFO - [DB] Dialecto activo: sqlite
2026-04-26 14:33:56,736 - app - INFO - [OK] Tablas de base de datos creadas/verificadas
2026-04-26 14:33:56,932 - app - INFO - [DB] Usuario administrador 'admin' ya existe
2026-04-26 14:33:56,976 - werkzeug - INFO - [31m[1mWARNING: This is a development server. Do not use it in a production deployment. Use a production WSGI server instead.[0m
 * Running on all addresses (0.0.0.0)
 * Running on http://127.0.0.1:8080
 * Running on http://192.168.0.10:8080
2026-04-26 14:33:56,977 - werkzeug - INFO - [33mPress CTRL+C to quit[0m
2026-04-26 14:33:56,981 - werkzeug - INFO -  * Restarting with stat
2026-04-26 14:33:59,100 - app - INFO - [DB] DATABASE_URL configurada: (sin DATABASE_URL)
2026-04-26 14:33:59,212 - app - INFO - [DB] Conexion activa: sqlite:///C:\python\PREVENT\instance\prevent.db
2026-04-26 14:33:59,212 - app - INFO - [DB] Dialecto activo: sqlite
2026-04-26 14:33:59,225 - app - INFO - [OK] Tablas de base de datos creadas/verificadas
2026-04-26 14:33:59,405 - app - INFO - [DB] Usuario administrador 'admin' ya existe
2026-04-26 14:33:59,423 - werkzeug - WARNING -  * Debugger is active!
2026-04-26 14:33:59,433 - werkzeug - INFO -  * Debugger PIN: 792-480-490
2026-04-26 14:34:04,634 - werkzeug - INFO - 192.168.0.10 - - [26/Apr/2026 14:34:04] "GET / HTTP/1.1" 200 -
2026-04-26 14:34:04,701 - werkzeug - INFO - 192.168.0.10 - - [26/Apr/2026 14:34:04] "GET /static/css/styles.css?v=1777231956 HTTP/1.1" 200 -
2026-04-26 14:34:04,706 - werkzeug - INFO - 192.168.0.10 - - [26/Apr/2026 14:34:04] "[36mGET /static/js/main.js?v=1770570564 HTTP/1.1[0m" 304 -
2026-04-26 14:34:09,514 - app.routes.auth - INFO - Usuario logueado: admin
2026-04-26 14:34:09,531 - werkzeug - INFO - 192.168.0.10 - - [26/Apr/2026 14:34:09] "POST /api/auth/login HTTP/1.1" 200 -
2026-04-26 14:34:09,644 - werkzeug - INFO - 192.168.0.10 - - [26/Apr/2026 14:34:09] "GET /dashboard HTTP/1.1" 200 -
2026-04-26 14:34:09,694 - werkzeug - INFO - 192.168.0.10 - - [26/Apr/2026 14:34:09] "[36mGET /static/css/styles.css?v=1777231956 HTTP/1.1[0m" 304 -
2026-04-26 14:34:09,699 - werkzeug - INFO - 192.168.0.10 - - [26/Apr/2026 14:34:09] "GET /static/js/dashboard.js?v=1777231949 HTTP/1.1" 200 -
2026-04-26 14:34:09,707 - werkzeug - INFO - 192.168.0.10 - - [26/Apr/2026 14:34:09] "[36mGET /static/js/servicios.js?v=1774564771 HTTP/1.1[0m" 304 -
2026-04-26 14:34:09,710 - werkzeug - INFO - 192.168.0.10 - - [26/Apr/2026 14:34:09] "[36mGET /static/js/prestamos.js?v=1774564771 HTTP/1.1[0m" 304 -
2026-04-26 14:34:09,717 - werkzeug - INFO - 192.168.0.10 - - [26/Apr/2026 14:34:09] "[36mGET /static/js/main.js?v=1770570564 HTTP/1.1[0m" 304 -
2026-04-26 14:34:09,888 - werkzeug - INFO - 192.168.0.10 - - [26/Apr/2026 14:34:09] "GET /api/servicios/list HTTP/1.1" 200 -
2026-04-26 14:34:09,919 - werkzeug - INFO - 192.168.0.10 - - [26/Apr/2026 14:34:09] "GET /api/bancos/prestamos?activos=true HTTP/1.1" 200 -
2026-04-26 14:34:09,969 - werkzeug - INFO - 192.168.0.10 - - [26/Apr/2026 14:34:09] "GET /api/dashboard/servicios?anio=2026&referencia_mes=4&referencia_anio=2026 HTTP/1.1" 200 -
2026-04-26 14:34:09,988 - werkzeug - INFO - 192.168.0.10 - - [26/Apr/2026 14:34:09] "GET /api/dashboard/bancos?anio=2026&referencia_mes=4&referencia_anio=2026 HTTP/1.1" 200 -
2026-04-26 14:34:17,827 - werkzeug - INFO - 192.168.0.10 - - [26/Apr/2026 14:34:17] "GET /api/comercial/catalogo HTTP/1.1" 200 -
2026-04-26 14:40:49,210 - app - INFO - [DB] DATABASE_URL configurada: (sin DATABASE_URL)
2026-04-26 14:40:49,319 - app - INFO - [DB] Conexion activa: sqlite:///C:\python\PREVENT\instance\prevent.db
2026-04-26 14:40:49,319 - app - INFO - [DB] Dialecto activo: sqlite
2026-04-26 14:40:49,339 - app - INFO - [OK] Tablas de base de datos creadas/verificadas
2026-04-26 14:40:49,486 - app - INFO - [DB] Usuario administrador 'admin' ya existe
2026-04-26 14:40:49,549 - werkzeug - INFO - [31m[1mWARNING: This is a development server. Do not use it in a production deployment. Use a production WSGI server instead.[0m
 * Running on all addresses (0.0.0.0)
 * Running on http://127.0.0.1:8080
 * Running on http://192.168.0.10:8080
2026-04-26 14:40:49,549 - werkzeug - INFO - [33mPress CTRL+C to quit[0m
2026-04-26 14:40:49,553 - werkzeug - INFO -  * Restarting with stat
2026-04-26 14:40:51,253 - app - INFO - [DB] DATABASE_URL configurada: (sin DATABASE_URL)
2026-04-26 14:40:51,337 - app - INFO - [DB] Conexion activa: sqlite:///C:\python\PREVENT\instance\prevent.db
2026-04-26 14:40:51,337 - app - INFO - [DB] Dialecto activo: sqlite
2026-04-26 14:40:51,346 - app - INFO - [OK] Tablas de base de datos creadas/verificadas
2026-04-26 14:40:51,496 - app - INFO - [DB] Usuario administrador 'admin' ya existe
2026-04-26 14:40:51,522 - werkzeug - WARNING -  * Debugger is active!
2026-04-26 14:40:51,527 - werkzeug - INFO -  * Debugger PIN: 792-480-490
2026-04-26 14:41:35,145 - app - INFO - [DB] DATABASE_URL configurada: (sin DATABASE_URL)
2026-04-26 14:41:35,247 - app - INFO - [DB] Conexion activa: sqlite:///C:\python\PREVENT\instance\prevent.db
2026-04-26 14:41:35,247 - app - INFO - [DB] Dialecto activo: sqlite
2026-04-26 14:41:35,263 - app - INFO - [OK] Tablas de base de datos creadas/verificadas
2026-04-26 14:41:35,420 - app - INFO - [DB] Usuario administrador 'admin' ya existe
2026-04-26 14:41:35,459 - werkzeug - INFO - [31m[1mWARNING: This is a development server. Do not use it in a production deployment. Use a production WSGI server instead.[0m
 * Running on all addresses (0.0.0.0)
 * Running on http://127.0.0.1:8080
 * Running on http://192.168.0.10:8080
2026-04-26 14:41:35,459 - werkzeug - INFO - [33mPress CTRL+C to quit[0m
2026-04-26 14:41:35,460 - werkzeug - INFO -  * Restarting with stat
2026-04-26 14:41:37,343 - app - INFO - [DB] DATABASE_URL configurada: (sin DATABASE_URL)
2026-04-26 14:41:37,427 - app - INFO - [DB] Conexion activa: sqlite:///C:\python\PREVENT\instance\prevent.db
2026-04-26 14:41:37,427 - app - INFO - [DB] Dialecto activo: sqlite
2026-04-26 14:41:37,435 - app - INFO - [OK] Tablas de base de datos creadas/verificadas
2026-04-26 14:41:37,580 - app - INFO - [DB] Usuario administrador 'admin' ya existe
2026-04-26 14:41:37,602 - werkzeug - WARNING -  * Debugger is active!
2026-04-26 14:41:37,602 - werkzeug - INFO -  * Debugger PIN: 792-480-490
2026-04-26 14:41:41,185 - werkzeug - INFO - 192.168.0.10 - - [26/Apr/2026 14:41:41] "GET / HTTP/1.1" 200 -
2026-04-26 14:41:41,234 - werkzeug - INFO - 192.168.0.10 - - [26/Apr/2026 14:41:41] "GET /static/css/styles.css?v=1777232228 HTTP/1.1" 200 -
2026-04-26 14:41:41,256 - werkzeug - INFO - 192.168.0.10 - - [26/Apr/2026 14:41:41] "[36mGET /static/js/main.js?v=1770570564 HTTP/1.1[0m" 304 -
2026-04-26 14:41:46,797 - app.routes.auth - INFO - Usuario logueado: admin
2026-04-26 14:41:46,798 - werkzeug - INFO - 192.168.0.10 - - [26/Apr/2026 14:41:46] "POST /api/auth/login HTTP/1.1" 200 -
2026-04-26 14:41:46,929 - werkzeug - INFO - 192.168.0.10 - - [26/Apr/2026 14:41:46] "GET /dashboard HTTP/1.1" 200 -
2026-04-26 14:41:46,972 - werkzeug - INFO - 192.168.0.10 - - [26/Apr/2026 14:41:46] "[36mGET /static/css/styles.css?v=1777232228 HTTP/1.1[0m" 304 -
2026-04-26 14:41:46,990 - werkzeug - INFO - 192.168.0.10 - - [26/Apr/2026 14:41:46] "GET /static/js/dashboard.js?v=1777232293 HTTP/1.1" 200 -
2026-04-26 14:41:46,994 - werkzeug - INFO - 192.168.0.10 - - [26/Apr/2026 14:41:46] "[36mGET /static/js/servicios.js?v=1774564771 HTTP/1.1[0m" 304 -
2026-04-26 14:41:47,003 - werkzeug - INFO - 192.168.0.10 - - [26/Apr/2026 14:41:47] "[36mGET /static/js/prestamos.js?v=1774564771 HTTP/1.1[0m" 304 -
2026-04-26 14:41:47,009 - werkzeug - INFO - 192.168.0.10 - - [26/Apr/2026 14:41:47] "[36mGET /static/js/main.js?v=1770570564 HTTP/1.1[0m" 304 -
2026-04-26 14:41:47,277 - werkzeug - INFO - 192.168.0.10 - - [26/Apr/2026 14:41:47] "GET /api/servicios/list HTTP/1.1" 200 -
2026-04-26 14:41:47,277 - werkzeug - INFO - 192.168.0.10 - - [26/Apr/2026 14:41:47] "GET /api/bancos/prestamos?activos=true HTTP/1.1" 200 -
2026-04-26 14:41:47,319 - werkzeug - INFO - 192.168.0.10 - - [26/Apr/2026 14:41:47] "GET /api/dashboard/servicios?anio=2026&referencia_mes=4&referencia_anio=2026 HTTP/1.1" 200 -
2026-04-26 14:41:47,336 - werkzeug - INFO - 192.168.0.10 - - [26/Apr/2026 14:41:47] "GET /api/dashboard/bancos?anio=2026&referencia_mes=4&referencia_anio=2026 HTTP/1.1" 200 -
2026-04-26 14:41:59,410 - werkzeug - INFO - 192.168.0.10 - - [26/Apr/2026 14:41:59] "GET /api/comercial/catalogo HTTP/1.1" 200 -
2026-04-26 14:45:54,185 - app - INFO - [DB] DATABASE_URL configurada: (sin DATABASE_URL)
2026-04-26 14:45:54,305 - app - INFO - [DB] Conexion activa: sqlite:///C:\python\PREVENT\instance\prevent.db
2026-04-26 14:45:54,305 - app - INFO - [DB] Dialecto activo: sqlite
2026-04-26 14:45:54,321 - app - INFO - [OK] Tablas de base de datos creadas/verificadas
2026-04-26 14:45:54,523 - app - INFO - [DB] Usuario administrador 'admin' ya existe
2026-04-26 14:45:54,562 - werkzeug - INFO - [31m[1mWARNING: This is a development server. Do not use it in a production deployment. Use a production WSGI server instead.[0m
 * Running on all addresses (0.0.0.0)
 * Running on http://127.0.0.1:8080
 * Running on http://192.168.0.10:8080
2026-04-26 14:45:54,562 - werkzeug - INFO - [33mPress CTRL+C to quit[0m
2026-04-26 14:45:54,572 - werkzeug - INFO -  * Restarting with stat
2026-04-26 14:45:56,455 - app - INFO - [DB] DATABASE_URL configurada: (sin DATABASE_URL)
2026-04-26 14:45:56,541 - app - INFO - [DB] Conexion activa: sqlite:///C:\python\PREVENT\instance\prevent.db
2026-04-26 14:45:56,541 - app - INFO - [DB] Dialecto activo: sqlite
2026-04-26 14:45:56,555 - app - INFO - [OK] Tablas de base de datos creadas/verificadas
2026-04-26 14:45:56,713 - app - INFO - [DB] Usuario administrador 'admin' ya existe
2026-04-26 14:45:56,742 - werkzeug - WARNING -  * Debugger is active!
2026-04-26 14:45:56,746 - werkzeug - INFO -  * Debugger PIN: 792-480-490
2026-04-26 14:45:59,672 - werkzeug - INFO - 192.168.0.10 - - [26/Apr/2026 14:45:59] "GET / HTTP/1.1" 200 -
2026-04-26 14:45:59,724 - werkzeug - INFO - 192.168.0.10 - - [26/Apr/2026 14:45:59] "GET /static/css/styles.css?v=1777232699 HTTP/1.1" 200 -
2026-04-26 14:45:59,730 - werkzeug - INFO - 192.168.0.10 - - [26/Apr/2026 14:45:59] "[36mGET /static/js/main.js?v=1770570564 HTTP/1.1[0m" 304 -
2026-04-26 14:46:04,289 - app.routes.auth - INFO - Usuario logueado: admin
2026-04-26 14:46:04,303 - werkzeug - INFO - 192.168.0.10 - - [26/Apr/2026 14:46:04] "POST /api/auth/login HTTP/1.1" 200 -
2026-04-26 14:46:04,414 - werkzeug - INFO - 192.168.0.10 - - [26/Apr/2026 14:46:04] "GET /dashboard HTTP/1.1" 200 -
2026-04-26 14:46:04,450 - werkzeug - INFO - 192.168.0.10 - - [26/Apr/2026 14:46:04] "[36mGET /static/css/styles.css?v=1777232699 HTTP/1.1[0m" 304 -
2026-04-26 14:46:04,470 - werkzeug - INFO - 192.168.0.10 - - [26/Apr/2026 14:46:04] "[36mGET /static/js/prestamos.js?v=1774564771 HTTP/1.1[0m" 304 -
2026-04-26 14:46:04,470 - werkzeug - INFO - 192.168.0.10 - - [26/Apr/2026 14:46:04] "[36mGET /static/js/servicios.js?v=1774564771 HTTP/1.1[0m" 304 -
2026-04-26 14:46:04,470 - werkzeug - INFO - 192.168.0.10 - - [26/Apr/2026 14:46:04] "[36mGET /static/js/dashboard.js?v=1777232293 HTTP/1.1[0m" 304 -
2026-04-26 14:46:04,470 - werkzeug - INFO - 192.168.0.10 - - [26/Apr/2026 14:46:04] "[36mGET /static/js/main.js?v=1770570564 HTTP/1.1[0m" 304 -
2026-04-26 14:46:04,632 - werkzeug - INFO - 192.168.0.10 - - [26/Apr/2026 14:46:04] "GET /api/servicios/list HTTP/1.1" 200 -
2026-04-26 14:46:04,670 - werkzeug - INFO - 192.168.0.10 - - [26/Apr/2026 14:46:04] "GET /api/bancos/prestamos?activos=true HTTP/1.1" 200 -
2026-04-26 14:46:04,718 - werkzeug - INFO - 192.168.0.10 - - [26/Apr/2026 14:46:04] "GET /api/dashboard/servicios?anio=2026&referencia_mes=4&referencia_anio=2026 HTTP/1.1" 200 -
2026-04-26 14:46:04,736 - werkzeug - INFO - 192.168.0.10 - - [26/Apr/2026 14:46:04] "GET /api/dashboard/bancos?anio=2026&referencia_mes=4&referencia_anio=2026 HTTP/1.1" 200 -
2026-04-26 14:46:11,913 - werkzeug - INFO - 192.168.0.10 - - [26/Apr/2026 14:46:11] "GET /api/comercial/catalogo HTTP/1.1" 200 -
2026-04-26 14:54:38,746 - app - INFO - [DB] DATABASE_URL configurada: (sin DATABASE_URL)
2026-04-26 14:54:38,860 - app - INFO - [DB] Conexion activa: sqlite:///C:\python\PREVENT\instance\prevent.db
2026-04-26 14:54:38,860 - app - INFO - [DB] Dialecto activo: sqlite
2026-04-26 14:54:38,876 - app - INFO - [OK] Tablas de base de datos creadas/verificadas
2026-04-26 14:54:39,037 - app - INFO - [DB] Usuario administrador 'admin' ya existe
2026-04-26 14:54:39,112 - werkzeug - INFO - [31m[1mWARNING: This is a development server. Do not use it in a production deployment. Use a production WSGI server instead.[0m
 * Running on all addresses (0.0.0.0)
 * Running on http://127.0.0.1:8080
 * Running on http://192.168.0.10:8080
2026-04-26 14:54:39,112 - werkzeug - INFO - [33mPress CTRL+C to quit[0m
2026-04-26 14:54:39,117 - werkzeug - INFO -  * Restarting with stat
2026-04-26 14:54:41,177 - app - INFO - [DB] DATABASE_URL configurada: (sin DATABASE_URL)
2026-04-26 14:54:41,281 - app - INFO - [DB] Conexion activa: sqlite:///C:\python\PREVENT\instance\prevent.db
2026-04-26 14:54:41,281 - app - INFO - [DB] Dialecto activo: sqlite
2026-04-26 14:54:41,295 - app - INFO - [OK] Tablas de base de datos creadas/verificadas
2026-04-26 14:54:41,460 - app - INFO - [DB] Usuario administrador 'admin' ya existe
2026-04-26 14:54:41,477 - werkzeug - WARNING -  * Debugger is active!
2026-04-26 14:54:41,482 - werkzeug - INFO -  * Debugger PIN: 792-480-490
2026-04-26 14:54:44,820 - werkzeug - INFO - 192.168.0.10 - - [26/Apr/2026 14:54:44] "GET / HTTP/1.1" 200 -
2026-04-26 14:54:44,912 - werkzeug - INFO - 192.168.0.10 - - [26/Apr/2026 14:54:44] "GET /static/css/styles.css?v=1777233021 HTTP/1.1" 200 -
2026-04-26 14:54:44,914 - werkzeug - INFO - 192.168.0.10 - - [26/Apr/2026 14:54:44] "[36mGET /static/js/main.js?v=1770570564 HTTP/1.1[0m" 304 -
2026-04-26 14:54:50,529 - app.routes.auth - INFO - Usuario logueado: admin
2026-04-26 14:54:50,529 - werkzeug - INFO - 192.168.0.10 - - [26/Apr/2026 14:54:50] "POST /api/auth/login HTTP/1.1" 200 -
2026-04-26 14:54:50,649 - werkzeug - INFO - 192.168.0.10 - - [26/Apr/2026 14:54:50] "GET /dashboard HTTP/1.1" 200 -
2026-04-26 14:54:50,706 - werkzeug - INFO - 192.168.0.10 - - [26/Apr/2026 14:54:50] "[36mGET /static/css/styles.css?v=1777233021 HTTP/1.1[0m" 304 -
2026-04-26 14:54:50,719 - werkzeug - INFO - 192.168.0.10 - - [26/Apr/2026 14:54:50] "[36mGET /static/js/dashboard.js?v=1777232293 HTTP/1.1[0m" 304 -
2026-04-26 14:54:50,721 - werkzeug - INFO - 192.168.0.10 - - [26/Apr/2026 14:54:50] "[36mGET /static/js/servicios.js?v=1774564771 HTTP/1.1[0m" 304 -
2026-04-26 14:54:50,733 - werkzeug - INFO - 192.168.0.10 - - [26/Apr/2026 14:54:50] "[36mGET /static/js/prestamos.js?v=1774564771 HTTP/1.1[0m" 304 -
2026-04-26 14:54:50,737 - werkzeug - INFO - 192.168.0.10 - - [26/Apr/2026 14:54:50] "[36mGET /static/js/main.js?v=1770570564 HTTP/1.1[0m" 304 -
2026-04-26 14:54:50,926 - werkzeug - INFO - 192.168.0.10 - - [26/Apr/2026 14:54:50] "GET /api/servicios/list HTTP/1.1" 200 -
2026-04-26 14:54:50,982 - werkzeug - INFO - 192.168.0.10 - - [26/Apr/2026 14:54:50] "GET /api/bancos/prestamos?activos=true HTTP/1.1" 200 -
2026-04-26 14:54:51,054 - werkzeug - INFO - 192.168.0.10 - - [26/Apr/2026 14:54:51] "GET /api/dashboard/servicios?anio=2026&referencia_mes=4&referencia_anio=2026 HTTP/1.1" 200 -
2026-04-26 14:54:51,064 - werkzeug - INFO - 192.168.0.10 - - [26/Apr/2026 14:54:51] "GET /api/dashboard/bancos?anio=2026&referencia_mes=4&referencia_anio=2026 HTTP/1.1" 200 -
2026-04-26 14:54:58,444 - werkzeug - INFO - 192.168.0.10 - - [26/Apr/2026 14:54:58] "GET /api/comercial/catalogo HTTP/1.1" 200 -
2026-04-26 14:58:10,627 - app - INFO - [DB] DATABASE_URL configurada: (sin DATABASE_URL)
2026-04-26 14:58:10,747 - app - INFO - [DB] Conexion activa: sqlite:///C:\python\PREVENT\instance\prevent.db
2026-04-26 14:58:10,747 - app - INFO - [DB] Dialecto activo: sqlite
2026-04-26 14:58:10,761 - app - INFO - [OK] Tablas de base de datos creadas/verificadas
2026-04-26 14:58:10,892 - app - INFO - [DB] Usuario administrador 'admin' ya existe
2026-04-26 14:58:10,933 - werkzeug - INFO - [31m[1mWARNING: This is a development server. Do not use it in a production deployment. Use a production WSGI server instead.[0m
 * Running on all addresses (0.0.0.0)
 * Running on http://127.0.0.1:8080
 * Running on http://192.168.0.10:8080
2026-04-26 14:58:10,933 - werkzeug - INFO - [33mPress CTRL+C to quit[0m
2026-04-26 14:58:10,939 - werkzeug - INFO -  * Restarting with stat
2026-04-26 14:58:12,771 - app - INFO - [DB] DATABASE_URL configurada: (sin DATABASE_URL)
2026-04-26 14:58:12,877 - app - INFO - [DB] Conexion activa: sqlite:///C:\python\PREVENT\instance\prevent.db
2026-04-26 14:58:12,880 - app - INFO - [DB] Dialecto activo: sqlite
2026-04-26 14:58:12,893 - app - INFO - [OK] Tablas de base de datos creadas/verificadas
2026-04-26 14:58:13,085 - app - INFO - [DB] Usuario administrador 'admin' ya existe
2026-04-26 14:58:13,110 - werkzeug - WARNING -  * Debugger is active!
2026-04-26 14:58:13,116 - werkzeug - INFO -  * Debugger PIN: 792-480-490
2026-04-26 14:58:16,332 - werkzeug - INFO - 192.168.0.10 - - [26/Apr/2026 14:58:16] "GET / HTTP/1.1" 200 -
2026-04-26 14:58:16,391 - werkzeug - INFO - 192.168.0.10 - - [26/Apr/2026 14:58:16] "GET /static/css/styles.css?v=1777233464 HTTP/1.1" 200 -
2026-04-26 14:58:16,397 - werkzeug - INFO - 192.168.0.10 - - [26/Apr/2026 14:58:16] "[36mGET /static/js/main.js?v=1770570564 HTTP/1.1[0m" 304 -
2026-04-26 14:58:20,969 - app.routes.auth - INFO - Usuario logueado: admin
2026-04-26 14:58:20,969 - werkzeug - INFO - 192.168.0.10 - - [26/Apr/2026 14:58:20] "POST /api/auth/login HTTP/1.1" 200 -
2026-04-26 14:58:21,088 - werkzeug - INFO - 192.168.0.10 - - [26/Apr/2026 14:58:21] "GET /dashboard HTTP/1.1" 200 -
2026-04-26 14:58:21,139 - werkzeug - INFO - 192.168.0.10 - - [26/Apr/2026 14:58:21] "[36mGET /static/css/styles.css?v=1777233464 HTTP/1.1[0m" 304 -
2026-04-26 14:58:21,139 - werkzeug - INFO - 192.168.0.10 - - [26/Apr/2026 14:58:21] "[36mGET /static/js/dashboard.js?v=1777232293 HTTP/1.1[0m" 304 -
2026-04-26 14:58:21,147 - werkzeug - INFO - 192.168.0.10 - - [26/Apr/2026 14:58:21] "[36mGET /static/js/servicios.js?v=1774564771 HTTP/1.1[0m" 304 -
2026-04-26 14:58:21,157 - werkzeug - INFO - 192.168.0.10 - - [26/Apr/2026 14:58:21] "[36mGET /static/js/prestamos.js?v=1774564771 HTTP/1.1[0m" 304 -
2026-04-26 14:58:21,159 - werkzeug - INFO - 192.168.0.10 - - [26/Apr/2026 14:58:21] "[36mGET /static/js/main.js?v=1770570564 HTTP/1.1[0m" 304 -
2026-04-26 14:58:21,334 - werkzeug - INFO - 192.168.0.10 - - [26/Apr/2026 14:58:21] "GET /api/bancos/prestamos?activos=true HTTP/1.1" 200 -
2026-04-26 14:58:21,341 - werkzeug - INFO - 192.168.0.10 - - [26/Apr/2026 14:58:21] "GET /api/servicios/list HTTP/1.1" 200 -
2026-04-26 14:58:21,406 - werkzeug - INFO - 192.168.0.10 - - [26/Apr/2026 14:58:21] "GET /api/dashboard/servicios?anio=2026&referencia_mes=4&referencia_anio=2026 HTTP/1.1" 200 -
2026-04-26 14:58:21,423 - werkzeug - INFO - 192.168.0.10 - - [26/Apr/2026 14:58:21] "GET /api/dashboard/bancos?anio=2026&referencia_mes=4&referencia_anio=2026 HTTP/1.1" 200 -
2026-04-26 14:58:28,228 - werkzeug - INFO - 192.168.0.10 - - [26/Apr/2026 14:58:28] "GET /api/comercial/catalogo HTTP/1.1" 200 -
2026-04-26 15:02:59,424 - app - INFO - [DB] DATABASE_URL configurada: (sin DATABASE_URL)
2026-04-26 15:02:59,504 - app - INFO - [DB] Conexion activa: sqlite:///C:\python\PREVENT\instance\prevent.db
2026-04-26 15:02:59,504 - app - INFO - [DB] Dialecto activo: sqlite
2026-04-26 15:02:59,513 - app - INFO - [OK] Tablas de base de datos creadas/verificadas
2026-04-26 15:02:59,712 - app - INFO - [DB] Usuario administrador 'admin' ya existe
2026-04-26 15:02:59,758 - werkzeug - INFO - [31m[1mWARNING: This is a development server. Do not use it in a production deployment. Use a production WSGI server instead.[0m
 * Running on all addresses (0.0.0.0)
 * Running on http://127.0.0.1:8080
 * Running on http://192.168.0.10:8080
2026-04-26 15:02:59,758 - werkzeug - INFO - [33mPress CTRL+C to quit[0m
2026-04-26 15:02:59,761 - werkzeug - INFO -  * Restarting with stat
2026-04-26 15:03:01,612 - app - INFO - [DB] DATABASE_URL configurada: (sin DATABASE_URL)
2026-04-26 15:03:01,706 - app - INFO - [DB] Conexion activa: sqlite:///C:\python\PREVENT\instance\prevent.db
2026-04-26 15:03:01,706 - app - INFO - [DB] Dialecto activo: sqlite
2026-04-26 15:03:01,718 - app - INFO - [OK] Tablas de base de datos creadas/verificadas
2026-04-26 15:03:01,871 - app - INFO - [DB] Usuario administrador 'admin' ya existe
2026-04-26 15:03:01,888 - werkzeug - WARNING -  * Debugger is active!
2026-04-26 15:03:01,893 - werkzeug - INFO -  * Debugger PIN: 792-480-490
2026-04-26 15:03:05,430 - werkzeug - INFO - 192.168.0.10 - - [26/Apr/2026 15:03:05] "GET / HTTP/1.1" 200 -
2026-04-26 15:03:05,488 - werkzeug - INFO - 192.168.0.10 - - [26/Apr/2026 15:03:05] "GET /static/css/styles.css?v=1777233744 HTTP/1.1" 200 -
2026-04-26 15:03:05,494 - werkzeug - INFO - 192.168.0.10 - - [26/Apr/2026 15:03:05] "[36mGET /static/js/main.js?v=1770570564 HTTP/1.1[0m" 304 -
2026-04-26 15:03:10,257 - app.routes.auth - INFO - Usuario logueado: admin
2026-04-26 15:03:10,257 - werkzeug - INFO - 192.168.0.10 - - [26/Apr/2026 15:03:10] "POST /api/auth/login HTTP/1.1" 200 -
2026-04-26 15:03:10,380 - werkzeug - INFO - 192.168.0.10 - - [26/Apr/2026 15:03:10] "GET /dashboard HTTP/1.1" 200 -
2026-04-26 15:03:10,421 - werkzeug - INFO - 192.168.0.10 - - [26/Apr/2026 15:03:10] "[36mGET /static/css/styles.css?v=1777233744 HTTP/1.1[0m" 304 -
2026-04-26 15:03:10,450 - werkzeug - INFO - 192.168.0.10 - - [26/Apr/2026 15:03:10] "[36mGET /static/js/dashboard.js?v=1777232293 HTTP/1.1[0m" 304 -
2026-04-26 15:03:10,453 - werkzeug - INFO - 192.168.0.10 - - [26/Apr/2026 15:03:10] "[36mGET /static/js/servicios.js?v=1774564771 HTTP/1.1[0m" 304 -
2026-04-26 15:03:10,460 - werkzeug - INFO - 192.168.0.10 - - [26/Apr/2026 15:03:10] "[36mGET /static/js/prestamos.js?v=1774564771 HTTP/1.1[0m" 304 -
2026-04-26 15:03:10,465 - werkzeug - INFO - 192.168.0.10 - - [26/Apr/2026 15:03:10] "[36mGET /static/js/main.js?v=1770570564 HTTP/1.1[0m" 304 -
2026-04-26 15:03:10,674 - werkzeug - INFO - 192.168.0.10 - - [26/Apr/2026 15:03:10] "GET /api/servicios/list HTTP/1.1" 200 -
2026-04-26 15:03:10,693 - werkzeug - INFO - 192.168.0.10 - - [26/Apr/2026 15:03:10] "GET /api/bancos/prestamos?activos=true HTTP/1.1" 200 -
2026-04-26 15:03:10,786 - werkzeug - INFO - 192.168.0.10 - - [26/Apr/2026 15:03:10] "GET /api/dashboard/servicios?anio=2026&referencia_mes=4&referencia_anio=2026 HTTP/1.1" 200 -
2026-04-26 15:03:10,786 - werkzeug - INFO - 192.168.0.10 - - [26/Apr/2026 15:03:10] "GET /api/dashboard/bancos?anio=2026&referencia_mes=4&referencia_anio=2026 HTTP/1.1" 200 -
2026-04-26 15:03:22,507 - werkzeug - INFO - 192.168.0.10 - - [26/Apr/2026 15:03:22] "GET /api/comercial/catalogo HTTP/1.1" 200 -
2026-04-26 15:03:44,706 - werkzeug - INFO - 192.168.0.10 - - [26/Apr/2026 15:03:44] "GET /api/comercial/catalogo HTTP/1.1" 200 -
2026-04-26 15:06:50,280 - app - INFO - [DB] DATABASE_URL configurada: (sin DATABASE_URL)
2026-04-26 15:06:50,391 - app - INFO - [DB] Conexion activa: sqlite:///C:\python\PREVENT\instance\prevent.db
2026-04-26 15:06:50,391 - app - INFO - [DB] Dialecto activo: sqlite
2026-04-26 15:06:50,410 - app - INFO - [OK] Tablas de base de datos creadas/verificadas
2026-04-26 15:06:50,565 - app - INFO - [DB] Usuario administrador 'admin' ya existe
2026-04-26 15:06:50,609 - werkzeug - INFO - [31m[1mWARNING: This is a development server. Do not use it in a production deployment. Use a production WSGI server instead.[0m
 * Running on all addresses (0.0.0.0)
 * Running on http://127.0.0.1:8080
 * Running on http://192.168.0.10:8080
2026-04-26 15:06:50,609 - werkzeug - INFO - [33mPress CTRL+C to quit[0m
2026-04-26 15:06:50,612 - werkzeug - INFO -  * Restarting with stat
2026-04-26 15:06:52,297 - app - INFO - [DB] DATABASE_URL configurada: (sin DATABASE_URL)
2026-04-26 15:06:52,394 - app - INFO - [DB] Conexion activa: sqlite:///C:\python\PREVENT\instance\prevent.db
2026-04-26 15:06:52,394 - app - INFO - [DB] Dialecto activo: sqlite
2026-04-26 15:06:52,414 - app - INFO - [OK] Tablas de base de datos creadas/verificadas
2026-04-26 15:06:52,561 - app - INFO - [DB] Usuario administrador 'admin' ya existe
2026-04-26 15:06:52,581 - werkzeug - WARNING -  * Debugger is active!
2026-04-26 15:06:52,585 - werkzeug - INFO -  * Debugger PIN: 792-480-490
2026-04-26 15:06:56,159 - werkzeug - INFO - 192.168.0.10 - - [26/Apr/2026 15:06:56] "GET / HTTP/1.1" 200 -
2026-04-26 15:06:56,199 - werkzeug - INFO - 192.168.0.10 - - [26/Apr/2026 15:06:56] "[36mGET /static/css/styles.css?v=1777233744 HTTP/1.1[0m" 304 -
2026-04-26 15:06:56,205 - werkzeug - INFO - 192.168.0.10 - - [26/Apr/2026 15:06:56] "[36mGET /static/js/main.js?v=1770570564 HTTP/1.1[0m" 304 -
2026-04-26 15:07:00,999 - app.routes.auth - INFO - Usuario logueado: admin
2026-04-26 15:07:01,001 - werkzeug - INFO - 192.168.0.10 - - [26/Apr/2026 15:07:01] "POST /api/auth/login HTTP/1.1" 200 -
2026-04-26 15:07:01,105 - werkzeug - INFO - 192.168.0.10 - - [26/Apr/2026 15:07:01] "GET /dashboard HTTP/1.1" 200 -
2026-04-26 15:07:01,160 - werkzeug - INFO - 192.168.0.10 - - [26/Apr/2026 15:07:01] "[36mGET /static/css/styles.css?v=1777233744 HTTP/1.1[0m" 304 -
2026-04-26 15:07:01,165 - werkzeug - INFO - 192.168.0.10 - - [26/Apr/2026 15:07:01] "GET /static/js/dashboard.js?v=1777233984 HTTP/1.1" 200 -
2026-04-26 15:07:01,172 - werkzeug - INFO - 192.168.0.10 - - [26/Apr/2026 15:07:01] "[36mGET /static/js/servicios.js?v=1774564771 HTTP/1.1[0m" 304 -
2026-04-26 15:07:01,176 - werkzeug - INFO - 192.168.0.10 - - [26/Apr/2026 15:07:01] "[36mGET /static/js/prestamos.js?v=1774564771 HTTP/1.1[0m" 304 -
2026-04-26 15:07:01,183 - werkzeug - INFO - 192.168.0.10 - - [26/Apr/2026 15:07:01] "[36mGET /static/js/main.js?v=1770570564 HTTP/1.1[0m" 304 -
2026-04-26 15:07:01,355 - werkzeug - INFO - 192.168.0.10 - - [26/Apr/2026 15:07:01] "GET /api/servicios/list HTTP/1.1" 200 -
2026-04-26 15:07:01,368 - werkzeug - INFO - 192.168.0.10 - - [26/Apr/2026 15:07:01] "GET /api/bancos/prestamos?activos=true HTTP/1.1" 200 -
2026-04-26 15:07:01,441 - werkzeug - INFO - 192.168.0.10 - - [26/Apr/2026 15:07:01] "GET /api/dashboard/servicios?anio=2026&referencia_mes=4&referencia_anio=2026 HTTP/1.1" 200 -
2026-04-26 15:07:01,460 - werkzeug - INFO - 192.168.0.10 - - [26/Apr/2026 15:07:01] "GET /api/dashboard/bancos?anio=2026&referencia_mes=4&referencia_anio=2026 HTTP/1.1" 200 -
2026-04-26 15:07:11,295 - werkzeug - INFO - 192.168.0.10 - - [26/Apr/2026 15:07:11] "GET /api/comercial/catalogo HTTP/1.1" 200 -
2026-04-26 15:16:15,935 - werkzeug - INFO - 192.168.0.10 - - [26/Apr/2026 15:16:15] "GET /api/comercial/vendedores HTTP/1.1" 200 -
2026-04-26 15:16:25,664 - werkzeug - INFO - 192.168.0.10 - - [26/Apr/2026 15:16:25] "PUT /api/comercial/vendedores/2 HTTP/1.1" 200 -
2026-04-26 15:16:25,794 - werkzeug - INFO - 192.168.0.10 - - [26/Apr/2026 15:16:25] "GET /api/comercial/vendedores HTTP/1.1" 200 -
2026-04-26 15:16:25,856 - werkzeug - INFO - 192.168.0.10 - - [26/Apr/2026 15:16:25] "GET /api/dashboard/comercial HTTP/1.1" 200 -
2026-04-26 15:16:31,924 - werkzeug - INFO - 192.168.0.10 - - [26/Apr/2026 15:16:31] "GET /api/comercial/clientes HTTP/1.1" 200 -
2026-04-26 15:16:31,940 - werkzeug - INFO - 192.168.0.10 - - [26/Apr/2026 15:16:31] "GET /api/comercial/tarifas HTTP/1.1" 200 -
2026-04-26 15:38:29,257 - werkzeug - INFO - 192.168.0.10 - - [26/Apr/2026 15:38:29] "GET /api/comercial/clientes HTTP/1.1" 200 -
2026-04-26 15:38:29,271 - werkzeug - INFO - 192.168.0.10 - - [26/Apr/2026 15:38:29] "GET /api/comercial/tarifas HTTP/1.1" 200 -
2026-04-26 15:40:35,748 - app - INFO - [DB] DATABASE_URL configurada: (sin DATABASE_URL)
2026-04-26 15:40:35,831 - app - INFO - [DB] Conexion activa: sqlite:///C:\python\PREVENT\instance\prevent.db
2026-04-26 15:40:35,831 - app - INFO - [DB] Dialecto activo: sqlite
2026-04-26 15:40:35,838 - app - INFO - [OK] Tablas de base de datos creadas/verificadas
2026-04-26 15:40:35,953 - app - INFO - [DB] Usuario administrador 'admin' ya existe
2026-04-26 15:40:36,006 - werkzeug - INFO - [31m[1mWARNING: This is a development server. Do not use it in a production deployment. Use a production WSGI server instead.[0m
 * Running on all addresses (0.0.0.0)
 * Running on http://127.0.0.1:8080
 * Running on http://192.168.0.10:8080
2026-04-26 15:40:36,006 - werkzeug - INFO - [33mPress CTRL+C to quit[0m
2026-04-26 15:40:36,010 - werkzeug - INFO -  * Restarting with stat
2026-04-26 15:40:38,057 - app - INFO - [DB] DATABASE_URL configurada: (sin DATABASE_URL)
2026-04-26 15:40:38,155 - app - INFO - [DB] Conexion activa: sqlite:///C:\python\PREVENT\instance\prevent.db
2026-04-26 15:40:38,155 - app - INFO - [DB] Dialecto activo: sqlite
2026-04-26 15:40:38,169 - app - INFO - [OK] Tablas de base de datos creadas/verificadas
2026-04-26 15:40:38,310 - app - INFO - [DB] Usuario administrador 'admin' ya existe
2026-04-26 15:40:38,332 - werkzeug - WARNING -  * Debugger is active!
2026-04-26 15:40:38,340 - werkzeug - INFO -  * Debugger PIN: 792-480-490
2026-04-26 15:40:41,555 - werkzeug - INFO - 192.168.0.10 - - [26/Apr/2026 15:40:41] "GET / HTTP/1.1" 200 -
2026-04-26 15:40:41,606 - werkzeug - INFO - 192.168.0.10 - - [26/Apr/2026 15:40:41] "GET /static/css/styles.css?v=1777235992 HTTP/1.1" 200 -
2026-04-26 15:40:41,612 - werkzeug - INFO - 192.168.0.10 - - [26/Apr/2026 15:40:41] "[36mGET /static/js/main.js?v=1770570564 HTTP/1.1[0m" 304 -
2026-04-26 15:40:46,232 - app.routes.auth - INFO - Usuario logueado: admin
2026-04-26 15:40:46,252 - werkzeug - INFO - 192.168.0.10 - - [26/Apr/2026 15:40:46] "POST /api/auth/login HTTP/1.1" 200 -
2026-04-26 15:40:46,369 - werkzeug - INFO - 192.168.0.10 - - [26/Apr/2026 15:40:46] "GET /dashboard HTTP/1.1" 200 -
2026-04-26 15:40:46,419 - werkzeug - INFO - 192.168.0.10 - - [26/Apr/2026 15:40:46] "[36mGET /static/css/styles.css?v=1777235992 HTTP/1.1[0m" 304 -
2026-04-26 15:40:46,419 - werkzeug - INFO - 192.168.0.10 - - [26/Apr/2026 15:40:46] "[36mGET /static/js/dashboard.js?v=1777233984 HTTP/1.1[0m" 304 -
2026-04-26 15:40:46,426 - werkzeug - INFO - 192.168.0.10 - - [26/Apr/2026 15:40:46] "[36mGET /static/js/servicios.js?v=1774564771 HTTP/1.1[0m" 304 -
2026-04-26 15:40:46,437 - werkzeug - INFO - 192.168.0.10 - - [26/Apr/2026 15:40:46] "[36mGET /static/js/prestamos.js?v=1774564771 HTTP/1.1[0m" 304 -
2026-04-26 15:40:46,437 - werkzeug - INFO - 192.168.0.10 - - [26/Apr/2026 15:40:46] "[36mGET /static/js/main.js?v=1770570564 HTTP/1.1[0m" 304 -
2026-04-26 15:40:46,610 - werkzeug - INFO - 192.168.0.10 - - [26/Apr/2026 15:40:46] "GET /api/servicios/list HTTP/1.1" 200 -
2026-04-26 15:40:46,640 - werkzeug - INFO - 192.168.0.10 - - [26/Apr/2026 15:40:46] "GET /api/bancos/prestamos?activos=true HTTP/1.1" 200 -
2026-04-26 15:40:46,692 - werkzeug - INFO - 192.168.0.10 - - [26/Apr/2026 15:40:46] "GET /api/dashboard/servicios?anio=2026&referencia_mes=4&referencia_anio=2026 HTTP/1.1" 200 -
2026-04-26 15:40:46,708 - werkzeug - INFO - 192.168.0.10 - - [26/Apr/2026 15:40:46] "GET /api/dashboard/bancos?anio=2026&referencia_mes=4&referencia_anio=2026 HTTP/1.1" 200 -
2026-04-26 15:53:18,720 - app - INFO - [DB] DATABASE_URL configurada: (sin DATABASE_URL)
2026-04-26 15:53:18,804 - app - INFO - [DB] Conexion activa: sqlite:///C:\python\PREVENT\instance\prevent.db
2026-04-26 15:53:18,804 - app - INFO - [DB] Dialecto activo: sqlite
2026-04-26 15:53:18,814 - app - INFO - [OK] Tablas de base de datos creadas/verificadas
2026-04-26 15:53:18,965 - app - INFO - [DB] Usuario administrador 'admin' ya existe
2026-04-26 15:53:19,007 - werkzeug - INFO - [31m[1mWARNING: This is a development server. Do not use it in a production deployment. Use a production WSGI server instead.[0m
 * Running on all addresses (0.0.0.0)
 * Running on http://127.0.0.1:8080
 * Running on http://192.168.0.10:8080
2026-04-26 15:53:19,007 - werkzeug - INFO - [33mPress CTRL+C to quit[0m
2026-04-26 15:53:19,015 - werkzeug - INFO -  * Restarting with stat
2026-04-26 15:53:20,751 - app - INFO - [DB] DATABASE_URL configurada: (sin DATABASE_URL)
2026-04-26 15:53:20,839 - app - INFO - [DB] Conexion activa: sqlite:///C:\python\PREVENT\instance\prevent.db
2026-04-26 15:53:20,839 - app - INFO - [DB] Dialecto activo: sqlite
2026-04-26 15:53:20,849 - app - INFO - [OK] Tablas de base de datos creadas/verificadas
2026-04-26 15:53:21,002 - app - INFO - [DB] Usuario administrador 'admin' ya existe
2026-04-26 15:53:21,021 - werkzeug - WARNING -  * Debugger is active!
2026-04-26 15:53:21,029 - werkzeug - INFO -  * Debugger PIN: 792-480-490
2026-04-26 15:53:24,705 - werkzeug - INFO - 192.168.0.10 - - [26/Apr/2026 15:53:24] "GET / HTTP/1.1" 200 -
2026-04-26 15:53:24,757 - werkzeug - INFO - 192.168.0.10 - - [26/Apr/2026 15:53:24] "GET /static/css/styles.css?v=1777236109 HTTP/1.1" 200 -
2026-04-26 15:53:24,779 - werkzeug - INFO - 192.168.0.10 - - [26/Apr/2026 15:53:24] "[36mGET /static/js/main.js?v=1770570564 HTTP/1.1[0m" 304 -
2026-04-26 15:53:30,314 - app.routes.auth - INFO - Usuario logueado: admin
2026-04-26 15:53:30,330 - werkzeug - INFO - 192.168.0.10 - - [26/Apr/2026 15:53:30] "POST /api/auth/login HTTP/1.1" 200 -
2026-04-26 15:53:30,443 - werkzeug - INFO - 192.168.0.10 - - [26/Apr/2026 15:53:30] "GET /dashboard HTTP/1.1" 200 -
2026-04-26 15:53:30,483 - werkzeug - INFO - 192.168.0.10 - - [26/Apr/2026 15:53:30] "[36mGET /static/css/styles.css?v=1777236109 HTTP/1.1[0m" 304 -
2026-04-26 15:53:30,483 - werkzeug - INFO - 192.168.0.10 - - [26/Apr/2026 15:53:30] "[36mGET /static/js/dashboard.js?v=1777233984 HTTP/1.1[0m" 304 -
2026-04-26 15:53:30,493 - werkzeug - INFO - 192.168.0.10 - - [26/Apr/2026 15:53:30] "[36mGET /static/js/servicios.js?v=1774564771 HTTP/1.1[0m" 304 -
2026-04-26 15:53:30,504 - werkzeug - INFO - 192.168.0.10 - - [26/Apr/2026 15:53:30] "[36mGET /static/js/prestamos.js?v=1774564771 HTTP/1.1[0m" 304 -
2026-04-26 15:53:30,505 - werkzeug - INFO - 192.168.0.10 - - [26/Apr/2026 15:53:30] "[36mGET /static/js/main.js?v=1770570564 HTTP/1.1[0m" 304 -
2026-04-26 15:53:30,673 - werkzeug - INFO - 192.168.0.10 - - [26/Apr/2026 15:53:30] "GET /api/servicios/list HTTP/1.1" 200 -
2026-04-26 15:53:30,689 - werkzeug - INFO - 192.168.0.10 - - [26/Apr/2026 15:53:30] "GET /api/bancos/prestamos?activos=true HTTP/1.1" 200 -
2026-04-26 15:53:30,745 - werkzeug - INFO - 192.168.0.10 - - [26/Apr/2026 15:53:30] "GET /api/dashboard/servicios?anio=2026&referencia_mes=4&referencia_anio=2026 HTTP/1.1" 200 -
2026-04-26 15:53:30,770 - werkzeug - INFO - 192.168.0.10 - - [26/Apr/2026 15:53:30] "GET /api/dashboard/bancos?anio=2026&referencia_mes=4&referencia_anio=2026 HTTP/1.1" 200 -
2026-04-26 15:53:37,579 - werkzeug - INFO - 192.168.0.10 - - [26/Apr/2026 15:53:37] "GET /api/comercial/clientes HTTP/1.1" 200 -
2026-04-26 15:53:37,600 - werkzeug - INFO - 192.168.0.10 - - [26/Apr/2026 15:53:37] "GET /api/comercial/tarifas HTTP/1.1" 200 -
2026-04-26 15:53:41,482 - werkzeug - INFO - 192.168.0.10 - - [26/Apr/2026 15:53:41] "GET /api/comercial/vendedores HTTP/1.1" 200 -
2026-04-26 15:53:58,285 - werkzeug - INFO - 192.168.0.10 - - [26/Apr/2026 15:53:58] "GET /api/comercial/catalogo HTTP/1.1" 200 -
2026-04-26 15:54:16,968 - werkzeug - INFO - 192.168.0.10 - - [26/Apr/2026 15:54:16] "PUT /api/comercial/tarifas/4 HTTP/1.1" 200 -
2026-04-26 15:54:17,051 - werkzeug - INFO - 192.168.0.10 - - [26/Apr/2026 15:54:17] "GET /api/comercial/clientes HTTP/1.1" 200 -
2026-04-26 15:54:17,058 - werkzeug - INFO - 192.168.0.10 - - [26/Apr/2026 15:54:17] "GET /api/comercial/tarifas HTTP/1.1" 200 -
2026-04-26 16:09:48,956 - app - INFO - [DB] DATABASE_URL configurada: (sin DATABASE_URL)
2026-04-26 16:09:49,056 - app - INFO - [DB] Conexion activa: sqlite:///C:\python\PREVENT\instance\prevent.db
2026-04-26 16:09:49,056 - app - INFO - [DB] Dialecto activo: sqlite
2026-04-26 16:09:49,085 - app - INFO - [OK] Tablas de base de datos creadas/verificadas
2026-04-26 16:09:49,298 - app - INFO - [DB] Usuario administrador 'admin' ya existe
2026-04-26 16:09:49,342 - werkzeug - INFO - [31m[1mWARNING: This is a development server. Do not use it in a production deployment. Use a production WSGI server instead.[0m
 * Running on all addresses (0.0.0.0)
 * Running on http://127.0.0.1:8080
 * Running on http://192.168.0.10:8080
2026-04-26 16:09:49,342 - werkzeug - INFO - [33mPress CTRL+C to quit[0m
2026-04-26 16:09:49,348 - werkzeug - INFO -  * Restarting with stat
2026-04-26 16:09:51,752 - app - INFO - [DB] DATABASE_URL configurada: (sin DATABASE_URL)
2026-04-26 16:09:51,866 - app - INFO - [DB] Conexion activa: sqlite:///C:\python\PREVENT\instance\prevent.db
2026-04-26 16:09:51,882 - app - INFO - [DB] Dialecto activo: sqlite
2026-04-26 16:09:51,883 - app - INFO - [OK] Tablas de base de datos creadas/verificadas
2026-04-26 16:09:52,035 - app - INFO - [DB] Usuario administrador 'admin' ya existe
2026-04-26 16:09:52,059 - werkzeug - WARNING -  * Debugger is active!
2026-04-26 16:09:52,064 - werkzeug - INFO -  * Debugger PIN: 792-480-490
2026-04-26 16:09:56,561 - werkzeug - INFO - 192.168.0.10 - - [26/Apr/2026 16:09:56] "GET / HTTP/1.1" 200 -
2026-04-26 16:09:56,593 - werkzeug - INFO - 192.168.0.10 - - [26/Apr/2026 16:09:56] "[36mGET /static/css/styles.css?v=1777236109 HTTP/1.1[0m" 304 -
2026-04-26 16:09:56,596 - werkzeug - INFO - 192.168.0.10 - - [26/Apr/2026 16:09:56] "[36mGET /static/js/main.js?v=1770570564 HTTP/1.1[0m" 304 -
2026-04-26 16:10:02,576 - app.routes.auth - INFO - Usuario logueado: admin
2026-04-26 16:10:02,576 - werkzeug - INFO - 192.168.0.10 - - [26/Apr/2026 16:10:02] "POST /api/auth/login HTTP/1.1" 200 -
2026-04-26 16:10:02,698 - werkzeug - INFO - 192.168.0.10 - - [26/Apr/2026 16:10:02] "GET /dashboard HTTP/1.1" 200 -
2026-04-26 16:10:02,749 - werkzeug - INFO - 192.168.0.10 - - [26/Apr/2026 16:10:02] "GET /static/js/dashboard.js?v=1777237741 HTTP/1.1" 200 -
2026-04-26 16:10:02,754 - werkzeug - INFO - 192.168.0.10 - - [26/Apr/2026 16:10:02] "[36mGET /static/css/styles.css?v=1777236109 HTTP/1.1[0m" 304 -
2026-04-26 16:10:02,762 - werkzeug - INFO - 192.168.0.10 - - [26/Apr/2026 16:10:02] "[36mGET /static/js/servicios.js?v=1774564771 HTTP/1.1[0m" 304 -
2026-04-26 16:10:02,762 - werkzeug - INFO - 192.168.0.10 - - [26/Apr/2026 16:10:02] "[36mGET /static/js/prestamos.js?v=1774564771 HTTP/1.1[0m" 304 -
2026-04-26 16:10:02,770 - werkzeug - INFO - 192.168.0.10 - - [26/Apr/2026 16:10:02] "[36mGET /static/js/main.js?v=1770570564 HTTP/1.1[0m" 304 -
2026-04-26 16:10:02,925 - werkzeug - INFO - 192.168.0.10 - - [26/Apr/2026 16:10:02] "GET /api/servicios/list HTTP/1.1" 200 -
2026-04-26 16:10:02,967 - werkzeug - INFO - 192.168.0.10 - - [26/Apr/2026 16:10:02] "GET /api/bancos/prestamos?activos=true HTTP/1.1" 200 -
2026-04-26 16:10:03,024 - werkzeug - INFO - 192.168.0.10 - - [26/Apr/2026 16:10:03] "GET /api/dashboard/servicios?anio=2026&referencia_mes=4&referencia_anio=2026 HTTP/1.1" 200 -
2026-04-26 16:10:03,034 - werkzeug - INFO - 192.168.0.10 - - [26/Apr/2026 16:10:03] "GET /api/dashboard/bancos?anio=2026&referencia_mes=4&referencia_anio=2026 HTTP/1.1" 200 -
2026-04-26 16:10:08,856 - werkzeug - INFO - 192.168.0.10 - - [26/Apr/2026 16:10:08] "GET /api/comercial/clientes HTTP/1.1" 200 -
2026-04-26 16:10:08,859 - werkzeug - INFO - 192.168.0.10 - - [26/Apr/2026 16:10:08] "GET /api/comercial/tarifas HTTP/1.1" 200 -
2026-04-26 16:10:11,280 - werkzeug - INFO - 192.168.0.10 - - [26/Apr/2026 16:10:11] "GET /api/comercial/vendedores HTTP/1.1" 200 -
2026-04-26 20:30:51,960 - app - INFO - [DB] DATABASE_URL configurada: (sin DATABASE_URL)
2026-04-26 20:30:52,072 - app - INFO - [DB] Conexion activa: sqlite:///C:\python\PREVENT\instance\prevent.db
2026-04-26 20:30:52,072 - app - INFO - [DB] Dialecto activo: sqlite
2026-04-26 20:30:52,119 - app - INFO - [OK] Tablas de base de datos creadas/verificadas
2026-04-26 20:30:52,319 - app - INFO - [DB] Usuario administrador 'admin' ya existe
2026-04-26 20:30:52,406 - werkzeug - INFO - [31m[1mWARNING: This is a development server. Do not use it in a production deployment. Use a production WSGI server instead.[0m
 * Running on all addresses (0.0.0.0)
 * Running on http://127.0.0.1:8080
 * Running on http://192.168.0.10:8080
2026-04-26 20:30:52,406 - werkzeug - INFO - [33mPress CTRL+C to quit[0m
2026-04-26 20:30:52,414 - werkzeug - INFO -  * Restarting with stat
2026-04-26 20:30:54,441 - app - INFO - [DB] DATABASE_URL configurada: (sin DATABASE_URL)
2026-04-26 20:30:54,568 - app - INFO - [DB] Conexion activa: sqlite:///C:\python\PREVENT\instance\prevent.db
2026-04-26 20:30:54,568 - app - INFO - [DB] Dialecto activo: sqlite
2026-04-26 20:30:54,582 - app - INFO - [OK] Tablas de base de datos creadas/verificadas
2026-04-26 20:30:54,765 - app - INFO - [DB] Usuario administrador 'admin' ya existe
2026-04-26 20:30:54,786 - werkzeug - WARNING -  * Debugger is active!
2026-04-26 20:30:54,828 - werkzeug - INFO -  * Debugger PIN: 792-480-490
2026-04-26 20:30:58,978 - werkzeug - INFO - 192.168.0.10 - - [26/Apr/2026 20:30:58] "GET / HTTP/1.1" 200 -
2026-04-26 20:30:59,654 - werkzeug - INFO - 192.168.0.10 - - [26/Apr/2026 20:30:59] "[36mGET /static/css/styles.css?v=1777236109 HTTP/1.1[0m" 304 -
2026-04-26 20:30:59,656 - werkzeug - INFO - 192.168.0.10 - - [26/Apr/2026 20:30:59] "[36mGET /static/js/main.js?v=1770570564 HTTP/1.1[0m" 304 -
2026-04-26 20:30:59,777 - werkzeug - INFO - 192.168.0.10 - - [26/Apr/2026 20:30:59] "[33mGET /favicon.ico HTTP/1.1[0m" 404 -
2026-04-26 20:31:04,508 - app.routes.auth - INFO - Usuario logueado: admin
2026-04-26 20:31:04,524 - werkzeug - INFO - 192.168.0.10 - - [26/Apr/2026 20:31:04] "POST /api/auth/login HTTP/1.1" 200 -
2026-04-26 20:31:04,699 - werkzeug - INFO - 192.168.0.10 - - [26/Apr/2026 20:31:04] "GET /dashboard HTTP/1.1" 200 -
2026-04-26 20:31:04,773 - werkzeug - INFO - 192.168.0.10 - - [26/Apr/2026 20:31:04] "[36mGET /static/css/styles.css?v=1777236109 HTTP/1.1[0m" 304 -
2026-04-26 20:31:04,811 - werkzeug - INFO - 192.168.0.10 - - [26/Apr/2026 20:31:04] "[36mGET /static/js/servicios.js?v=1774564771 HTTP/1.1[0m" 304 -
2026-04-26 20:31:04,811 - werkzeug - INFO - 192.168.0.10 - - [26/Apr/2026 20:31:04] "[36mGET /static/js/dashboard.js?v=1777237741 HTTP/1.1[0m" 304 -
2026-04-26 20:31:04,822 - werkzeug - INFO - 192.168.0.10 - - [26/Apr/2026 20:31:04] "[36mGET /static/js/prestamos.js?v=1774564771 HTTP/1.1[0m" 304 -
2026-04-26 20:31:04,841 - werkzeug - INFO - 192.168.0.10 - - [26/Apr/2026 20:31:04] "[36mGET /static/js/main.js?v=1770570564 HTTP/1.1[0m" 304 -
2026-04-26 20:31:05,146 - werkzeug - INFO - 192.168.0.10 - - [26/Apr/2026 20:31:05] "GET /api/servicios/list HTTP/1.1" 200 -
2026-04-26 20:31:05,146 - werkzeug - INFO - 192.168.0.10 - - [26/Apr/2026 20:31:05] "GET /api/bancos/prestamos?activos=true HTTP/1.1" 200 -
2026-04-26 20:31:05,212 - werkzeug - INFO - 192.168.0.10 - - [26/Apr/2026 20:31:05] "GET /api/dashboard/servicios?anio=2026&referencia_mes=4&referencia_anio=2026 HTTP/1.1" 200 -
2026-04-26 20:31:05,249 - werkzeug - INFO - 192.168.0.10 - - [26/Apr/2026 20:31:05] "GET /api/dashboard/bancos?anio=2026&referencia_mes=4&referencia_anio=2026 HTTP/1.1" 200 -
2026-04-26 20:31:13,712 - werkzeug - INFO - 192.168.0.10 - - [26/Apr/2026 20:31:13] "GET /api/comercial/clientes HTTP/1.1" 200 -
2026-04-26 20:31:13,752 - werkzeug - INFO - 192.168.0.10 - - [26/Apr/2026 20:31:13] "GET /api/comercial/tarifas HTTP/1.1" 200 -
2026-04-26 20:31:16,864 - werkzeug - INFO - 192.168.0.10 - - [26/Apr/2026 20:31:16] "GET /api/comercial/vendedores HTTP/1.1" 200 -
2026-04-26 20:55:39,246 - app - INFO - [DB] DATABASE_URL configurada: (sin DATABASE_URL)
2026-04-26 20:55:39,349 - app - INFO - [DB] Conexion activa: sqlite:///C:\python\PREVENT\instance\prevent.db
2026-04-26 20:55:39,349 - app - INFO - [DB] Dialecto activo: sqlite
2026-04-26 20:55:39,365 - app - INFO - [OK] Tablas de base de datos creadas/verificadas
2026-04-26 20:55:39,503 - app - INFO - [DB] Usuario administrador 'admin' ya existe
2026-04-26 20:55:39,560 - werkzeug - INFO - [31m[1mWARNING: This is a development server. Do not use it in a production deployment. Use a production WSGI server instead.[0m
 * Running on all addresses (0.0.0.0)
 * Running on http://127.0.0.1:8080
 * Running on http://192.168.0.10:8080
2026-04-26 20:55:39,560 - werkzeug - INFO - [33mPress CTRL+C to quit[0m
2026-04-26 20:55:39,565 - werkzeug - INFO -  * Restarting with stat
2026-04-26 20:55:41,637 - app - INFO - [DB] DATABASE_URL configurada: (sin DATABASE_URL)
2026-04-26 20:55:41,744 - app - INFO - [DB] Conexion activa: sqlite:///C:\python\PREVENT\instance\prevent.db
2026-04-26 20:55:41,744 - app - INFO - [DB] Dialecto activo: sqlite
2026-04-26 20:55:41,765 - app - INFO - [OK] Tablas de base de datos creadas/verificadas
2026-04-26 20:55:41,927 - app - INFO - [DB] Usuario administrador 'admin' ya existe
2026-04-26 20:55:41,947 - werkzeug - WARNING -  * Debugger is active!
2026-04-26 20:55:41,952 - werkzeug - INFO -  * Debugger PIN: 792-480-490
2026-04-26 20:55:44,915 - werkzeug - INFO - 192.168.0.10 - - [26/Apr/2026 20:55:44] "GET / HTTP/1.1" 200 -
2026-04-26 20:55:44,952 - werkzeug - INFO - 192.168.0.10 - - [26/Apr/2026 20:55:44] "[36mGET /static/css/styles.css?v=1777236109 HTTP/1.1[0m" 304 -
2026-04-26 20:55:44,955 - werkzeug - INFO - 192.168.0.10 - - [26/Apr/2026 20:55:44] "[36mGET /static/js/main.js?v=1770570564 HTTP/1.1[0m" 304 -
2026-04-26 20:55:50,015 - app.routes.auth - INFO - Usuario logueado: admin
2026-04-26 20:55:50,033 - werkzeug - INFO - 192.168.0.10 - - [26/Apr/2026 20:55:50] "POST /api/auth/login HTTP/1.1" 200 -
2026-04-26 20:55:50,172 - werkzeug - INFO - 192.168.0.10 - - [26/Apr/2026 20:55:50] "GET /dashboard HTTP/1.1" 200 -
2026-04-26 20:55:50,234 - werkzeug - INFO - 192.168.0.10 - - [26/Apr/2026 20:55:50] "GET /static/js/dashboard.js?v=1777253860 HTTP/1.1" 200 -
2026-04-26 20:55:50,238 - werkzeug - INFO - 192.168.0.10 - - [26/Apr/2026 20:55:50] "[36mGET /static/css/styles.css?v=1777236109 HTTP/1.1[0m" 304 -
2026-04-26 20:55:50,240 - werkzeug - INFO - 192.168.0.10 - - [26/Apr/2026 20:55:50] "[36mGET /static/js/servicios.js?v=1774564771 HTTP/1.1[0m" 304 -
2026-04-26 20:55:50,257 - werkzeug - INFO - 192.168.0.10 - - [26/Apr/2026 20:55:50] "[36mGET /static/js/prestamos.js?v=1774564771 HTTP/1.1[0m" 304 -
2026-04-26 20:55:50,267 - werkzeug - INFO - 192.168.0.10 - - [26/Apr/2026 20:55:50] "[36mGET /static/js/main.js?v=1770570564 HTTP/1.1[0m" 304 -
2026-04-26 20:55:50,535 - werkzeug - INFO - 192.168.0.10 - - [26/Apr/2026 20:55:50] "GET /api/servicios/list HTTP/1.1" 200 -
2026-04-26 20:55:50,541 - werkzeug - INFO - 192.168.0.10 - - [26/Apr/2026 20:55:50] "GET /api/bancos/prestamos?activos=true HTTP/1.1" 200 -
2026-04-26 20:55:50,619 - werkzeug - INFO - 192.168.0.10 - - [26/Apr/2026 20:55:50] "GET /api/dashboard/servicios?anio=2026&referencia_mes=4&referencia_anio=2026 HTTP/1.1" 200 -
2026-04-26 20:55:50,658 - werkzeug - INFO - 192.168.0.10 - - [26/Apr/2026 20:55:50] "GET /api/dashboard/bancos?anio=2026&referencia_mes=4&referencia_anio=2026 HTTP/1.1" 200 -
2026-04-26 20:55:59,513 - werkzeug - INFO - 192.168.0.10 - - [26/Apr/2026 20:55:59] "GET /api/comercial/clientes HTTP/1.1" 200 -
2026-04-26 20:55:59,528 - werkzeug - INFO - 192.168.0.10 - - [26/Apr/2026 20:55:59] "GET /api/comercial/tarifas HTTP/1.1" 200 -
2026-04-26 20:56:03,214 - werkzeug - INFO - 192.168.0.10 - - [26/Apr/2026 20:56:03] "GET /api/comercial/vendedores HTTP/1.1" 200 -
2026-04-26 21:04:13,399 - app - INFO - [DB] DATABASE_URL configurada: (sin DATABASE_URL)
2026-04-26 21:04:13,534 - app - INFO - [DB] Conexion activa: sqlite:///C:\python\PREVENT\instance\prevent.db
2026-04-26 21:04:13,534 - app - INFO - [DB] Dialecto activo: sqlite
2026-04-26 21:04:13,548 - app - INFO - [OK] Tablas de base de datos creadas/verificadas
2026-04-26 21:04:13,726 - app - INFO - [DB] Usuario administrador 'admin' ya existe
2026-04-26 21:04:13,778 - werkzeug - INFO - [31m[1mWARNING: This is a development server. Do not use it in a production deployment. Use a production WSGI server instead.[0m
 * Running on all addresses (0.0.0.0)
 * Running on http://127.0.0.1:8080
 * Running on http://192.168.0.10:8080
2026-04-26 21:04:13,778 - werkzeug - INFO - [33mPress CTRL+C to quit[0m
2026-04-26 21:04:13,783 - werkzeug - INFO -  * Restarting with stat
2026-04-26 21:04:15,942 - app - INFO - [DB] DATABASE_URL configurada: (sin DATABASE_URL)
2026-04-26 21:04:16,046 - app - INFO - [DB] Conexion activa: sqlite:///C:\python\PREVENT\instance\prevent.db
2026-04-26 21:04:16,046 - app - INFO - [DB] Dialecto activo: sqlite
2026-04-26 21:04:16,065 - app - INFO - [OK] Tablas de base de datos creadas/verificadas
2026-04-26 21:04:16,221 - app - INFO - [DB] Usuario administrador 'admin' ya existe
2026-04-26 21:04:16,242 - werkzeug - WARNING -  * Debugger is active!
2026-04-26 21:04:16,247 - werkzeug - INFO -  * Debugger PIN: 792-480-490
2026-04-26 21:04:19,884 - werkzeug - INFO - 192.168.0.10 - - [26/Apr/2026 21:04:19] "GET / HTTP/1.1" 200 -
2026-04-26 21:04:19,928 - werkzeug - INFO - 192.168.0.10 - - [26/Apr/2026 21:04:19] "GET /static/css/styles.css?v=1777255418 HTTP/1.1" 200 -
2026-04-26 21:04:19,930 - werkzeug - INFO - 192.168.0.10 - - [26/Apr/2026 21:04:19] "[36mGET /static/js/main.js?v=1770570564 HTTP/1.1[0m" 304 -
2026-04-26 21:04:28,312 - app.routes.auth - INFO - Usuario logueado: admin
2026-04-26 21:04:28,325 - werkzeug - INFO - 192.168.0.10 - - [26/Apr/2026 21:04:28] "POST /api/auth/login HTTP/1.1" 200 -
2026-04-26 21:04:28,435 - werkzeug - INFO - 192.168.0.10 - - [26/Apr/2026 21:04:28] "GET /dashboard HTTP/1.1" 200 -
2026-04-26 21:04:28,483 - werkzeug - INFO - 192.168.0.10 - - [26/Apr/2026 21:04:28] "GET /static/js/dashboard.js?v=1777255412 HTTP/1.1" 200 -
2026-04-26 21:04:28,491 - werkzeug - INFO - 192.168.0.10 - - [26/Apr/2026 21:04:28] "[36mGET /static/css/styles.css?v=1777255418 HTTP/1.1[0m" 304 -
2026-04-26 21:04:28,491 - werkzeug - INFO - 192.168.0.10 - - [26/Apr/2026 21:04:28] "[36mGET /static/js/servicios.js?v=1774564771 HTTP/1.1[0m" 304 -
2026-04-26 21:04:28,494 - werkzeug - INFO - 192.168.0.10 - - [26/Apr/2026 21:04:28] "[36mGET /static/js/prestamos.js?v=1774564771 HTTP/1.1[0m" 304 -
2026-04-26 21:04:28,496 - werkzeug - INFO - 192.168.0.10 - - [26/Apr/2026 21:04:28] "[36mGET /static/js/main.js?v=1770570564 HTTP/1.1[0m" 304 -
2026-04-26 21:04:28,644 - werkzeug - INFO - 192.168.0.10 - - [26/Apr/2026 21:04:28] "GET /api/servicios/list HTTP/1.1" 200 -
2026-04-26 21:04:28,670 - werkzeug - INFO - 192.168.0.10 - - [26/Apr/2026 21:04:28] "GET /api/bancos/prestamos?activos=true HTTP/1.1" 200 -
2026-04-26 21:04:28,741 - werkzeug - INFO - 192.168.0.10 - - [26/Apr/2026 21:04:28] "GET /api/dashboard/bancos?anio=2026&referencia_mes=4&referencia_anio=2026 HTTP/1.1" 200 -
2026-04-26 21:04:28,749 - werkzeug - INFO - 192.168.0.10 - - [26/Apr/2026 21:04:28] "GET /api/dashboard/servicios?anio=2026&referencia_mes=4&referencia_anio=2026 HTTP/1.1" 200 -
2026-04-26 21:04:35,059 - werkzeug - INFO - 192.168.0.10 - - [26/Apr/2026 21:04:35] "GET /api/comercial/clientes HTTP/1.1" 200 -
2026-04-26 21:04:35,059 - werkzeug - INFO - 192.168.0.10 - - [26/Apr/2026 21:04:35] "GET /api/comercial/tarifas HTTP/1.1" 200 -
2026-04-26 21:04:38,020 - werkzeug - INFO - 192.168.0.10 - - [26/Apr/2026 21:04:38] "GET /api/comercial/vendedores HTTP/1.1" 200 -
2026-04-26 21:04:38,098 - werkzeug - INFO - 192.168.0.10 - - [26/Apr/2026 21:04:38] "GET /api/comercial/catalogo HTTP/1.1" 200 -
2026-04-26 21:07:48,275 - werkzeug - INFO - 192.168.0.10 - - [26/Apr/2026 21:07:48] "PUT /api/comercial/clientes/2 HTTP/1.1" 200 -
2026-04-26 21:07:48,358 - werkzeug - INFO - 192.168.0.10 - - [26/Apr/2026 21:07:48] "GET /api/comercial/clientes HTTP/1.1" 200 -
2026-04-26 21:07:48,363 - werkzeug - INFO - 192.168.0.10 - - [26/Apr/2026 21:07:48] "GET /api/dashboard/comercial HTTP/1.1" 200 -
2026-04-26 21:07:48,384 - werkzeug - INFO - 192.168.0.10 - - [26/Apr/2026 21:07:48] "GET /api/comercial/tarifas HTTP/1.1" 200 -
2026-04-26 21:12:15,472 - werkzeug - INFO - 192.168.0.10 - - [26/Apr/2026 21:12:15] "PUT /api/comercial/clientes/2 HTTP/1.1" 200 -
2026-04-26 21:12:15,544 - werkzeug - INFO - 192.168.0.10 - - [26/Apr/2026 21:12:15] "GET /api/dashboard/comercial?mes=4&anio=2026 HTTP/1.1" 200 -
2026-04-26 21:12:15,555 - werkzeug - INFO - 192.168.0.10 - - [26/Apr/2026 21:12:15] "GET /api/comercial/clientes HTTP/1.1" 200 -
2026-04-26 21:12:15,561 - werkzeug - INFO - 192.168.0.10 - - [26/Apr/2026 21:12:15] "GET /api/comercial/tarifas HTTP/1.1" 200 -
2026-04-26 21:18:35,267 - app - INFO - [DB] DATABASE_URL configurada: (sin DATABASE_URL)
2026-04-26 21:18:35,372 - app - INFO - [DB] Conexion activa: sqlite:///C:\python\PREVENT\instance\prevent.db
2026-04-26 21:18:35,372 - app - INFO - [DB] Dialecto activo: sqlite
2026-04-26 21:18:35,428 - app - INFO - [OK] Tablas de base de datos creadas/verificadas
2026-04-26 21:18:35,591 - app - INFO - [DB] Usuario administrador 'admin' ya existe
2026-04-26 21:18:35,639 - werkzeug - INFO - [31m[1mWARNING: This is a development server. Do not use it in a production deployment. Use a production WSGI server instead.[0m
 * Running on all addresses (0.0.0.0)
 * Running on http://127.0.0.1:8080
 * Running on http://192.168.0.10:8080
2026-04-26 21:18:35,639 - werkzeug - INFO - [33mPress CTRL+C to quit[0m
2026-04-26 21:18:35,642 - werkzeug - INFO -  * Restarting with stat
2026-04-26 21:18:37,594 - app - INFO - [DB] DATABASE_URL configurada: (sin DATABASE_URL)
2026-04-26 21:18:37,689 - app - INFO - [DB] Conexion activa: sqlite:///C:\python\PREVENT\instance\prevent.db
2026-04-26 21:18:37,689 - app - INFO - [DB] Dialecto activo: sqlite
2026-04-26 21:18:37,697 - app - INFO - [OK] Tablas de base de datos creadas/verificadas
2026-04-26 21:18:37,844 - app - INFO - [DB] Usuario administrador 'admin' ya existe
2026-04-26 21:18:37,874 - werkzeug - WARNING -  * Debugger is active!
2026-04-26 21:18:37,880 - werkzeug - INFO -  * Debugger PIN: 792-480-490
2026-04-26 21:18:41,274 - werkzeug - INFO - 192.168.0.10 - - [26/Apr/2026 21:18:41] "GET / HTTP/1.1" 200 -
2026-04-26 21:18:41,327 - werkzeug - INFO - 192.168.0.10 - - [26/Apr/2026 21:18:41] "GET /static/css/styles.css?v=1777256128 HTTP/1.1" 200 -
2026-04-26 21:18:41,335 - werkzeug - INFO - 192.168.0.10 - - [26/Apr/2026 21:18:41] "[36mGET /static/js/main.js?v=1770570564 HTTP/1.1[0m" 304 -
2026-04-26 21:18:47,575 - app.routes.auth - INFO - Usuario logueado: admin
2026-04-26 21:18:47,587 - werkzeug - INFO - 192.168.0.10 - - [26/Apr/2026 21:18:47] "POST /api/auth/login HTTP/1.1" 200 -
2026-04-26 21:18:47,713 - werkzeug - INFO - 192.168.0.10 - - [26/Apr/2026 21:18:47] "GET /dashboard HTTP/1.1" 200 -
2026-04-26 21:18:47,783 - werkzeug - INFO - 192.168.0.10 - - [26/Apr/2026 21:18:47] "[36mGET /static/css/styles.css?v=1777256128 HTTP/1.1[0m" 304 -
2026-04-26 21:18:47,800 - werkzeug - INFO - 192.168.0.10 - - [26/Apr/2026 21:18:47] "[36mGET /static/js/dashboard.js?v=1777255412 HTTP/1.1[0m" 304 -
2026-04-26 21:18:47,819 - werkzeug - INFO - 192.168.0.10 - - [26/Apr/2026 21:18:47] "[36mGET /static/js/prestamos.js?v=1774564771 HTTP/1.1[0m" 304 -
2026-04-26 21:18:47,819 - werkzeug - INFO - 192.168.0.10 - - [26/Apr/2026 21:18:47] "[36mGET /static/js/main.js?v=1770570564 HTTP/1.1[0m" 304 -
2026-04-26 21:18:47,832 - werkzeug - INFO - 192.168.0.10 - - [26/Apr/2026 21:18:47] "[36mGET /static/js/servicios.js?v=1774564771 HTTP/1.1[0m" 304 -
2026-04-26 21:18:48,121 - werkzeug - INFO - 192.168.0.10 - - [26/Apr/2026 21:18:48] "GET /api/bancos/prestamos?activos=true HTTP/1.1" 200 -
2026-04-26 21:18:48,158 - werkzeug - INFO - 192.168.0.10 - - [26/Apr/2026 21:18:48] "GET /api/servicios/list HTTP/1.1" 200 -
2026-04-26 21:18:48,235 - werkzeug - INFO - 192.168.0.10 - - [26/Apr/2026 21:18:48] "GET /api/dashboard/servicios?anio=2026&referencia_mes=4&referencia_anio=2026 HTTP/1.1" 200 -
2026-04-26 21:18:48,273 - werkzeug - INFO - 192.168.0.10 - - [26/Apr/2026 21:18:48] "GET /api/dashboard/bancos?anio=2026&referencia_mes=4&referencia_anio=2026 HTTP/1.1" 200 -
2026-04-26 21:18:53,932 - werkzeug - INFO - 192.168.0.10 - - [26/Apr/2026 21:18:53] "GET /api/comercial/clientes HTTP/1.1" 200 -
2026-04-26 21:18:53,939 - werkzeug - INFO - 192.168.0.10 - - [26/Apr/2026 21:18:53] "GET /api/comercial/tarifas HTTP/1.1" 200 -
2026-04-26 21:18:57,132 - werkzeug - INFO - 192.168.0.10 - - [26/Apr/2026 21:18:57] "GET /api/comercial/vendedores HTTP/1.1" 200 -
2026-04-26 21:18:57,163 - werkzeug - INFO - 192.168.0.10 - - [26/Apr/2026 21:18:57] "GET /api/comercial/catalogo HTTP/1.1" 200 -
2026-04-26 21:24:10,717 - app - INFO - [DB] DATABASE_URL configurada: (sin DATABASE_URL)
2026-04-26 21:24:10,841 - app - INFO - [DB] Conexion activa: sqlite:///C:\python\PREVENT\instance\prevent.db
2026-04-26 21:24:10,841 - app - INFO - [DB] Dialecto activo: sqlite
2026-04-26 21:24:10,854 - app - INFO - [OK] Tablas de base de datos creadas/verificadas
2026-04-26 21:24:11,022 - app - INFO - [DB] Usuario administrador 'admin' ya existe
2026-04-26 21:24:11,069 - werkzeug - INFO - [31m[1mWARNING: This is a development server. Do not use it in a production deployment. Use a production WSGI server instead.[0m
 * Running on all addresses (0.0.0.0)
 * Running on http://127.0.0.1:8080
 * Running on http://192.168.0.10:8080
2026-04-26 21:24:11,069 - werkzeug - INFO - [33mPress CTRL+C to quit[0m
2026-04-26 21:24:11,074 - werkzeug - INFO -  * Restarting with stat
2026-04-26 21:24:13,060 - app - INFO - [DB] DATABASE_URL configurada: (sin DATABASE_URL)
2026-04-26 21:24:13,149 - app - INFO - [DB] Conexion activa: sqlite:///C:\python\PREVENT\instance\prevent.db
2026-04-26 21:24:13,149 - app - INFO - [DB] Dialecto activo: sqlite
2026-04-26 21:24:13,157 - app - INFO - [OK] Tablas de base de datos creadas/verificadas
2026-04-26 21:24:13,320 - app - INFO - [DB] Usuario administrador 'admin' ya existe
2026-04-26 21:24:13,336 - werkzeug - WARNING -  * Debugger is active!
2026-04-26 21:24:13,340 - werkzeug - INFO -  * Debugger PIN: 792-480-490
2026-04-26 21:24:16,211 - werkzeug - INFO - 192.168.0.10 - - [26/Apr/2026 21:24:16] "GET / HTTP/1.1" 200 -
2026-04-26 21:24:16,268 - werkzeug - INFO - 192.168.0.10 - - [26/Apr/2026 21:24:16] "GET /static/css/styles.css?v=1777256547 HTTP/1.1" 200 -
2026-04-26 21:24:16,277 - werkzeug - INFO - 192.168.0.10 - - [26/Apr/2026 21:24:16] "[36mGET /static/js/main.js?v=1770570564 HTTP/1.1[0m" 304 -
2026-04-26 21:24:22,009 - app.routes.auth - INFO - Usuario logueado: admin
2026-04-26 21:24:22,018 - werkzeug - INFO - 192.168.0.10 - - [26/Apr/2026 21:24:22] "POST /api/auth/login HTTP/1.1" 200 -
2026-04-26 21:24:22,130 - werkzeug - INFO - 192.168.0.10 - - [26/Apr/2026 21:24:22] "GET /dashboard HTTP/1.1" 200 -
2026-04-26 21:24:22,167 - werkzeug - INFO - 192.168.0.10 - - [26/Apr/2026 21:24:22] "[36mGET /static/css/styles.css?v=1777256547 HTTP/1.1[0m" 304 -
2026-04-26 21:24:22,184 - werkzeug - INFO - 192.168.0.10 - - [26/Apr/2026 21:24:22] "GET /static/js/dashboard.js?v=1777256528 HTTP/1.1" 200 -
2026-04-26 21:24:22,193 - werkzeug - INFO - 192.168.0.10 - - [26/Apr/2026 21:24:22] "[36mGET /static/js/servicios.js?v=1774564771 HTTP/1.1[0m" 304 -
2026-04-26 21:24:22,195 - werkzeug - INFO - 192.168.0.10 - - [26/Apr/2026 21:24:22] "[36mGET /static/js/prestamos.js?v=1774564771 HTTP/1.1[0m" 304 -
2026-04-26 21:24:22,197 - werkzeug - INFO - 192.168.0.10 - - [26/Apr/2026 21:24:22] "[36mGET /static/js/main.js?v=1770570564 HTTP/1.1[0m" 304 -
2026-04-26 21:24:22,386 - werkzeug - INFO - 192.168.0.10 - - [26/Apr/2026 21:24:22] "GET /api/servicios/list HTTP/1.1" 200 -
2026-04-26 21:24:22,400 - werkzeug - INFO - 192.168.0.10 - - [26/Apr/2026 21:24:22] "GET /api/bancos/prestamos?activos=true HTTP/1.1" 200 -
2026-04-26 21:24:22,464 - werkzeug - INFO - 192.168.0.10 - - [26/Apr/2026 21:24:22] "GET /api/dashboard/servicios?anio=2026&referencia_mes=4&referencia_anio=2026 HTTP/1.1" 200 -
2026-04-26 21:24:22,476 - werkzeug - INFO - 192.168.0.10 - - [26/Apr/2026 21:24:22] "GET /api/dashboard/bancos?anio=2026&referencia_mes=4&referencia_anio=2026 HTTP/1.1" 200 -
2026-04-26 21:24:28,083 - werkzeug - INFO - 192.168.0.10 - - [26/Apr/2026 21:24:28] "GET /api/comercial/clientes HTTP/1.1" 200 -
2026-04-26 21:24:28,083 - werkzeug - INFO - 192.168.0.10 - - [26/Apr/2026 21:24:28] "GET /api/comercial/tarifas HTTP/1.1" 200 -
2026-04-26 21:24:31,017 - werkzeug - INFO - 192.168.0.10 - - [26/Apr/2026 21:24:31] "GET /api/comercial/vendedores HTTP/1.1" 200 -
2026-04-26 21:24:31,049 - werkzeug - INFO - 192.168.0.10 - - [26/Apr/2026 21:24:31] "GET /api/comercial/catalogo HTTP/1.1" 200 -
2026-04-26 21:28:09,966 - app - INFO - [DB] DATABASE_URL configurada: (sin DATABASE_URL)
2026-04-26 21:28:10,185 - app - INFO - [DB] Conexion activa: sqlite:///C:\python\PREVENT\instance\prevent.db
2026-04-26 21:28:10,187 - app - INFO - [DB] Dialecto activo: sqlite
2026-04-26 21:28:10,204 - app - INFO - [OK] Tablas de base de datos creadas/verificadas
2026-04-26 21:28:10,358 - app - INFO - [DB] Usuario administrador 'admin' ya existe
2026-04-26 21:28:10,407 - werkzeug - INFO - [31m[1mWARNING: This is a development server. Do not use it in a production deployment. Use a production WSGI server instead.[0m
 * Running on all addresses (0.0.0.0)
 * Running on http://127.0.0.1:8080
 * Running on http://192.168.0.10:8080
2026-04-26 21:28:10,407 - werkzeug - INFO - [33mPress CTRL+C to quit[0m
2026-04-26 21:28:10,410 - werkzeug - INFO -  * Restarting with stat
2026-04-26 21:28:12,391 - app - INFO - [DB] DATABASE_URL configurada: (sin DATABASE_URL)
2026-04-26 21:28:12,501 - app - INFO - [DB] Conexion activa: sqlite:///C:\python\PREVENT\instance\prevent.db
2026-04-26 21:28:12,501 - app - INFO - [DB] Dialecto activo: sqlite
2026-04-26 21:28:12,515 - app - INFO - [OK] Tablas de base de datos creadas/verificadas
2026-04-26 21:28:12,643 - app - INFO - [DB] Usuario administrador 'admin' ya existe
2026-04-26 21:28:12,658 - werkzeug - WARNING -  * Debugger is active!
2026-04-26 21:28:12,665 - werkzeug - INFO -  * Debugger PIN: 792-480-490
2026-04-26 21:28:21,866 - werkzeug - INFO - 192.168.0.10 - - [26/Apr/2026 21:28:21] "GET / HTTP/1.1" 200 -
2026-04-26 21:28:21,877 - werkzeug - INFO - 192.168.0.10 - - [26/Apr/2026 21:28:21] "GET / HTTP/1.1" 200 -
2026-04-26 21:28:22,390 - werkzeug - INFO - 192.168.0.10 - - [26/Apr/2026 21:28:22] "GET /static/css/styles.css?v=1777256843 HTTP/1.1" 200 -
2026-04-26 21:28:22,396 - werkzeug - INFO - 192.168.0.10 - - [26/Apr/2026 21:28:22] "[36mGET /static/js/main.js?v=1770570564 HTTP/1.1[0m" 304 -
2026-04-26 21:28:22,408 - werkzeug - INFO - 192.168.0.10 - - [26/Apr/2026 21:28:22] "[36mGET /static/css/styles.css?v=1777256843 HTTP/1.1[0m" 304 -
2026-04-26 21:28:22,421 - werkzeug - INFO - 192.168.0.10 - - [26/Apr/2026 21:28:22] "[36mGET /static/js/main.js?v=1770570564 HTTP/1.1[0m" 304 -
2026-04-26 21:28:22,539 - werkzeug - INFO - 192.168.0.10 - - [26/Apr/2026 21:28:22] "[33mGET /favicon.ico HTTP/1.1[0m" 404 -
2026-04-26 21:28:22,547 - werkzeug - INFO - 192.168.0.10 - - [26/Apr/2026 21:28:22] "[33mGET /favicon.ico HTTP/1.1[0m" 404 -
2026-04-26 21:28:28,497 - app.routes.auth - INFO - Usuario logueado: admin
2026-04-26 21:28:28,497 - werkzeug - INFO - 192.168.0.10 - - [26/Apr/2026 21:28:28] "POST /api/auth/login HTTP/1.1" 200 -
2026-04-26 21:28:28,632 - werkzeug - INFO - 192.168.0.10 - - [26/Apr/2026 21:28:28] "GET /dashboard HTTP/1.1" 200 -
2026-04-26 21:28:28,692 - werkzeug - INFO - 192.168.0.10 - - [26/Apr/2026 21:28:28] "[36mGET /static/css/styles.css?v=1777256843 HTTP/1.1[0m" 304 -
2026-04-26 21:28:28,700 - werkzeug - INFO - 192.168.0.10 - - [26/Apr/2026 21:28:28] "GET /static/js/dashboard.js?v=1777256834 HTTP/1.1" 200 -
2026-04-26 21:28:28,703 - werkzeug - INFO - 192.168.0.10 - - [26/Apr/2026 21:28:28] "[36mGET /static/js/servicios.js?v=1774564771 HTTP/1.1[0m" 304 -
2026-04-26 21:28:28,706 - werkzeug - INFO - 192.168.0.10 - - [26/Apr/2026 21:28:28] "[36mGET /static/js/prestamos.js?v=1774564771 HTTP/1.1[0m" 304 -
2026-04-26 21:28:28,714 - werkzeug - INFO - 192.168.0.10 - - [26/Apr/2026 21:28:28] "[36mGET /static/js/main.js?v=1770570564 HTTP/1.1[0m" 304 -
2026-04-26 21:28:28,872 - werkzeug - INFO - 192.168.0.10 - - [26/Apr/2026 21:28:28] "GET /api/servicios/list HTTP/1.1" 200 -
2026-04-26 21:28:28,905 - werkzeug - INFO - 192.168.0.10 - - [26/Apr/2026 21:28:28] "GET /api/bancos/prestamos?activos=true HTTP/1.1" 200 -
2026-04-26 21:28:28,959 - werkzeug - INFO - 192.168.0.10 - - [26/Apr/2026 21:28:28] "GET /api/dashboard/servicios?anio=2026&referencia_mes=4&referencia_anio=2026 HTTP/1.1" 200 -
2026-04-26 21:28:28,991 - werkzeug - INFO - 192.168.0.10 - - [26/Apr/2026 21:28:28] "GET /api/dashboard/bancos?anio=2026&referencia_mes=4&referencia_anio=2026 HTTP/1.1" 200 -
2026-04-26 21:28:36,421 - werkzeug - INFO - 192.168.0.10 - - [26/Apr/2026 21:28:36] "GET /api/comercial/clientes HTTP/1.1" 200 -
2026-04-26 21:28:36,433 - werkzeug - INFO - 192.168.0.10 - - [26/Apr/2026 21:28:36] "GET /api/comercial/tarifas HTTP/1.1" 200 -
2026-04-26 21:28:39,292 - werkzeug - INFO - 192.168.0.10 - - [26/Apr/2026 21:28:39] "GET /api/comercial/vendedores HTTP/1.1" 200 -
2026-04-26 21:28:39,325 - werkzeug - INFO - 192.168.0.10 - - [26/Apr/2026 21:28:39] "GET /api/comercial/catalogo HTTP/1.1" 200 -
2026-04-26 21:36:21,046 - app - INFO - [DB] DATABASE_URL configurada: (sin DATABASE_URL)
2026-04-26 21:36:21,164 - app - INFO - [DB] Conexion activa: sqlite:///C:\python\PREVENT\instance\prevent.db
2026-04-26 21:36:21,164 - app - INFO - [DB] Dialecto activo: sqlite
2026-04-26 21:36:21,172 - app - INFO - [OK] Tablas de base de datos creadas/verificadas
2026-04-26 21:36:21,329 - app - INFO - [DB] Usuario administrador 'admin' ya existe
2026-04-26 21:36:21,371 - werkzeug - INFO - [31m[1mWARNING: This is a development server. Do not use it in a production deployment. Use a production WSGI server instead.[0m
 * Running on all addresses (0.0.0.0)
 * Running on http://127.0.0.1:8080
 * Running on http://192.168.0.10:8080
2026-04-26 21:36:21,371 - werkzeug - INFO - [33mPress CTRL+C to quit[0m
2026-04-26 21:36:21,371 - werkzeug - INFO -  * Restarting with stat
2026-04-26 21:36:23,274 - app - INFO - [DB] DATABASE_URL configurada: (sin DATABASE_URL)
2026-04-26 21:36:23,429 - app - INFO - [DB] Conexion activa: sqlite:///C:\python\PREVENT\instance\prevent.db
2026-04-26 21:36:23,431 - app - INFO - [DB] Dialecto activo: sqlite
2026-04-26 21:36:23,444 - app - INFO - [OK] Tablas de base de datos creadas/verificadas
2026-04-26 21:36:23,598 - app - INFO - [DB] Usuario administrador 'admin' ya existe
2026-04-26 21:36:23,617 - werkzeug - WARNING -  * Debugger is active!
2026-04-26 21:36:23,622 - werkzeug - INFO -  * Debugger PIN: 792-480-490
2026-04-26 21:36:26,546 - werkzeug - INFO - 192.168.0.10 - - [26/Apr/2026 21:36:26] "GET / HTTP/1.1" 200 -
2026-04-26 21:36:26,603 - werkzeug - INFO - 192.168.0.10 - - [26/Apr/2026 21:36:26] "GET /static/css/styles.css?v=1777257221 HTTP/1.1" 200 -
2026-04-26 21:36:26,620 - werkzeug - INFO - 192.168.0.10 - - [26/Apr/2026 21:36:26] "[36mGET /static/js/main.js?v=1770570564 HTTP/1.1[0m" 304 -
2026-04-26 21:36:32,763 - app.routes.auth - INFO - Usuario logueado: admin
2026-04-26 21:36:32,779 - werkzeug - INFO - 192.168.0.10 - - [26/Apr/2026 21:36:32] "POST /api/auth/login HTTP/1.1" 200 -
2026-04-26 21:36:32,895 - werkzeug - INFO - 192.168.0.10 - - [26/Apr/2026 21:36:32] "GET /dashboard HTTP/1.1" 200 -
2026-04-26 21:36:32,949 - werkzeug - INFO - 192.168.0.10 - - [26/Apr/2026 21:36:32] "[36mGET /static/css/styles.css?v=1777257221 HTTP/1.1[0m" 304 -
2026-04-26 21:36:32,957 - werkzeug - INFO - 192.168.0.10 - - [26/Apr/2026 21:36:32] "GET /static/js/dashboard.js?v=1777257203 HTTP/1.1" 200 -
2026-04-26 21:36:32,972 - werkzeug - INFO - 192.168.0.10 - - [26/Apr/2026 21:36:32] "[36mGET /static/js/main.js?v=1770570564 HTTP/1.1[0m" 304 -
2026-04-26 21:36:32,972 - werkzeug - INFO - 192.168.0.10 - - [26/Apr/2026 21:36:32] "[36mGET /static/js/servicios.js?v=1774564771 HTTP/1.1[0m" 304 -
2026-04-26 21:36:32,972 - werkzeug - INFO - 192.168.0.10 - - [26/Apr/2026 21:36:32] "[36mGET /static/js/prestamos.js?v=1774564771 HTTP/1.1[0m" 304 -
2026-04-26 21:36:33,198 - werkzeug - INFO - 192.168.0.10 - - [26/Apr/2026 21:36:33] "GET /api/servicios/list HTTP/1.1" 200 -
2026-04-26 21:36:33,235 - werkzeug - INFO - 192.168.0.10 - - [26/Apr/2026 21:36:33] "GET /api/bancos/prestamos?activos=true HTTP/1.1" 200 -
2026-04-26 21:36:33,296 - werkzeug - INFO - 192.168.0.10 - - [26/Apr/2026 21:36:33] "GET /api/dashboard/bancos?anio=2026&referencia_mes=4&referencia_anio=2026 HTTP/1.1" 200 -
2026-04-26 21:36:33,310 - werkzeug - INFO - 192.168.0.10 - - [26/Apr/2026 21:36:33] "GET /api/dashboard/servicios?anio=2026&referencia_mes=4&referencia_anio=2026 HTTP/1.1" 200 -
2026-04-26 21:36:39,239 - werkzeug - INFO - 192.168.0.10 - - [26/Apr/2026 21:36:39] "GET /api/comercial/clientes HTTP/1.1" 200 -
2026-04-26 21:36:39,255 - werkzeug - INFO - 192.168.0.10 - - [26/Apr/2026 21:36:39] "GET /api/comercial/tarifas HTTP/1.1" 200 -
2026-04-26 21:36:41,758 - werkzeug - INFO - 192.168.0.10 - - [26/Apr/2026 21:36:41] "GET /api/comercial/vendedores HTTP/1.1" 200 -
2026-04-26 21:36:41,786 - werkzeug - INFO - 192.168.0.10 - - [26/Apr/2026 21:36:41] "GET /api/comercial/catalogo HTTP/1.1" 200 -
2026-04-26 21:42:31,423 - app - INFO - [DB] DATABASE_URL configurada: (sin DATABASE_URL)
2026-04-26 21:42:31,502 - app - INFO - [DB] Conexion activa: sqlite:///C:\python\PREVENT\instance\prevent.db
2026-04-26 21:42:31,502 - app - INFO - [DB] Dialecto activo: sqlite
2026-04-26 21:42:31,512 - app - INFO - [OK] Tablas de base de datos creadas/verificadas
2026-04-26 21:42:31,660 - app - INFO - [DB] Usuario administrador 'admin' ya existe
2026-04-26 21:42:31,716 - werkzeug - INFO - [31m[1mWARNING: This is a development server. Do not use it in a production deployment. Use a production WSGI server instead.[0m
 * Running on all addresses (0.0.0.0)
 * Running on http://127.0.0.1:8080
 * Running on http://192.168.0.10:8080
2026-04-26 21:42:31,716 - werkzeug - INFO - [33mPress CTRL+C to quit[0m
2026-04-26 21:42:31,718 - werkzeug - INFO -  * Restarting with stat
2026-04-26 21:42:33,668 - app - INFO - [DB] DATABASE_URL configurada: (sin DATABASE_URL)
2026-04-26 21:42:33,769 - app - INFO - [DB] Conexion activa: sqlite:///C:\python\PREVENT\instance\prevent.db
2026-04-26 21:42:33,769 - app - INFO - [DB] Dialecto activo: sqlite
2026-04-26 21:42:33,791 - app - INFO - [OK] Tablas de base de datos creadas/verificadas
2026-04-26 21:42:33,908 - app - INFO - [DB] Usuario administrador 'admin' ya existe
2026-04-26 21:42:33,931 - werkzeug - WARNING -  * Debugger is active!
2026-04-26 21:42:33,939 - werkzeug - INFO -  * Debugger PIN: 792-480-490
2026-04-26 21:42:36,660 - werkzeug - INFO - 192.168.0.10 - - [26/Apr/2026 21:42:36] "GET / HTTP/1.1" 200 -
2026-04-26 21:42:36,708 - werkzeug - INFO - 192.168.0.10 - - [26/Apr/2026 21:42:36] "GET /static/css/styles.css?v=1777257698 HTTP/1.1" 200 -
2026-04-26 21:42:36,734 - werkzeug - INFO - 192.168.0.10 - - [26/Apr/2026 21:42:36] "[36mGET /static/js/main.js?v=1770570564 HTTP/1.1[0m" 304 -
2026-04-26 21:42:42,504 - app.routes.auth - INFO - Usuario logueado: admin
2026-04-26 21:42:42,504 - werkzeug - INFO - 192.168.0.10 - - [26/Apr/2026 21:42:42] "POST /api/auth/login HTTP/1.1" 200 -
2026-04-26 21:42:42,623 - werkzeug - INFO - 192.168.0.10 - - [26/Apr/2026 21:42:42] "GET /dashboard HTTP/1.1" 200 -
2026-04-26 21:42:42,693 - werkzeug - INFO - 192.168.0.10 - - [26/Apr/2026 21:42:42] "[36mGET /static/css/styles.css?v=1777257698 HTTP/1.1[0m" 304 -
2026-04-26 21:42:42,727 - werkzeug - INFO - 192.168.0.10 - - [26/Apr/2026 21:42:42] "GET /static/js/dashboard.js?v=1777257689 HTTP/1.1" 200 -
2026-04-26 21:42:42,731 - werkzeug - INFO - 192.168.0.10 - - [26/Apr/2026 21:42:42] "[36mGET /static/js/servicios.js?v=1774564771 HTTP/1.1[0m" 304 -
2026-04-26 21:42:42,735 - werkzeug - INFO - 192.168.0.10 - - [26/Apr/2026 21:42:42] "[36mGET /static/js/prestamos.js?v=1774564771 HTTP/1.1[0m" 304 -
2026-04-26 21:42:42,745 - werkzeug - INFO - 192.168.0.10 - - [26/Apr/2026 21:42:42] "[36mGET /static/js/main.js?v=1770570564 HTTP/1.1[0m" 304 -
2026-04-26 21:42:43,029 - werkzeug - INFO - 192.168.0.10 - - [26/Apr/2026 21:42:43] "GET /api/servicios/list HTTP/1.1" 200 -
2026-04-26 21:42:43,078 - werkzeug - INFO - 192.168.0.10 - - [26/Apr/2026 21:42:43] "GET /api/bancos/prestamos?activos=true HTTP/1.1" 200 -
2026-04-26 21:42:43,176 - werkzeug - INFO - 192.168.0.10 - - [26/Apr/2026 21:42:43] "GET /api/dashboard/servicios?anio=2026&referencia_mes=4&referencia_anio=2026 HTTP/1.1" 200 -
2026-04-26 21:42:43,192 - werkzeug - INFO - 192.168.0.10 - - [26/Apr/2026 21:42:43] "GET /api/dashboard/bancos?anio=2026&referencia_mes=4&referencia_anio=2026 HTTP/1.1" 200 -
2026-04-26 21:42:48,432 - werkzeug - INFO - 192.168.0.10 - - [26/Apr/2026 21:42:48] "GET /api/comercial/clientes HTTP/1.1" 200 -
2026-04-26 21:42:48,446 - werkzeug - INFO - 192.168.0.10 - - [26/Apr/2026 21:42:48] "GET /api/comercial/tarifas HTTP/1.1" 200 -
2026-04-26 21:42:52,322 - werkzeug - INFO - 192.168.0.10 - - [26/Apr/2026 21:42:52] "GET /api/comercial/vendedores HTTP/1.1" 200 -
2026-04-26 21:42:52,358 - werkzeug - INFO - 192.168.0.10 - - [26/Apr/2026 21:42:52] "GET /api/comercial/catalogo HTTP/1.1" 200 -
2026-04-26 21:47:11,119 - app - INFO - [DB] DATABASE_URL configurada: (sin DATABASE_URL)
2026-04-26 21:47:11,257 - app - INFO - [DB] Conexion activa: sqlite:///C:\python\PREVENT\instance\prevent.db
2026-04-26 21:47:11,257 - app - INFO - [DB] Dialecto activo: sqlite
2026-04-26 21:47:11,273 - app - INFO - [OK] Tablas de base de datos creadas/verificadas
2026-04-26 21:47:11,465 - app - INFO - [DB] Usuario administrador 'admin' ya existe
2026-04-26 21:47:11,520 - werkzeug - INFO - [31m[1mWARNING: This is a development server. Do not use it in a production deployment. Use a production WSGI server instead.[0m
 * Running on all addresses (0.0.0.0)
 * Running on http://127.0.0.1:8080
 * Running on http://192.168.0.10:8080
2026-04-26 21:47:11,520 - werkzeug - INFO - [33mPress CTRL+C to quit[0m
2026-04-26 21:47:11,524 - werkzeug - INFO -  * Restarting with stat
2026-04-26 21:47:13,521 - app - INFO - [DB] DATABASE_URL configurada: (sin DATABASE_URL)
2026-04-26 21:47:13,661 - app - INFO - [DB] Conexion activa: sqlite:///C:\python\PREVENT\instance\prevent.db
2026-04-26 21:47:13,661 - app - INFO - [DB] Dialecto activo: sqlite
2026-04-26 21:47:13,677 - app - INFO - [OK] Tablas de base de datos creadas/verificadas
2026-04-26 21:47:13,872 - app - INFO - [DB] Usuario administrador 'admin' ya existe
2026-04-26 21:47:13,896 - werkzeug - WARNING -  * Debugger is active!
2026-04-26 21:47:13,903 - werkzeug - INFO -  * Debugger PIN: 792-480-490
2026-04-26 21:47:17,127 - werkzeug - INFO - 192.168.0.10 - - [26/Apr/2026 21:47:17] "GET / HTTP/1.1" 200 -
2026-04-26 21:47:17,176 - werkzeug - INFO - 192.168.0.10 - - [26/Apr/2026 21:47:17] "[36mGET /static/css/styles.css?v=1777257698 HTTP/1.1[0m" 304 -
2026-04-26 21:47:17,191 - werkzeug - INFO - 192.168.0.10 - - [26/Apr/2026 21:47:17] "[36mGET /static/js/main.js?v=1770570564 HTTP/1.1[0m" 304 -
2026-04-26 21:47:23,768 - app.routes.auth - INFO - Usuario logueado: admin
2026-04-26 21:47:23,768 - werkzeug - INFO - 192.168.0.10 - - [26/Apr/2026 21:47:23] "POST /api/auth/login HTTP/1.1" 200 -
2026-04-26 21:47:23,899 - werkzeug - INFO - 192.168.0.10 - - [26/Apr/2026 21:47:23] "GET /dashboard HTTP/1.1" 200 -
2026-04-26 21:47:23,947 - werkzeug - INFO - 192.168.0.10 - - [26/Apr/2026 21:47:23] "[36mGET /static/css/styles.css?v=1777257698 HTTP/1.1[0m" 304 -
2026-04-26 21:47:23,967 - werkzeug - INFO - 192.168.0.10 - - [26/Apr/2026 21:47:23] "GET /static/js/dashboard.js?v=1777257995 HTTP/1.1" 200 -
2026-04-26 21:47:23,972 - werkzeug - INFO - 192.168.0.10 - - [26/Apr/2026 21:47:23] "[36mGET /static/js/servicios.js?v=1774564771 HTTP/1.1[0m" 304 -
2026-04-26 21:47:23,979 - werkzeug - INFO - 192.168.0.10 - - [26/Apr/2026 21:47:23] "[36mGET /static/js/prestamos.js?v=1774564771 HTTP/1.1[0m" 304 -
2026-04-26 21:47:23,989 - werkzeug - INFO - 192.168.0.10 - - [26/Apr/2026 21:47:23] "[36mGET /static/js/main.js?v=1770570564 HTTP/1.1[0m" 304 -
2026-04-26 21:47:24,253 - werkzeug - INFO - 192.168.0.10 - - [26/Apr/2026 21:47:24] "GET /api/servicios/list HTTP/1.1" 200 -
2026-04-26 21:47:24,307 - werkzeug - INFO - 192.168.0.10 - - [26/Apr/2026 21:47:24] "GET /api/bancos/prestamos?activos=true HTTP/1.1" 200 -
2026-04-26 21:47:24,374 - werkzeug - INFO - 192.168.0.10 - - [26/Apr/2026 21:47:24] "GET /api/dashboard/servicios?anio=2026&referencia_mes=4&referencia_anio=2026 HTTP/1.1" 200 -
2026-04-26 21:47:24,398 - werkzeug - INFO - 192.168.0.10 - - [26/Apr/2026 21:47:24] "GET /api/dashboard/bancos?anio=2026&referencia_mes=4&referencia_anio=2026 HTTP/1.1" 200 -
2026-04-26 21:47:29,929 - werkzeug - INFO - 192.168.0.10 - - [26/Apr/2026 21:47:29] "GET /api/comercial/clientes HTTP/1.1" 200 -
2026-04-26 21:47:29,942 - werkzeug - INFO - 192.168.0.10 - - [26/Apr/2026 21:47:29] "GET /api/comercial/tarifas HTTP/1.1" 200 -
2026-04-26 21:47:34,014 - werkzeug - INFO - 192.168.0.10 - - [26/Apr/2026 21:47:34] "GET /api/comercial/vendedores HTTP/1.1" 200 -
2026-04-26 21:47:34,043 - werkzeug - INFO - 192.168.0.10 - - [26/Apr/2026 21:47:34] "GET /api/comercial/catalogo HTTP/1.1" 200 -
2026-04-26 21:48:55,804 - werkzeug - INFO - 192.168.0.10 - - [26/Apr/2026 21:48:55] "PUT /api/comercial/clientes/1 HTTP/1.1" 200 -
2026-04-26 21:48:55,892 - werkzeug - INFO - 192.168.0.10 - - [26/Apr/2026 21:48:55] "GET /api/dashboard/comercial HTTP/1.1" 200 -
2026-04-26 21:48:55,902 - werkzeug - INFO - 192.168.0.10 - - [26/Apr/2026 21:48:55] "GET /api/comercial/clientes HTTP/1.1" 200 -
2026-04-26 21:48:55,919 - werkzeug - INFO - 192.168.0.10 - - [26/Apr/2026 21:48:55] "GET /api/comercial/tarifas HTTP/1.1" 200 -
2026-04-26 21:49:00,859 - werkzeug - INFO - 192.168.0.10 - - [26/Apr/2026 21:49:00] "GET /api/comercial/clientes HTTP/1.1" 200 -
2026-04-26 21:49:00,872 - werkzeug - INFO - 192.168.0.10 - - [26/Apr/2026 21:49:00] "GET /api/comercial/tarifas HTTP/1.1" 200 -
2026-04-26 21:50:01,859 - werkzeug - INFO - 192.168.0.10 - - [26/Apr/2026 21:50:01] "PUT /api/comercial/clientes/1 HTTP/1.1" 200 -
2026-04-26 21:50:01,918 - werkzeug - INFO - 192.168.0.10 - - [26/Apr/2026 21:50:01] "GET /api/dashboard/comercial?mes=4&anio=2026 HTTP/1.1" 200 -
2026-04-26 21:50:01,950 - werkzeug - INFO - 192.168.0.10 - - [26/Apr/2026 21:50:01] "GET /api/comercial/tarifas HTTP/1.1" 200 -
2026-04-26 21:50:01,954 - werkzeug - INFO - 192.168.0.10 - - [26/Apr/2026 21:50:01] "GET /api/comercial/clientes HTTP/1.1" 200 -
2026-04-26 21:50:04,884 - werkzeug - INFO - 192.168.0.10 - - [26/Apr/2026 21:50:04] "GET /api/comercial/clientes HTTP/1.1" 200 -
2026-04-26 21:50:04,898 - werkzeug - INFO - 192.168.0.10 - - [26/Apr/2026 21:50:04] "GET /api/comercial/tarifas HTTP/1.1" 200 -
2026-04-26 21:57:11,406 - app - INFO - [DB] DATABASE_URL configurada: (sin DATABASE_URL)
2026-04-26 21:57:11,508 - app - INFO - [DB] Conexion activa: sqlite:///C:\python\PREVENT\instance\prevent.db
2026-04-26 21:57:11,508 - app - INFO - [DB] Dialecto activo: sqlite
2026-04-26 21:57:11,528 - app - INFO - [OK] Tablas de base de datos creadas/verificadas
2026-04-26 21:57:11,690 - app - INFO - [DB] Usuario administrador 'admin' ya existe
2026-04-26 21:57:11,732 - werkzeug - INFO - [31m[1mWARNING: This is a development server. Do not use it in a production deployment. Use a production WSGI server instead.[0m
 * Running on all addresses (0.0.0.0)
 * Running on http://127.0.0.1:8080
 * Running on http://192.168.0.10:8080
2026-04-26 21:57:11,732 - werkzeug - INFO - [33mPress CTRL+C to quit[0m
2026-04-26 21:57:11,738 - werkzeug - INFO -  * Restarting with stat
2026-04-26 21:57:13,550 - app - INFO - [DB] DATABASE_URL configurada: (sin DATABASE_URL)
2026-04-26 21:57:13,645 - app - INFO - [DB] Conexion activa: sqlite:///C:\python\PREVENT\instance\prevent.db
2026-04-26 21:57:13,645 - app - INFO - [DB] Dialecto activo: sqlite
2026-04-26 21:57:13,662 - app - INFO - [OK] Tablas de base de datos creadas/verificadas
2026-04-26 21:57:13,823 - app - INFO - [DB] Usuario administrador 'admin' ya existe
2026-04-26 21:57:13,839 - werkzeug - WARNING -  * Debugger is active!
2026-04-26 21:57:13,850 - werkzeug - INFO -  * Debugger PIN: 792-480-490
2026-04-26 21:57:16,885 - werkzeug - INFO - 192.168.0.10 - - [26/Apr/2026 21:57:16] "GET / HTTP/1.1" 200 -
2026-04-26 21:57:16,912 - werkzeug - INFO - 192.168.0.10 - - [26/Apr/2026 21:57:16] "GET /static/css/styles.css?v=1777258559 HTTP/1.1" 200 -
2026-04-26 21:57:16,912 - werkzeug - INFO - 192.168.0.10 - - [26/Apr/2026 21:57:16] "[36mGET /static/js/main.js?v=1770570564 HTTP/1.1[0m" 304 -
2026-04-26 21:57:21,679 - app.routes.auth - INFO - Usuario logueado: admin
2026-04-26 21:57:21,679 - werkzeug - INFO - 192.168.0.10 - - [26/Apr/2026 21:57:21] "POST /api/auth/login HTTP/1.1" 200 -
2026-04-26 21:57:21,814 - werkzeug - INFO - 192.168.0.10 - - [26/Apr/2026 21:57:21] "GET /dashboard HTTP/1.1" 200 -
2026-04-26 21:57:21,865 - werkzeug - INFO - 192.168.0.10 - - [26/Apr/2026 21:57:21] "GET /static/js/dashboard.js?v=1777258597 HTTP/1.1" 200 -
2026-04-26 21:57:21,868 - werkzeug - INFO - 192.168.0.10 - - [26/Apr/2026 21:57:21] "[36mGET /static/css/styles.css?v=1777258559 HTTP/1.1[0m" 304 -
2026-04-26 21:57:21,875 - werkzeug - INFO - 192.168.0.10 - - [26/Apr/2026 21:57:21] "[36mGET /static/js/servicios.js?v=1774564771 HTTP/1.1[0m" 304 -
2026-04-26 21:57:21,882 - werkzeug - INFO - 192.168.0.10 - - [26/Apr/2026 21:57:21] "[36mGET /static/js/prestamos.js?v=1774564771 HTTP/1.1[0m" 304 -
2026-04-26 21:57:21,887 - werkzeug - INFO - 192.168.0.10 - - [26/Apr/2026 21:57:21] "[36mGET /static/js/main.js?v=1770570564 HTTP/1.1[0m" 304 -
2026-04-26 21:57:22,081 - werkzeug - INFO - 192.168.0.10 - - [26/Apr/2026 21:57:22] "GET /api/servicios/list HTTP/1.1" 200 -
2026-04-26 21:57:22,101 - werkzeug - INFO - 192.168.0.10 - - [26/Apr/2026 21:57:22] "GET /api/bancos/prestamos?activos=true HTTP/1.1" 200 -
2026-04-26 21:57:22,180 - werkzeug - INFO - 192.168.0.10 - - [26/Apr/2026 21:57:22] "GET /api/dashboard/servicios?anio=2026&referencia_mes=4&referencia_anio=2026 HTTP/1.1" 200 -
2026-04-26 21:57:22,180 - werkzeug - INFO - 192.168.0.10 - - [26/Apr/2026 21:57:22] "GET /api/dashboard/bancos?anio=2026&referencia_mes=4&referencia_anio=2026 HTTP/1.1" 200 -
2026-04-26 21:57:30,239 - werkzeug - INFO - 192.168.0.10 - - [26/Apr/2026 21:57:30] "GET /api/comercial/clientes HTTP/1.1" 200 -
2026-04-26 21:57:30,244 - werkzeug - INFO - 192.168.0.10 - - [26/Apr/2026 21:57:30] "GET /api/comercial/tarifas HTTP/1.1" 200 -
2026-04-26 21:57:33,250 - werkzeug - INFO - 192.168.0.10 - - [26/Apr/2026 21:57:33] "GET /api/comercial/vendedores HTTP/1.1" 200 -
2026-04-26 21:57:33,283 - werkzeug - INFO - 192.168.0.10 - - [26/Apr/2026 21:57:33] "GET /api/comercial/catalogo HTTP/1.1" 200 -
2026-04-26 21:57:49,226 - werkzeug - INFO - 192.168.0.10 - - [26/Apr/2026 21:57:49] "PUT /api/comercial/tarifas/1 HTTP/1.1" 200 -
2026-04-26 21:57:49,324 - werkzeug - INFO - 192.168.0.10 - - [26/Apr/2026 21:57:49] "GET /api/comercial/tarifas HTTP/1.1" 200 -
2026-04-26 21:57:49,335 - werkzeug - INFO - 192.168.0.10 - - [26/Apr/2026 21:57:49] "GET /api/comercial/clientes HTTP/1.1" 200 -
2026-04-26 21:58:03,154 - werkzeug - INFO - 192.168.0.10 - - [26/Apr/2026 21:58:03] "PUT /api/comercial/tarifas/3 HTTP/1.1" 200 -
2026-04-26 21:58:03,232 - werkzeug - INFO - 192.168.0.10 - - [26/Apr/2026 21:58:03] "GET /api/comercial/clientes HTTP/1.1" 200 -
2026-04-26 21:58:03,241 - werkzeug - INFO - 192.168.0.10 - - [26/Apr/2026 21:58:03] "GET /api/comercial/tarifas HTTP/1.1" 200 -
2026-04-26 21:58:59,248 - werkzeug - INFO - 192.168.0.10 - - [26/Apr/2026 21:58:59] "PUT /api/comercial/clientes/1 HTTP/1.1" 200 -
2026-04-26 21:58:59,360 - werkzeug - INFO - 192.168.0.10 - - [26/Apr/2026 21:58:59] "GET /api/dashboard/comercial HTTP/1.1" 200 -
2026-04-26 21:58:59,362 - werkzeug - INFO - 192.168.0.10 - - [26/Apr/2026 21:58:59] "GET /api/comercial/clientes HTTP/1.1" 200 -
2026-04-26 21:58:59,373 - werkzeug - INFO - 192.168.0.10 - - [26/Apr/2026 21:58:59] "GET /api/comercial/tarifas HTTP/1.1" 200 -
2026-04-26 21:59:04,907 - werkzeug - INFO - 192.168.0.10 - - [26/Apr/2026 21:59:04] "GET /api/comercial/clientes HTTP/1.1" 200 -
2026-04-26 21:59:04,910 - werkzeug - INFO - 192.168.0.10 - - [26/Apr/2026 21:59:04] "GET /api/comercial/tarifas HTTP/1.1" 200 -
2026-04-26 21:59:28,045 - werkzeug - INFO - 192.168.0.10 - - [26/Apr/2026 21:59:28] "[35m[1mPOST /api/comercial/tarifas HTTP/1.1[0m" 201 -
2026-04-26 21:59:28,115 - werkzeug - INFO - 192.168.0.10 - - [26/Apr/2026 21:59:28] "GET /api/comercial/clientes HTTP/1.1" 200 -
2026-04-26 21:59:28,133 - werkzeug - INFO - 192.168.0.10 - - [26/Apr/2026 21:59:28] "GET /api/comercial/tarifas HTTP/1.1" 200 -
2026-04-26 21:59:43,673 - werkzeug - INFO - 192.168.0.10 - - [26/Apr/2026 21:59:43] "[35m[1mPOST /api/comercial/tarifas HTTP/1.1[0m" 201 -
2026-04-26 21:59:43,754 - werkzeug - INFO - 192.168.0.10 - - [26/Apr/2026 21:59:43] "GET /api/comercial/clientes HTTP/1.1" 200 -
2026-04-26 21:59:43,772 - werkzeug - INFO - 192.168.0.10 - - [26/Apr/2026 21:59:43] "GET /api/comercial/tarifas HTTP/1.1" 200 -
2026-04-26 21:59:54,013 - werkzeug - INFO - 192.168.0.10 - - [26/Apr/2026 21:59:54] "PUT /api/comercial/clientes/1 HTTP/1.1" 200 -
2026-04-26 21:59:54,077 - werkzeug - INFO - 192.168.0.10 - - [26/Apr/2026 21:59:54] "GET /api/dashboard/comercial?mes=4&anio=2026 HTTP/1.1" 200 -
2026-04-26 21:59:54,098 - werkzeug - INFO - 192.168.0.10 - - [26/Apr/2026 21:59:54] "GET /api/comercial/clientes HTTP/1.1" 200 -
2026-04-26 21:59:54,128 - werkzeug - INFO - 192.168.0.10 - - [26/Apr/2026 21:59:54] "GET /api/comercial/tarifas HTTP/1.1" 200 -
2026-04-26 22:04:35,602 - app - INFO - [DB] DATABASE_URL configurada: (sin DATABASE_URL)
2026-04-26 22:04:35,690 - app - INFO - [DB] Conexion activa: sqlite:///C:\python\PREVENT\instance\prevent.db
2026-04-26 22:04:35,690 - app - INFO - [DB] Dialecto activo: sqlite
2026-04-26 22:04:35,708 - app - INFO - [OK] Tablas de base de datos creadas/verificadas
2026-04-26 22:04:35,887 - app - INFO - [DB] Usuario administrador 'admin' ya existe
2026-04-26 22:04:35,937 - werkzeug - INFO - [31m[1mWARNING: This is a development server. Do not use it in a production deployment. Use a production WSGI server instead.[0m
 * Running on all addresses (0.0.0.0)
 * Running on http://127.0.0.1:8080
 * Running on http://192.168.0.10:8080
2026-04-26 22:04:35,937 - werkzeug - INFO - [33mPress CTRL+C to quit[0m
2026-04-26 22:04:35,941 - werkzeug - INFO -  * Restarting with stat
2026-04-26 22:04:37,901 - app - INFO - [DB] DATABASE_URL configurada: (sin DATABASE_URL)
2026-04-26 22:04:37,982 - app - INFO - [DB] Conexion activa: sqlite:///C:\python\PREVENT\instance\prevent.db
2026-04-26 22:04:37,982 - app - INFO - [DB] Dialecto activo: sqlite
2026-04-26 22:04:37,982 - app - INFO - [OK] Tablas de base de datos creadas/verificadas
2026-04-26 22:04:38,110 - app - INFO - [DB] Usuario administrador 'admin' ya existe
2026-04-26 22:04:38,126 - werkzeug - WARNING -  * Debugger is active!
2026-04-26 22:04:38,127 - werkzeug - INFO -  * Debugger PIN: 792-480-490
2026-04-26 22:04:40,618 - werkzeug - INFO - 192.168.0.10 - - [26/Apr/2026 22:04:40] "GET / HTTP/1.1" 200 -
2026-04-26 22:04:40,657 - werkzeug - INFO - 192.168.0.10 - - [26/Apr/2026 22:04:40] "GET /static/css/styles.css?v=1777259049 HTTP/1.1" 200 -
2026-04-26 22:04:40,681 - werkzeug - INFO - 192.168.0.10 - - [26/Apr/2026 22:04:40] "[36mGET /static/js/main.js?v=1770570564 HTTP/1.1[0m" 304 -
2026-04-26 22:04:45,892 - app.routes.auth - INFO - Usuario logueado: admin
2026-04-26 22:04:45,892 - werkzeug - INFO - 192.168.0.10 - - [26/Apr/2026 22:04:45] "POST /api/auth/login HTTP/1.1" 200 -
2026-04-26 22:04:46,021 - werkzeug - INFO - 192.168.0.10 - - [26/Apr/2026 22:04:46] "GET /dashboard HTTP/1.1" 200 -
2026-04-26 22:04:46,073 - werkzeug - INFO - 192.168.0.10 - - [26/Apr/2026 22:04:46] "[36mGET /static/css/styles.css?v=1777259049 HTTP/1.1[0m" 304 -
2026-04-26 22:04:46,078 - werkzeug - INFO - 192.168.0.10 - - [26/Apr/2026 22:04:46] "GET /static/js/dashboard.js?v=1777259042 HTTP/1.1" 200 -
2026-04-26 22:04:46,085 - werkzeug - INFO - 192.168.0.10 - - [26/Apr/2026 22:04:46] "[36mGET /static/js/servicios.js?v=1774564771 HTTP/1.1[0m" 304 -
2026-04-26 22:04:46,089 - werkzeug - INFO - 192.168.0.10 - - [26/Apr/2026 22:04:46] "[36mGET /static/js/prestamos.js?v=1774564771 HTTP/1.1[0m" 304 -
2026-04-26 22:04:46,093 - werkzeug - INFO - 192.168.0.10 - - [26/Apr/2026 22:04:46] "[36mGET /static/js/main.js?v=1770570564 HTTP/1.1[0m" 304 -
2026-04-26 22:04:46,265 - werkzeug - INFO - 192.168.0.10 - - [26/Apr/2026 22:04:46] "GET /api/servicios/list HTTP/1.1" 200 -
2026-04-26 22:04:46,298 - werkzeug - INFO - 192.168.0.10 - - [26/Apr/2026 22:04:46] "GET /api/bancos/prestamos?activos=true HTTP/1.1" 200 -
2026-04-26 22:04:46,348 - werkzeug - INFO - 192.168.0.10 - - [26/Apr/2026 22:04:46] "GET /api/dashboard/servicios?anio=2026&referencia_mes=4&referencia_anio=2026 HTTP/1.1" 200 -
2026-04-26 22:04:46,381 - werkzeug - INFO - 192.168.0.10 - - [26/Apr/2026 22:04:46] "GET /api/dashboard/bancos?anio=2026&referencia_mes=4&referencia_anio=2026 HTTP/1.1" 200 -
2026-04-26 22:04:53,338 - werkzeug - INFO - 192.168.0.10 - - [26/Apr/2026 22:04:53] "GET /api/comercial/clientes HTTP/1.1" 200 -
2026-04-26 22:04:53,362 - werkzeug - INFO - 192.168.0.10 - - [26/Apr/2026 22:04:53] "GET /api/comercial/tarifas HTTP/1.1" 200 -
2026-04-26 22:04:56,577 - werkzeug - INFO - 192.168.0.10 - - [26/Apr/2026 22:04:56] "GET /api/comercial/vendedores HTTP/1.1" 200 -
2026-04-26 22:04:56,627 - werkzeug - INFO - 192.168.0.10 - - [26/Apr/2026 22:04:56] "GET /api/comercial/catalogo HTTP/1.1" 200 -
2026-04-26 22:05:02,964 - werkzeug - INFO - 192.168.0.10 - - [26/Apr/2026 22:05:02] "DELETE /api/comercial/tarifas/3 HTTP/1.1" 200 -
2026-04-26 22:05:06,209 - werkzeug - INFO - 192.168.0.10 - - [26/Apr/2026 22:05:06] "PUT /api/comercial/clientes/1 HTTP/1.1" 200 -
2026-04-26 22:05:06,294 - werkzeug - INFO - 192.168.0.10 - - [26/Apr/2026 22:05:06] "GET /api/dashboard/comercial HTTP/1.1" 200 -
2026-04-26 22:05:06,304 - werkzeug - INFO - 192.168.0.10 - - [26/Apr/2026 22:05:06] "GET /api/comercial/clientes HTTP/1.1" 200 -
2026-04-26 22:05:06,330 - werkzeug - INFO - 192.168.0.10 - - [26/Apr/2026 22:05:06] "GET /api/comercial/tarifas HTTP/1.1" 200 -
2026-04-26 22:05:09,106 - werkzeug - INFO - 192.168.0.10 - - [26/Apr/2026 22:05:09] "GET /api/comercial/clientes HTTP/1.1" 200 -
2026-04-26 22:05:09,125 - werkzeug - INFO - 192.168.0.10 - - [26/Apr/2026 22:05:09] "GET /api/comercial/tarifas HTTP/1.1" 200 -
2026-04-26 22:05:33,680 - werkzeug - INFO - 192.168.0.10 - - [26/Apr/2026 22:05:33] "PUT /api/comercial/clientes/1 HTTP/1.1" 200 -
2026-04-26 22:05:33,735 - werkzeug - INFO - 192.168.0.10 - - [26/Apr/2026 22:05:33] "GET /api/dashboard/comercial?mes=4&anio=2026 HTTP/1.1" 200 -
2026-04-26 22:05:33,757 - werkzeug - INFO - 192.168.0.10 - - [26/Apr/2026 22:05:33] "GET /api/comercial/clientes HTTP/1.1" 200 -
2026-04-26 22:05:33,776 - werkzeug - INFO - 192.168.0.10 - - [26/Apr/2026 22:05:33] "GET /api/comercial/tarifas HTTP/1.1" 200 -
2026-04-26 22:05:35,492 - werkzeug - INFO - 192.168.0.10 - - [26/Apr/2026 22:05:35] "GET /api/comercial/clientes HTTP/1.1" 200 -
2026-04-26 22:05:35,502 - werkzeug - INFO - 192.168.0.10 - - [26/Apr/2026 22:05:35] "GET /api/comercial/tarifas HTTP/1.1" 200 -
2026-04-26 22:05:58,038 - werkzeug - INFO - 192.168.0.10 - - [26/Apr/2026 22:05:58] "PUT /api/comercial/clientes/1 HTTP/1.1" 200 -
2026-04-26 22:05:58,101 - werkzeug - INFO - 192.168.0.10 - - [26/Apr/2026 22:05:58] "GET /api/comercial/clientes HTTP/1.1" 200 -
2026-04-26 22:05:58,117 - werkzeug - INFO - 192.168.0.10 - - [26/Apr/2026 22:05:58] "GET /api/dashboard/comercial?mes=4&anio=2026 HTTP/1.1" 200 -
2026-04-26 22:05:58,146 - werkzeug - INFO - 192.168.0.10 - - [26/Apr/2026 22:05:58] "GET /api/comercial/tarifas HTTP/1.1" 200 -
2026-04-26 22:06:00,560 - werkzeug - INFO - 192.168.0.10 - - [26/Apr/2026 22:06:00] "GET /api/comercial/clientes HTTP/1.1" 200 -
2026-04-26 22:06:00,570 - werkzeug - INFO - 192.168.0.10 - - [26/Apr/2026 22:06:00] "GET /api/comercial/tarifas HTTP/1.1" 200 -
2026-04-26 22:06:20,376 - werkzeug - INFO - 192.168.0.10 - - [26/Apr/2026 22:06:20] "[35m[1mPOST /api/comercial/tarifas HTTP/1.1[0m" 201 -
2026-04-26 22:06:20,456 - werkzeug - INFO - 192.168.0.10 - - [26/Apr/2026 22:06:20] "GET /api/comercial/clientes HTTP/1.1" 200 -
2026-04-26 22:06:20,464 - werkzeug - INFO - 192.168.0.10 - - [26/Apr/2026 22:06:20] "GET /api/comercial/tarifas HTTP/1.1" 200 -
2026-04-26 22:06:29,121 - werkzeug - INFO - 192.168.0.10 - - [26/Apr/2026 22:06:29] "PUT /api/comercial/clientes/1 HTTP/1.1" 200 -
2026-04-26 22:06:29,192 - werkzeug - INFO - 192.168.0.10 - - [26/Apr/2026 22:06:29] "GET /api/comercial/clientes HTTP/1.1" 200 -
2026-04-26 22:06:29,192 - werkzeug - INFO - 192.168.0.10 - - [26/Apr/2026 22:06:29] "GET /api/dashboard/comercial?mes=4&anio=2026 HTTP/1.1" 200 -
2026-04-26 22:06:29,221 - werkzeug - INFO - 192.168.0.10 - - [26/Apr/2026 22:06:29] "GET /api/comercial/tarifas HTTP/1.1" 200 -
2026-04-26 22:12:51,315 - app - INFO - [DB] DATABASE_URL configurada: (sin DATABASE_URL)
2026-04-26 22:12:51,437 - app - INFO - [DB] Conexion activa: sqlite:///C:\python\PREVENT\instance\prevent.db
2026-04-26 22:12:51,437 - app - INFO - [DB] Dialecto activo: sqlite
2026-04-26 22:12:51,463 - app - INFO - [OK] Tablas de base de datos creadas/verificadas
2026-04-26 22:12:51,625 - app - INFO - [DB] Usuario administrador 'admin' ya existe
2026-04-26 22:12:51,678 - werkzeug - INFO - [31m[1mWARNING: This is a development server. Do not use it in a production deployment. Use a production WSGI server instead.[0m
 * Running on all addresses (0.0.0.0)
 * Running on http://127.0.0.1:8080
 * Running on http://192.168.0.10:8080
2026-04-26 22:12:51,678 - werkzeug - INFO - [33mPress CTRL+C to quit[0m
2026-04-26 22:12:51,683 - werkzeug - INFO -  * Restarting with stat
2026-04-26 22:12:53,775 - app - INFO - [DB] DATABASE_URL configurada: (sin DATABASE_URL)
2026-04-26 22:12:53,874 - app - INFO - [DB] Conexion activa: sqlite:///C:\python\PREVENT\instance\prevent.db
2026-04-26 22:12:53,874 - app - INFO - [DB] Dialecto activo: sqlite
2026-04-26 22:12:53,890 - app - INFO - [OK] Tablas de base de datos creadas/verificadas
2026-04-26 22:12:54,034 - app - INFO - [DB] Usuario administrador 'admin' ya existe
2026-04-26 22:12:54,052 - werkzeug - WARNING -  * Debugger is active!
2026-04-26 22:12:54,059 - werkzeug - INFO -  * Debugger PIN: 792-480-490
2026-04-26 22:12:58,676 - werkzeug - INFO - 192.168.0.10 - - [26/Apr/2026 22:12:58] "GET / HTTP/1.1" 200 -
2026-04-26 22:12:58,707 - werkzeug - INFO - 192.168.0.10 - - [26/Apr/2026 22:12:58] "[36mGET /static/css/styles.css?v=1777259049 HTTP/1.1[0m" 304 -
2026-04-26 22:12:58,720 - werkzeug - INFO - 192.168.0.10 - - [26/Apr/2026 22:12:58] "[36mGET /static/js/main.js?v=1770570564 HTTP/1.1[0m" 304 -
2026-04-26 22:13:02,677 - app.routes.auth - INFO - Usuario logueado: admin
2026-04-26 22:13:02,689 - werkzeug - INFO - 192.168.0.10 - - [26/Apr/2026 22:13:02] "POST /api/auth/login HTTP/1.1" 200 -
2026-04-26 22:13:02,807 - werkzeug - INFO - 192.168.0.10 - - [26/Apr/2026 22:13:02] "GET /dashboard HTTP/1.1" 200 -
2026-04-26 22:13:02,851 - werkzeug - INFO - 192.168.0.10 - - [26/Apr/2026 22:13:02] "[36mGET /static/css/styles.css?v=1777259049 HTTP/1.1[0m" 304 -
2026-04-26 22:13:02,857 - werkzeug - INFO - 192.168.0.10 - - [26/Apr/2026 22:13:02] "[36mGET /static/js/dashboard.js?v=1777259042 HTTP/1.1[0m" 304 -
2026-04-26 22:13:02,863 - werkzeug - INFO - 192.168.0.10 - - [26/Apr/2026 22:13:02] "[36mGET /static/js/servicios.js?v=1774564771 HTTP/1.1[0m" 304 -
2026-04-26 22:13:02,870 - werkzeug - INFO - 192.168.0.10 - - [26/Apr/2026 22:13:02] "[36mGET /static/js/prestamos.js?v=1774564771 HTTP/1.1[0m" 304 -
2026-04-26 22:13:02,877 - werkzeug - INFO - 192.168.0.10 - - [26/Apr/2026 22:13:02] "[36mGET /static/js/main.js?v=1770570564 HTTP/1.1[0m" 304 -
2026-04-26 22:13:03,039 - werkzeug - INFO - 192.168.0.10 - - [26/Apr/2026 22:13:03] "GET /api/servicios/list HTTP/1.1" 200 -
2026-04-26 22:13:03,067 - werkzeug - INFO - 192.168.0.10 - - [26/Apr/2026 22:13:03] "GET /api/bancos/prestamos?activos=true HTTP/1.1" 200 -
2026-04-26 22:13:03,119 - werkzeug - INFO - 192.168.0.10 - - [26/Apr/2026 22:13:03] "GET /api/dashboard/servicios?anio=2026&referencia_mes=4&referencia_anio=2026 HTTP/1.1" 200 -
2026-04-26 22:13:03,147 - werkzeug - INFO - 192.168.0.10 - - [26/Apr/2026 22:13:03] "GET /api/dashboard/bancos?anio=2026&referencia_mes=4&referencia_anio=2026 HTTP/1.1" 200 -
2026-04-26 22:13:08,076 - werkzeug - INFO - 192.168.0.10 - - [26/Apr/2026 22:13:08] "GET /api/comercial/clientes HTTP/1.1" 200 -
2026-04-26 22:13:08,092 - werkzeug - INFO - 192.168.0.10 - - [26/Apr/2026 22:13:08] "GET /api/comercial/tarifas HTTP/1.1" 200 -
2026-04-26 22:13:10,563 - werkzeug - INFO - 192.168.0.10 - - [26/Apr/2026 22:13:10] "GET /api/comercial/vendedores HTTP/1.1" 200 -
2026-04-26 22:13:10,599 - werkzeug - INFO - 192.168.0.10 - - [26/Apr/2026 22:13:10] "GET /api/comercial/catalogo HTTP/1.1" 200 -
2026-04-26 22:15:59,119 - werkzeug - INFO -  * Detected change in 'C:\\python\\PREVENT\\app\\models.py', reloading
2026-04-26 22:15:59,607 - werkzeug - INFO -  * Restarting with stat
2026-04-26 22:16:01,530 - app - INFO - [DB] DATABASE_URL configurada: (sin DATABASE_URL)
2026-04-26 22:16:01,639 - app - INFO - [DB] Conexion activa: sqlite:///C:\python\PREVENT\instance\prevent.db
2026-04-26 22:16:01,639 - app - INFO - [DB] Dialecto activo: sqlite
2026-04-26 22:16:01,655 - app - INFO - [OK] Tablas de base de datos creadas/verificadas
2026-04-26 22:16:01,806 - app - INFO - [DB] Usuario administrador 'admin' ya existe
2026-04-26 22:16:01,831 - werkzeug - WARNING -  * Debugger is active!
2026-04-26 22:16:01,842 - werkzeug - INFO -  * Debugger PIN: 792-480-490
2026-04-26 22:16:08,535 - werkzeug - INFO -  * Detected change in 'C:\\python\\PREVENT\\app\\routes\\comercial.py', reloading
2026-04-26 22:16:08,913 - werkzeug - INFO -  * Restarting with stat
2026-04-26 22:16:10,720 - app - INFO - [DB] DATABASE_URL configurada: (sin DATABASE_URL)
2026-04-26 22:16:10,815 - app - INFO - [DB] Conexion activa: sqlite:///C:\python\PREVENT\instance\prevent.db
2026-04-26 22:16:10,815 - app - INFO - [DB] Dialecto activo: sqlite
2026-04-26 22:16:10,830 - app - INFO - [OK] Tablas de base de datos creadas/verificadas
2026-04-26 22:16:10,973 - app - INFO - [DB] Usuario administrador 'admin' ya existe
2026-04-26 22:16:10,989 - werkzeug - WARNING -  * Debugger is active!
2026-04-26 22:16:10,991 - werkzeug - INFO -  * Debugger PIN: 792-480-490
2026-04-26 22:17:22,063 - app - INFO - [DB] DATABASE_URL configurada: (sin DATABASE_URL)
2026-04-26 22:17:22,160 - app - INFO - [DB] Conexion activa: sqlite:///C:\python\PREVENT\instance\prevent.db
2026-04-26 22:17:22,160 - app - INFO - [DB] Dialecto activo: sqlite
2026-04-26 22:17:22,176 - app - INFO - [OK] Tablas de base de datos creadas/verificadas
2026-04-26 22:17:22,338 - app - INFO - [DB] Usuario administrador 'admin' ya existe
2026-04-26 22:17:22,382 - werkzeug - INFO - [31m[1mWARNING: This is a development server. Do not use it in a production deployment. Use a production WSGI server instead.[0m
 * Running on all addresses (0.0.0.0)
 * Running on http://127.0.0.1:8080
 * Running on http://192.168.0.10:8080
2026-04-26 22:17:22,382 - werkzeug - INFO - [33mPress CTRL+C to quit[0m
2026-04-26 22:17:22,386 - werkzeug - INFO -  * Restarting with stat
2026-04-26 22:17:24,345 - app - INFO - [DB] DATABASE_URL configurada: (sin DATABASE_URL)
2026-04-26 22:17:24,436 - app - INFO - [DB] Conexion activa: sqlite:///C:\python\PREVENT\instance\prevent.db
2026-04-26 22:17:24,436 - app - INFO - [DB] Dialecto activo: sqlite
2026-04-26 22:17:24,447 - app - INFO - [OK] Tablas de base de datos creadas/verificadas
2026-04-26 22:17:24,616 - app - INFO - [DB] Usuario administrador 'admin' ya existe
2026-04-26 22:17:24,634 - werkzeug - WARNING -  * Debugger is active!
2026-04-26 22:17:24,647 - werkzeug - INFO -  * Debugger PIN: 792-480-490
2026-04-26 22:17:28,623 - werkzeug - INFO - 192.168.0.10 - - [26/Apr/2026 22:17:28] "GET / HTTP/1.1" 200 -
2026-04-26 22:17:28,687 - werkzeug - INFO - 192.168.0.10 - - [26/Apr/2026 22:17:28] "[36mGET /static/css/styles.css?v=1777259049 HTTP/1.1[0m" 304 -
2026-04-26 22:17:28,690 - werkzeug - INFO - 192.168.0.10 - - [26/Apr/2026 22:17:28] "[36mGET /static/js/main.js?v=1770570564 HTTP/1.1[0m" 304 -
2026-04-26 22:17:33,744 - app.routes.auth - INFO - Usuario logueado: admin
2026-04-26 22:17:33,744 - werkzeug - INFO - 192.168.0.10 - - [26/Apr/2026 22:17:33] "POST /api/auth/login HTTP/1.1" 200 -
2026-04-26 22:17:33,890 - werkzeug - INFO - 192.168.0.10 - - [26/Apr/2026 22:17:33] "GET /dashboard HTTP/1.1" 200 -
2026-04-26 22:17:33,937 - werkzeug - INFO - 192.168.0.10 - - [26/Apr/2026 22:17:33] "[36mGET /static/css/styles.css?v=1777259049 HTTP/1.1[0m" 304 -
2026-04-26 22:17:33,961 - werkzeug - INFO - 192.168.0.10 - - [26/Apr/2026 22:17:33] "GET /static/js/dashboard.js?v=1777259788 HTTP/1.1" 200 -
2026-04-26 22:17:33,971 - werkzeug - INFO - 192.168.0.10 - - [26/Apr/2026 22:17:33] "[36mGET /static/js/servicios.js?v=1774564771 HTTP/1.1[0m" 304 -
2026-04-26 22:17:33,977 - werkzeug - INFO - 192.168.0.10 - - [26/Apr/2026 22:17:33] "[36mGET /static/js/prestamos.js?v=1774564771 HTTP/1.1[0m" 304 -
2026-04-26 22:17:33,989 - werkzeug - INFO - 192.168.0.10 - - [26/Apr/2026 22:17:33] "[36mGET /static/js/main.js?v=1770570564 HTTP/1.1[0m" 304 -
2026-04-26 22:17:34,226 - werkzeug - INFO - 192.168.0.10 - - [26/Apr/2026 22:17:34] "GET /api/servicios/list HTTP/1.1" 200 -
2026-04-26 22:17:34,270 - werkzeug - INFO - 192.168.0.10 - - [26/Apr/2026 22:17:34] "GET /api/bancos/prestamos?activos=true HTTP/1.1" 200 -
2026-04-26 22:17:34,353 - werkzeug - INFO - 192.168.0.10 - - [26/Apr/2026 22:17:34] "GET /api/dashboard/servicios?anio=2026&referencia_mes=4&referencia_anio=2026 HTTP/1.1" 200 -
2026-04-26 22:17:34,376 - werkzeug - INFO - 192.168.0.10 - - [26/Apr/2026 22:17:34] "GET /api/dashboard/bancos?anio=2026&referencia_mes=4&referencia_anio=2026 HTTP/1.1" 200 -
2026-04-26 22:17:45,123 - app.routes.comercial - ERROR - Error obteniendo clientes comerciales: (sqlite3.OperationalError) no such column: clientes_comerciales.puntos_atencion_recepcion
[SQL: SELECT clientes_comerciales.id AS clientes_comerciales_id, clientes_comerciales.vendedor_id AS clientes_comerciales_vendedor_id, clientes_comerciales.razon_social AS clientes_comerciales_razon_social, clientes_comerciales.nombre_comercial AS clientes_comerciales_nombre_comercial, clientes_comerciales.nit AS clientes_comerciales_nit, clientes_comerciales.ciudad AS clientes_comerciales_ciudad, clientes_comerciales.direccion AS clientes_comerciales_direccion, clientes_comerciales.telefono_empresa AS clientes_comerciales_telefono_empresa, clientes_comerciales.email_empresa AS clientes_comerciales_email_empresa, clientes_comerciales.contacto_principal AS clientes_comerciales_contacto_principal, clientes_comerciales.celular_contacto_principal AS clientes_comerciales_celular_contacto_principal, clientes_comerciales.email_contacto_principal AS clientes_comerciales_email_contacto_principal, clientes_comerciales.contacto_facturacion AS clientes_comerciales_contacto_facturacion, clientes_comerciales.celular_facturacion AS clientes_comerciales_celular_facturacion, clientes_comerciales.email_facturacion AS clientes_comerciales_email_facturacion, clientes_comerciales.puntos_atencion_recepcion AS clientes_comerciales_puntos_atencion_recepcion, clientes_comerciales.condicion_comercial AS clientes_comerciales_condicion_comercial, clientes_comerciales.requiere_factura AS clientes_comerciales_requiere_factura, clientes_comerciales.fechas_facturacion AS clientes_comerciales_fechas_facturacion, clientes_comerciales.fecha_solicitud_factura AS clientes_comerciales_fecha_solicitud_factura, clientes_comerciales.examenes_convenidos AS clientes_comerciales_examenes_convenidos, clientes_comerciales.servicios_convenidos AS clientes_comerciales_servicios_convenidos, clientes_comerciales.tarifas_convenidas AS clientes_comerciales_tarifas_convenidas, clientes_comerciales.documentos_legales_completos AS clientes_comerciales_documentos_legales_completos, clientes_comerciales.documentos_legales_detalle AS clientes_comerciales_documentos_legales_detalle, clientes_comerciales.pagare_firmado AS clientes_comerciales_pagare_firmado, clientes_comerciales.pagare_detalle AS clientes_comerciales_pagare_detalle, clientes_comerciales.observaciones AS clientes_comerciales_observaciones, clientes_comerciales.activo AS clientes_comerciales_activo, clientes_comerciales.created_at AS clientes_comerciales_created_at, clientes_comerciales.updated_at AS clientes_comerciales_updated_at 
FROM clientes_comerciales ORDER BY clientes_comerciales.activo DESC, clientes_comerciales.razon_social ASC]
(Background on this error at: https://sqlalche.me/e/20/e3q8)
2026-04-26 22:17:45,123 - werkzeug - INFO - 192.168.0.10 - - [26/Apr/2026 22:17:45] "[35m[1mGET /api/comercial/clientes HTTP/1.1[0m" 500 -
2026-04-26 22:17:45,123 - app.routes.comercial - ERROR - Error obteniendo tarifas comerciales: (sqlite3.OperationalError) no such column: clientes_comerciales.puntos_atencion_recepcion
[SQL: SELECT clientes_comerciales.id AS clientes_comerciales_id, clientes_comerciales.vendedor_id AS clientes_comerciales_vendedor_id, clientes_comerciales.razon_social AS clientes_comerciales_razon_social, clientes_comerciales.nombre_comercial AS clientes_comerciales_nombre_comercial, clientes_comerciales.nit AS clientes_comerciales_nit, clientes_comerciales.ciudad AS clientes_comerciales_ciudad, clientes_comerciales.direccion AS clientes_comerciales_direccion, clientes_comerciales.telefono_empresa AS clientes_comerciales_telefono_empresa, clientes_comerciales.email_empresa AS clientes_comerciales_email_empresa, clientes_comerciales.contacto_principal AS clientes_comerciales_contacto_principal, clientes_comerciales.celular_contacto_principal AS clientes_comerciales_celular_contacto_principal, clientes_comerciales.email_contacto_principal AS clientes_comerciales_email_contacto_principal, clientes_comerciales.contacto_facturacion AS clientes_comerciales_contacto_facturacion, clientes_comerciales.celular_facturacion AS clientes_comerciales_celular_facturacion, clientes_comerciales.email_facturacion AS clientes_comerciales_email_facturacion, clientes_comerciales.puntos_atencion_recepcion AS clientes_comerciales_puntos_atencion_recepcion, clientes_comerciales.condicion_comercial AS clientes_comerciales_condicion_comercial, clientes_comerciales.requiere_factura AS clientes_comerciales_requiere_factura, clientes_comerciales.fechas_facturacion AS clientes_comerciales_fechas_facturacion, clientes_comerciales.fecha_solicitud_factura AS clientes_comerciales_fecha_solicitud_factura, clientes_comerciales.examenes_convenidos AS clientes_comerciales_examenes_convenidos, clientes_comerciales.servicios_convenidos AS clientes_comerciales_servicios_convenidos, clientes_comerciales.tarifas_convenidas AS clientes_comerciales_tarifas_convenidas, clientes_comerciales.documentos_legales_completos AS clientes_comerciales_documentos_legales_completos, clientes_comerciales.documentos_legales_detalle AS clientes_comerciales_documentos_legales_detalle, clientes_comerciales.pagare_firmado AS clientes_comerciales_pagare_firmado, clientes_comerciales.pagare_detalle AS clientes_comerciales_pagare_detalle, clientes_comerciales.observaciones AS clientes_comerciales_observaciones, clientes_comerciales.activo AS clientes_comerciales_activo, clientes_comerciales.created_at AS clientes_comerciales_created_at, clientes_comerciales.updated_at AS clientes_comerciales_updated_at 
FROM clientes_comerciales 
WHERE clientes_comerciales.id = ?]
[parameters: (1,)]
(Background on this error at: https://sqlalche.me/e/20/e3q8)
2026-04-26 22:17:45,133 - werkzeug - INFO - 192.168.0.10 - - [26/Apr/2026 22:17:45] "[35m[1mGET /api/comercial/tarifas HTTP/1.1[0m" 500 -
2026-04-26 22:18:30,666 - app.routes.comercial - ERROR - Error obteniendo clientes comerciales: (sqlite3.OperationalError) no such column: clientes_comerciales.puntos_atencion_recepcion
[SQL: SELECT clientes_comerciales.id AS clientes_comerciales_id, clientes_comerciales.vendedor_id AS clientes_comerciales_vendedor_id, clientes_comerciales.razon_social AS clientes_comerciales_razon_social, clientes_comerciales.nombre_comercial AS clientes_comerciales_nombre_comercial, clientes_comerciales.nit AS clientes_comerciales_nit, clientes_comerciales.ciudad AS clientes_comerciales_ciudad, clientes_comerciales.direccion AS clientes_comerciales_direccion, clientes_comerciales.telefono_empresa AS clientes_comerciales_telefono_empresa, clientes_comerciales.email_empresa AS clientes_comerciales_email_empresa, clientes_comerciales.contacto_principal AS clientes_comerciales_contacto_principal, clientes_comerciales.celular_contacto_principal AS clientes_comerciales_celular_contacto_principal, clientes_comerciales.email_contacto_principal AS clientes_comerciales_email_contacto_principal, clientes_comerciales.contacto_facturacion AS clientes_comerciales_contacto_facturacion, clientes_comerciales.celular_facturacion AS clientes_comerciales_celular_facturacion, clientes_comerciales.email_facturacion AS clientes_comerciales_email_facturacion, clientes_comerciales.puntos_atencion_recepcion AS clientes_comerciales_puntos_atencion_recepcion, clientes_comerciales.condicion_comercial AS clientes_comerciales_condicion_comercial, clientes_comerciales.requiere_factura AS clientes_comerciales_requiere_factura, clientes_comerciales.fechas_facturacion AS clientes_comerciales_fechas_facturacion, clientes_comerciales.fecha_solicitud_factura AS clientes_comerciales_fecha_solicitud_factura, clientes_comerciales.examenes_convenidos AS clientes_comerciales_examenes_convenidos, clientes_comerciales.servicios_convenidos AS clientes_comerciales_servicios_convenidos, clientes_comerciales.tarifas_convenidas AS clientes_comerciales_tarifas_convenidas, clientes_comerciales.documentos_legales_completos AS clientes_comerciales_documentos_legales_completos, clientes_comerciales.documentos_legales_detalle AS clientes_comerciales_documentos_legales_detalle, clientes_comerciales.pagare_firmado AS clientes_comerciales_pagare_firmado, clientes_comerciales.pagare_detalle AS clientes_comerciales_pagare_detalle, clientes_comerciales.observaciones AS clientes_comerciales_observaciones, clientes_comerciales.activo AS clientes_comerciales_activo, clientes_comerciales.created_at AS clientes_comerciales_created_at, clientes_comerciales.updated_at AS clientes_comerciales_updated_at 
FROM clientes_comerciales ORDER BY clientes_comerciales.activo DESC, clientes_comerciales.razon_social ASC]
(Background on this error at: https://sqlalche.me/e/20/e3q8)
2026-04-26 22:18:30,666 - werkzeug - INFO - 192.168.0.10 - - [26/Apr/2026 22:18:30] "[35m[1mGET /api/comercial/clientes HTTP/1.1[0m" 500 -
2026-04-26 22:18:30,666 - app.routes.comercial - ERROR - Error obteniendo tarifas comerciales: (sqlite3.OperationalError) no such column: clientes_comerciales.puntos_atencion_recepcion
[SQL: SELECT clientes_comerciales.id AS clientes_comerciales_id, clientes_comerciales.vendedor_id AS clientes_comerciales_vendedor_id, clientes_comerciales.razon_social AS clientes_comerciales_razon_social, clientes_comerciales.nombre_comercial AS clientes_comerciales_nombre_comercial, clientes_comerciales.nit AS clientes_comerciales_nit, clientes_comerciales.ciudad AS clientes_comerciales_ciudad, clientes_comerciales.direccion AS clientes_comerciales_direccion, clientes_comerciales.telefono_empresa AS clientes_comerciales_telefono_empresa, clientes_comerciales.email_empresa AS clientes_comerciales_email_empresa, clientes_comerciales.contacto_principal AS clientes_comerciales_contacto_principal, clientes_comerciales.celular_contacto_principal AS clientes_comerciales_celular_contacto_principal, clientes_comerciales.email_contacto_principal AS clientes_comerciales_email_contacto_principal, clientes_comerciales.contacto_facturacion AS clientes_comerciales_contacto_facturacion, clientes_comerciales.celular_facturacion AS clientes_comerciales_celular_facturacion, clientes_comerciales.email_facturacion AS clientes_comerciales_email_facturacion, clientes_comerciales.puntos_atencion_recepcion AS clientes_comerciales_puntos_atencion_recepcion, clientes_comerciales.condicion_comercial AS clientes_comerciales_condicion_comercial, clientes_comerciales.requiere_factura AS clientes_comerciales_requiere_factura, clientes_comerciales.fechas_facturacion AS clientes_comerciales_fechas_facturacion, clientes_comerciales.fecha_solicitud_factura AS clientes_comerciales_fecha_solicitud_factura, clientes_comerciales.examenes_convenidos AS clientes_comerciales_examenes_convenidos, clientes_comerciales.servicios_convenidos AS clientes_comerciales_servicios_convenidos, clientes_comerciales.tarifas_convenidas AS clientes_comerciales_tarifas_convenidas, clientes_comerciales.documentos_legales_completos AS clientes_comerciales_documentos_legales_completos, clientes_comerciales.documentos_legales_detalle AS clientes_comerciales_documentos_legales_detalle, clientes_comerciales.pagare_firmado AS clientes_comerciales_pagare_firmado, clientes_comerciales.pagare_detalle AS clientes_comerciales_pagare_detalle, clientes_comerciales.observaciones AS clientes_comerciales_observaciones, clientes_comerciales.activo AS clientes_comerciales_activo, clientes_comerciales.created_at AS clientes_comerciales_created_at, clientes_comerciales.updated_at AS clientes_comerciales_updated_at 
FROM clientes_comerciales 
WHERE clientes_comerciales.id = ?]
[parameters: (1,)]
(Background on this error at: https://sqlalche.me/e/20/e3q8)
2026-04-26 22:18:30,676 - werkzeug - INFO - 192.168.0.10 - - [26/Apr/2026 22:18:30] "[35m[1mGET /api/comercial/tarifas HTTP/1.1[0m" 500 -
2026-04-26 22:19:10,255 - app - INFO - [DB] DATABASE_URL configurada: (sin DATABASE_URL)
2026-04-26 22:19:10,378 - app - INFO - [DB] Conexion activa: sqlite:///C:\python\PREVENT\instance\prevent.db
2026-04-26 22:19:10,378 - app - INFO - [DB] Dialecto activo: sqlite
2026-04-26 22:19:10,393 - app - INFO - [OK] Tablas de base de datos creadas/verificadas
2026-04-26 22:19:10,585 - app - INFO - [DB] Usuario administrador 'admin' ya existe
2026-04-26 22:19:23,958 - app - INFO - [DB] DATABASE_URL configurada: (sin DATABASE_URL)
2026-04-26 22:19:24,036 - app - INFO - [DB] Conexion activa: sqlite:///C:\python\PREVENT\instance\prevent.db
2026-04-26 22:19:24,036 - app - INFO - [DB] Dialecto activo: sqlite
2026-04-26 22:19:24,051 - app - INFO - [OK] Tablas de base de datos creadas/verificadas
2026-04-26 22:19:24,146 - app - INFO - [DB] Usuario administrador 'admin' ya existe
2026-04-26 22:21:11,817 - app - INFO - [DB] DATABASE_URL configurada: (sin DATABASE_URL)
2026-04-26 22:21:11,925 - app - INFO - [DB] Conexion activa: sqlite:///C:\python\PREVENT\instance\prevent.db
2026-04-26 22:21:11,925 - app - INFO - [DB] Dialecto activo: sqlite
2026-04-26 22:21:11,937 - app - INFO - [OK] Tablas de base de datos creadas/verificadas
2026-04-26 22:21:12,081 - app - INFO - [DB] Usuario administrador 'admin' ya existe
2026-04-26 22:21:12,123 - werkzeug - INFO - [31m[1mWARNING: This is a development server. Do not use it in a production deployment. Use a production WSGI server instead.[0m
 * Running on all addresses (0.0.0.0)
 * Running on http://127.0.0.1:8080
 * Running on http://192.168.0.10:8080
2026-04-26 22:21:12,123 - werkzeug - INFO - [33mPress CTRL+C to quit[0m
2026-04-26 22:21:12,126 - werkzeug - INFO -  * Restarting with stat
2026-04-26 22:21:13,926 - app - INFO - [DB] DATABASE_URL configurada: (sin DATABASE_URL)
2026-04-26 22:21:14,015 - app - INFO - [DB] Conexion activa: sqlite:///C:\python\PREVENT\instance\prevent.db
2026-04-26 22:21:14,015 - app - INFO - [DB] Dialecto activo: sqlite
2026-04-26 22:21:14,030 - app - INFO - [OK] Tablas de base de datos creadas/verificadas
2026-04-26 22:21:14,212 - app - INFO - [DB] Usuario administrador 'admin' ya existe
2026-04-26 22:21:14,228 - werkzeug - WARNING -  * Debugger is active!
2026-04-26 22:21:14,237 - werkzeug - INFO -  * Debugger PIN: 792-480-490
2026-04-26 22:21:18,051 - werkzeug - INFO - 192.168.0.10 - - [26/Apr/2026 22:21:18] "GET / HTTP/1.1" 200 -
2026-04-26 22:21:18,100 - werkzeug - INFO - 192.168.0.10 - - [26/Apr/2026 22:21:18] "[36mGET /static/css/styles.css?v=1777259049 HTTP/1.1[0m" 304 -
2026-04-26 22:21:18,121 - werkzeug - INFO - 192.168.0.10 - - [26/Apr/2026 22:21:18] "[36mGET /static/js/main.js?v=1770570564 HTTP/1.1[0m" 304 -
2026-04-26 22:21:22,651 - app.routes.auth - INFO - Usuario logueado: admin
2026-04-26 22:21:22,659 - werkzeug - INFO - 192.168.0.10 - - [26/Apr/2026 22:21:22] "POST /api/auth/login HTTP/1.1" 200 -
2026-04-26 22:21:22,771 - werkzeug - INFO - 192.168.0.10 - - [26/Apr/2026 22:21:22] "GET /dashboard HTTP/1.1" 200 -
2026-04-26 22:21:22,806 - werkzeug - INFO - 192.168.0.10 - - [26/Apr/2026 22:21:22] "[36mGET /static/css/styles.css?v=1777259049 HTTP/1.1[0m" 304 -
2026-04-26 22:21:22,821 - werkzeug - INFO - 192.168.0.10 - - [26/Apr/2026 22:21:22] "[36mGET /static/js/dashboard.js?v=1777259788 HTTP/1.1[0m" 304 -
2026-04-26 22:21:22,821 - werkzeug - INFO - 192.168.0.10 - - [26/Apr/2026 22:21:22] "[36mGET /static/js/servicios.js?v=1774564771 HTTP/1.1[0m" 304 -
2026-04-26 22:21:22,834 - werkzeug - INFO - 192.168.0.10 - - [26/Apr/2026 22:21:22] "[36mGET /static/js/prestamos.js?v=1774564771 HTTP/1.1[0m" 304 -
2026-04-26 22:21:22,838 - werkzeug - INFO - 192.168.0.10 - - [26/Apr/2026 22:21:22] "[36mGET /static/js/main.js?v=1770570564 HTTP/1.1[0m" 304 -
2026-04-26 22:21:23,007 - werkzeug - INFO - 192.168.0.10 - - [26/Apr/2026 22:21:23] "GET /api/bancos/prestamos?activos=true HTTP/1.1" 200 -
2026-04-26 22:21:23,007 - werkzeug - INFO - 192.168.0.10 - - [26/Apr/2026 22:21:23] "GET /api/servicios/list HTTP/1.1" 200 -
2026-04-26 22:21:23,074 - werkzeug - INFO - 192.168.0.10 - - [26/Apr/2026 22:21:23] "GET /api/dashboard/bancos?anio=2026&referencia_mes=4&referencia_anio=2026 HTTP/1.1" 200 -
2026-04-26 22:21:23,088 - werkzeug - INFO - 192.168.0.10 - - [26/Apr/2026 22:21:23] "GET /api/dashboard/servicios?anio=2026&referencia_mes=4&referencia_anio=2026 HTTP/1.1" 200 -
2026-04-26 22:21:28,716 - werkzeug - INFO - 192.168.0.10 - - [26/Apr/2026 22:21:28] "GET /api/comercial/clientes HTTP/1.1" 200 -
2026-04-26 22:21:28,741 - werkzeug - INFO - 192.168.0.10 - - [26/Apr/2026 22:21:28] "GET /api/comercial/tarifas HTTP/1.1" 200 -
2026-04-26 22:21:31,506 - werkzeug - INFO - 192.168.0.10 - - [26/Apr/2026 22:21:31] "GET /api/comercial/vendedores HTTP/1.1" 200 -
2026-04-26 22:21:31,543 - werkzeug - INFO - 192.168.0.10 - - [26/Apr/2026 22:21:31] "GET /api/comercial/catalogo HTTP/1.1" 200 -
2026-04-26 22:22:46,395 - werkzeug - INFO - 192.168.0.10 - - [26/Apr/2026 22:22:46] "PUT /api/comercial/clientes/1 HTTP/1.1" 200 -
2026-04-26 22:22:46,501 - werkzeug - INFO - 192.168.0.10 - - [26/Apr/2026 22:22:46] "GET /api/comercial/clientes HTTP/1.1" 200 -
2026-04-26 22:22:46,507 - werkzeug - INFO - 192.168.0.10 - - [26/Apr/2026 22:22:46] "GET /api/dashboard/comercial HTTP/1.1" 200 -
2026-04-26 22:22:46,534 - werkzeug - INFO - 192.168.0.10 - - [26/Apr/2026 22:22:46] "GET /api/comercial/tarifas HTTP/1.1" 200 -
2026-04-26 22:22:50,032 - werkzeug - INFO - 192.168.0.10 - - [26/Apr/2026 22:22:50] "GET /api/comercial/clientes HTTP/1.1" 200 -
2026-04-26 22:22:50,055 - werkzeug - INFO - 192.168.0.10 - - [26/Apr/2026 22:22:50] "GET /api/comercial/tarifas HTTP/1.1" 200 -
2026-04-26 22:23:15,192 - werkzeug - INFO - 192.168.0.10 - - [26/Apr/2026 22:23:15] "GET /api/comercial/clientes/1/adjuntos/3 HTTP/1.1" 200 -
2026-04-26 22:40:30,666 - app - INFO - [DB] DATABASE_URL configurada: (sin DATABASE_URL)
2026-04-26 22:40:30,769 - app - INFO - [DB] Conexion activa: sqlite:///C:\python\PREVENT\instance\prevent.db
2026-04-26 22:40:30,769 - app - INFO - [DB] Dialecto activo: sqlite
2026-04-26 22:40:30,785 - app - INFO - [OK] Tablas de base de datos creadas/verificadas
2026-04-26 22:40:30,933 - app - INFO - [DB] Usuario administrador 'admin' ya existe
2026-04-26 22:40:30,984 - werkzeug - INFO - [31m[1mWARNING: This is a development server. Do not use it in a production deployment. Use a production WSGI server instead.[0m
 * Running on all addresses (0.0.0.0)
 * Running on http://127.0.0.1:8080
 * Running on http://192.168.0.10:8080
2026-04-26 22:40:30,984 - werkzeug - INFO - [33mPress CTRL+C to quit[0m
2026-04-26 22:40:30,984 - werkzeug - INFO -  * Restarting with stat
2026-04-26 22:40:32,967 - app - INFO - [DB] DATABASE_URL configurada: (sin DATABASE_URL)
2026-04-26 22:40:33,045 - app - INFO - [DB] Conexion activa: sqlite:///C:\python\PREVENT\instance\prevent.db
2026-04-26 22:40:33,045 - app - INFO - [DB] Dialecto activo: sqlite
2026-04-26 22:40:33,061 - app - INFO - [OK] Tablas de base de datos creadas/verificadas
2026-04-26 22:40:33,205 - app - INFO - [DB] Usuario administrador 'admin' ya existe
2026-04-26 22:40:33,230 - werkzeug - WARNING -  * Debugger is active!
2026-04-26 22:40:33,233 - werkzeug - INFO -  * Debugger PIN: 792-480-490
2026-04-26 22:40:42,205 - werkzeug - INFO - 192.168.0.10 - - [26/Apr/2026 22:40:42] "GET / HTTP/1.1" 200 -
2026-04-26 22:40:42,253 - werkzeug - INFO - 192.168.0.10 - - [26/Apr/2026 22:40:42] "GET /static/css/styles.css?v=1777260715 HTTP/1.1" 200 -
2026-04-26 22:40:42,261 - werkzeug - INFO - 192.168.0.10 - - [26/Apr/2026 22:40:42] "[36mGET /static/js/main.js?v=1770570564 HTTP/1.1[0m" 304 -
2026-04-26 22:40:46,945 - app.routes.auth - INFO - Usuario logueado: admin
2026-04-26 22:40:46,961 - werkzeug - INFO - 192.168.0.10 - - [26/Apr/2026 22:40:46] "POST /api/auth/login HTTP/1.1" 200 -
2026-04-26 22:40:47,084 - werkzeug - INFO - 192.168.0.10 - - [26/Apr/2026 22:40:47] "GET /dashboard HTTP/1.1" 200 -
2026-04-26 22:40:47,151 - werkzeug - INFO - 192.168.0.10 - - [26/Apr/2026 22:40:47] "[36mGET /static/css/styles.css?v=1777260715 HTTP/1.1[0m" 304 -
2026-04-26 22:40:47,155 - werkzeug - INFO - 192.168.0.10 - - [26/Apr/2026 22:40:47] "GET /static/js/dashboard.js?v=1777260695 HTTP/1.1" 200 -
2026-04-26 22:40:47,173 - werkzeug - INFO - 192.168.0.10 - - [26/Apr/2026 22:40:47] "[36mGET /static/js/servicios.js?v=1774564771 HTTP/1.1[0m" 304 -
2026-04-26 22:40:47,179 - werkzeug - INFO - 192.168.0.10 - - [26/Apr/2026 22:40:47] "[36mGET /static/js/prestamos.js?v=1774564771 HTTP/1.1[0m" 304 -
2026-04-26 22:40:47,182 - werkzeug - INFO - 192.168.0.10 - - [26/Apr/2026 22:40:47] "[36mGET /static/js/main.js?v=1770570564 HTTP/1.1[0m" 304 -
2026-04-26 22:40:47,412 - werkzeug - INFO - 192.168.0.10 - - [26/Apr/2026 22:40:47] "GET /api/servicios/list HTTP/1.1" 200 -
2026-04-26 22:40:47,456 - werkzeug - INFO - 192.168.0.10 - - [26/Apr/2026 22:40:47] "GET /api/bancos/prestamos?activos=true HTTP/1.1" 200 -
2026-04-26 22:40:47,535 - werkzeug - INFO - 192.168.0.10 - - [26/Apr/2026 22:40:47] "GET /api/dashboard/servicios?anio=2026&referencia_mes=4&referencia_anio=2026 HTTP/1.1" 200 -
2026-04-26 22:40:47,543 - werkzeug - INFO - 192.168.0.10 - - [26/Apr/2026 22:40:47] "GET /api/dashboard/bancos?anio=2026&referencia_mes=4&referencia_anio=2026 HTTP/1.1" 200 -
2026-04-26 22:40:59,820 - werkzeug - INFO - 192.168.0.10 - - [26/Apr/2026 22:40:59] "GET /api/comercial/clientes HTTP/1.1" 200 -
2026-04-26 22:40:59,836 - werkzeug - INFO - 192.168.0.10 - - [26/Apr/2026 22:40:59] "GET /api/comercial/catalogo HTTP/1.1" 200 -
2026-04-26 22:40:59,876 - werkzeug - INFO - 192.168.0.10 - - [26/Apr/2026 22:40:59] "GET /api/comercial/tarifas HTTP/1.1" 200 -
2026-04-26 22:41:27,296 - werkzeug - INFO - 192.168.0.10 - - [26/Apr/2026 22:41:27] "GET /api/comercial/clientes HTTP/1.1" 200 -
2026-04-26 22:41:27,310 - werkzeug - INFO - 192.168.0.10 - - [26/Apr/2026 22:41:27] "GET /api/comercial/tarifas HTTP/1.1" 200 -
2026-04-26 22:41:29,627 - werkzeug - INFO - 192.168.0.10 - - [26/Apr/2026 22:41:29] "GET /api/comercial/vendedores HTTP/1.1" 200 -
2026-04-26 22:51:33,746 - app - INFO - [DB] DATABASE_URL configurada: (sin DATABASE_URL)
2026-04-26 22:51:33,857 - app - INFO - [DB] Conexion activa: sqlite:///C:\python\PREVENT\instance\prevent.db
2026-04-26 22:51:33,857 - app - INFO - [DB] Dialecto activo: sqlite
2026-04-26 22:51:33,874 - app - INFO - [OK] Tablas de base de datos creadas/verificadas
2026-04-26 22:51:34,022 - app - INFO - [DB] Usuario administrador 'admin' ya existe
2026-04-26 22:51:34,070 - werkzeug - INFO - [31m[1mWARNING: This is a development server. Do not use it in a production deployment. Use a production WSGI server instead.[0m
 * Running on all addresses (0.0.0.0)
 * Running on http://127.0.0.1:8080
 * Running on http://192.168.0.10:8080
2026-04-26 22:51:34,070 - werkzeug - INFO - [33mPress CTRL+C to quit[0m
2026-04-26 22:51:34,070 - werkzeug - INFO -  * Restarting with stat
2026-04-26 22:51:36,030 - app - INFO - [DB] DATABASE_URL configurada: (sin DATABASE_URL)
2026-04-26 22:51:36,110 - app - INFO - [DB] Conexion activa: sqlite:///C:\python\PREVENT\instance\prevent.db
2026-04-26 22:51:36,110 - app - INFO - [DB] Dialecto activo: sqlite
2026-04-26 22:51:36,119 - app - INFO - [OK] Tablas de base de datos creadas/verificadas
2026-04-26 22:51:36,264 - app - INFO - [DB] Usuario administrador 'admin' ya existe
2026-04-26 22:51:36,288 - werkzeug - WARNING -  * Debugger is active!
2026-04-26 22:51:36,294 - werkzeug - INFO -  * Debugger PIN: 792-480-490
2026-04-26 22:51:39,543 - werkzeug - INFO - 192.168.0.10 - - [26/Apr/2026 22:51:39] "GET / HTTP/1.1" 200 -
2026-04-26 22:51:39,592 - werkzeug - INFO - 192.168.0.10 - - [26/Apr/2026 22:51:39] "GET /static/css/styles.css?v=1777261844 HTTP/1.1" 200 -
2026-04-26 22:51:39,599 - werkzeug - INFO - 192.168.0.10 - - [26/Apr/2026 22:51:39] "[36mGET /static/js/main.js?v=1770570564 HTTP/1.1[0m" 304 -
2026-04-26 22:51:44,069 - app.routes.auth - INFO - Usuario logueado: admin
2026-04-26 22:51:44,085 - werkzeug - INFO - 192.168.0.10 - - [26/Apr/2026 22:51:44] "POST /api/auth/login HTTP/1.1" 200 -
2026-04-26 22:51:44,210 - werkzeug - INFO - 192.168.0.10 - - [26/Apr/2026 22:51:44] "GET /dashboard HTTP/1.1" 200 -
2026-04-26 22:51:44,257 - werkzeug - INFO - 192.168.0.10 - - [26/Apr/2026 22:51:44] "GET /static/js/dashboard.js?v=1777261864 HTTP/1.1" 200 -
2026-04-26 22:51:44,267 - werkzeug - INFO - 192.168.0.10 - - [26/Apr/2026 22:51:44] "[36mGET /static/css/styles.css?v=1777261844 HTTP/1.1[0m" 304 -
2026-04-26 22:51:44,271 - werkzeug - INFO - 192.168.0.10 - - [26/Apr/2026 22:51:44] "[36mGET /static/js/servicios.js?v=1774564771 HTTP/1.1[0m" 304 -
2026-04-26 22:51:44,283 - werkzeug - INFO - 192.168.0.10 - - [26/Apr/2026 22:51:44] "[36mGET /static/js/prestamos.js?v=1774564771 HTTP/1.1[0m" 304 -
2026-04-26 22:51:44,289 - werkzeug - INFO - 192.168.0.10 - - [26/Apr/2026 22:51:44] "[36mGET /static/js/main.js?v=1770570564 HTTP/1.1[0m" 304 -
2026-04-26 22:51:44,529 - werkzeug - INFO - 192.168.0.10 - - [26/Apr/2026 22:51:44] "GET /api/servicios/list HTTP/1.1" 200 -
2026-04-26 22:51:44,537 - werkzeug - INFO - 192.168.0.10 - - [26/Apr/2026 22:51:44] "GET /api/bancos/prestamos?activos=true HTTP/1.1" 200 -
2026-04-26 22:51:44,603 - werkzeug - INFO - 192.168.0.10 - - [26/Apr/2026 22:51:44] "GET /api/dashboard/bancos?anio=2026&referencia_mes=4&referencia_anio=2026 HTTP/1.1" 200 -
2026-04-26 22:51:44,611 - werkzeug - INFO - 192.168.0.10 - - [26/Apr/2026 22:51:44] "GET /api/dashboard/servicios?anio=2026&referencia_mes=4&referencia_anio=2026 HTTP/1.1" 200 -
2026-04-26 22:51:51,211 - werkzeug - INFO - 192.168.0.10 - - [26/Apr/2026 22:51:51] "GET /api/comercial/clientes HTTP/1.1" 200 -
2026-04-26 22:51:51,214 - werkzeug - INFO - 192.168.0.10 - - [26/Apr/2026 22:51:51] "GET /api/comercial/catalogo HTTP/1.1" 200 -
2026-04-26 22:51:51,235 - werkzeug - INFO - 192.168.0.10 - - [26/Apr/2026 22:51:51] "GET /api/comercial/tarifas HTTP/1.1" 200 -
2026-04-26 22:55:57,096 - app - INFO - [DB] DATABASE_URL configurada: (sin DATABASE_URL)
2026-04-26 22:55:57,178 - app - INFO - [DB] Conexion activa: sqlite:///C:\python\PREVENT\instance\prevent.db
2026-04-26 22:55:57,178 - app - INFO - [DB] Dialecto activo: sqlite
2026-04-26 22:55:57,184 - app - INFO - [OK] Tablas de base de datos creadas/verificadas
2026-04-26 22:55:57,333 - app - INFO - [DB] Usuario administrador 'admin' ya existe
2026-04-26 22:55:57,374 - werkzeug - INFO - [31m[1mWARNING: This is a development server. Do not use it in a production deployment. Use a production WSGI server instead.[0m
 * Running on all addresses (0.0.0.0)
 * Running on http://127.0.0.1:8080
 * Running on http://192.168.0.10:8080
2026-04-26 22:55:57,375 - werkzeug - INFO - [33mPress CTRL+C to quit[0m
2026-04-26 22:55:57,379 - werkzeug - INFO -  * Restarting with stat
2026-04-26 22:55:59,123 - app - INFO - [DB] DATABASE_URL configurada: (sin DATABASE_URL)
2026-04-26 22:55:59,217 - app - INFO - [DB] Conexion activa: sqlite:///C:\python\PREVENT\instance\prevent.db
2026-04-26 22:55:59,217 - app - INFO - [DB] Dialecto activo: sqlite
2026-04-26 22:55:59,226 - app - INFO - [OK] Tablas de base de datos creadas/verificadas
2026-04-26 22:55:59,374 - app - INFO - [DB] Usuario administrador 'admin' ya existe
2026-04-26 22:55:59,395 - werkzeug - WARNING -  * Debugger is active!
2026-04-26 22:55:59,401 - werkzeug - INFO -  * Debugger PIN: 792-480-490
2026-04-26 22:56:01,808 - werkzeug - INFO - 192.168.0.10 - - [26/Apr/2026 22:56:01] "GET / HTTP/1.1" 200 -
2026-04-26 22:56:01,866 - werkzeug - INFO - 192.168.0.10 - - [26/Apr/2026 22:56:01] "[36mGET /static/css/styles.css?v=1777261844 HTTP/1.1[0m" 304 -
2026-04-26 22:56:01,870 - werkzeug - INFO - 192.168.0.10 - - [26/Apr/2026 22:56:01] "[36mGET /static/js/main.js?v=1770570564 HTTP/1.1[0m" 304 -
2026-04-26 22:56:05,972 - app.routes.auth - INFO - Usuario logueado: admin
2026-04-26 22:56:05,972 - werkzeug - INFO - 192.168.0.10 - - [26/Apr/2026 22:56:05] "POST /api/auth/login HTTP/1.1" 200 -
2026-04-26 22:56:06,094 - werkzeug - INFO - 192.168.0.10 - - [26/Apr/2026 22:56:06] "GET /dashboard HTTP/1.1" 200 -
2026-04-26 22:56:06,153 - werkzeug - INFO - 192.168.0.10 - - [26/Apr/2026 22:56:06] "GET /static/js/dashboard.js?v=1777262077 HTTP/1.1" 200 -
2026-04-26 22:56:06,153 - werkzeug - INFO - 192.168.0.10 - - [26/Apr/2026 22:56:06] "[36mGET /static/css/styles.css?v=1777261844 HTTP/1.1[0m" 304 -
2026-04-26 22:56:06,163 - werkzeug - INFO - 192.168.0.10 - - [26/Apr/2026 22:56:06] "[36mGET /static/js/servicios.js?v=1774564771 HTTP/1.1[0m" 304 -
2026-04-26 22:56:06,167 - werkzeug - INFO - 192.168.0.10 - - [26/Apr/2026 22:56:06] "[36mGET /static/js/prestamos.js?v=1774564771 HTTP/1.1[0m" 304 -
2026-04-26 22:56:06,167 - werkzeug - INFO - 192.168.0.10 - - [26/Apr/2026 22:56:06] "[36mGET /static/js/main.js?v=1770570564 HTTP/1.1[0m" 304 -
2026-04-26 22:56:06,410 - werkzeug - INFO - 192.168.0.10 - - [26/Apr/2026 22:56:06] "GET /api/bancos/prestamos?activos=true HTTP/1.1" 200 -
2026-04-26 22:56:06,410 - werkzeug - INFO - 192.168.0.10 - - [26/Apr/2026 22:56:06] "GET /api/servicios/list HTTP/1.1" 200 -
2026-04-26 22:56:06,478 - werkzeug - INFO - 192.168.0.10 - - [26/Apr/2026 22:56:06] "GET /api/dashboard/servicios?anio=2026&referencia_mes=4&referencia_anio=2026 HTTP/1.1" 200 -
2026-04-26 22:56:06,496 - werkzeug - INFO - 192.168.0.10 - - [26/Apr/2026 22:56:06] "GET /api/dashboard/bancos?anio=2026&referencia_mes=4&referencia_anio=2026 HTTP/1.1" 200 -
2026-04-26 22:56:10,047 - werkzeug - INFO - 192.168.0.10 - - [26/Apr/2026 22:56:10] "GET /api/comercial/clientes HTTP/1.1" 200 -
2026-04-26 22:56:10,080 - werkzeug - INFO - 192.168.0.10 - - [26/Apr/2026 22:56:10] "GET /api/comercial/catalogo HTTP/1.1" 200 -
2026-04-26 22:56:10,128 - werkzeug - INFO - 192.168.0.10 - - [26/Apr/2026 22:56:10] "GET /api/comercial/tarifas HTTP/1.1" 200 -
2026-04-26 22:59:27,451 - app - INFO - [DB] DATABASE_URL configurada: (sin DATABASE_URL)
2026-04-26 22:59:27,574 - app - INFO - [DB] Conexion activa: sqlite:///C:\python\PREVENT\instance\prevent.db
2026-04-26 22:59:27,576 - app - INFO - [DB] Dialecto activo: sqlite
2026-04-26 22:59:27,578 - app - INFO - [OK] Tablas de base de datos creadas/verificadas
2026-04-26 22:59:27,723 - app - INFO - [DB] Usuario administrador 'admin' ya existe
2026-04-26 22:59:27,769 - werkzeug - INFO - [31m[1mWARNING: This is a development server. Do not use it in a production deployment. Use a production WSGI server instead.[0m
 * Running on all addresses (0.0.0.0)
 * Running on http://127.0.0.1:8080
 * Running on http://192.168.0.10:8080
2026-04-26 22:59:27,769 - werkzeug - INFO - [33mPress CTRL+C to quit[0m
2026-04-26 22:59:27,769 - werkzeug - INFO -  * Restarting with stat
2026-04-26 22:59:29,705 - app - INFO - [DB] DATABASE_URL configurada: (sin DATABASE_URL)
2026-04-26 22:59:29,784 - app - INFO - [DB] Conexion activa: sqlite:///C:\python\PREVENT\instance\prevent.db
2026-04-26 22:59:29,784 - app - INFO - [DB] Dialecto activo: sqlite
2026-04-26 22:59:29,801 - app - INFO - [OK] Tablas de base de datos creadas/verificadas
2026-04-26 22:59:29,950 - app - INFO - [DB] Usuario administrador 'admin' ya existe
2026-04-26 22:59:29,978 - werkzeug - WARNING -  * Debugger is active!
2026-04-26 22:59:29,983 - werkzeug - INFO -  * Debugger PIN: 792-480-490
2026-04-26 22:59:36,860 - werkzeug - INFO - 192.168.0.10 - - [26/Apr/2026 22:59:36] "GET / HTTP/1.1" 200 -
2026-04-26 22:59:36,891 - werkzeug - INFO - 192.168.0.10 - - [26/Apr/2026 22:59:36] "[36mGET /static/css/styles.css?v=1777261844 HTTP/1.1[0m" 304 -
2026-04-26 22:59:36,893 - werkzeug - INFO - 192.168.0.10 - - [26/Apr/2026 22:59:36] "[36mGET /static/js/main.js?v=1770570564 HTTP/1.1[0m" 304 -
2026-04-26 22:59:41,489 - app.routes.auth - INFO - Usuario logueado: admin
2026-04-26 22:59:41,489 - werkzeug - INFO - 192.168.0.10 - - [26/Apr/2026 22:59:41] "POST /api/auth/login HTTP/1.1" 200 -
2026-04-26 22:59:41,608 - werkzeug - INFO - 192.168.0.10 - - [26/Apr/2026 22:59:41] "GET /dashboard HTTP/1.1" 200 -
2026-04-26 22:59:41,646 - werkzeug - INFO - 192.168.0.10 - - [26/Apr/2026 22:59:41] "[36mGET /static/css/styles.css?v=1777261844 HTTP/1.1[0m" 304 -
2026-04-26 22:59:41,652 - werkzeug - INFO - 192.168.0.10 - - [26/Apr/2026 22:59:41] "[36mGET /static/js/dashboard.js?v=1777262077 HTTP/1.1[0m" 304 -
2026-04-26 22:59:41,660 - werkzeug - INFO - 192.168.0.10 - - [26/Apr/2026 22:59:41] "[36mGET /static/js/servicios.js?v=1774564771 HTTP/1.1[0m" 304 -
2026-04-26 22:59:41,662 - werkzeug - INFO - 192.168.0.10 - - [26/Apr/2026 22:59:41] "[36mGET /static/js/prestamos.js?v=1774564771 HTTP/1.1[0m" 304 -
2026-04-26 22:59:41,672 - werkzeug - INFO - 192.168.0.10 - - [26/Apr/2026 22:59:41] "[36mGET /static/js/main.js?v=1770570564 HTTP/1.1[0m" 304 -
2026-04-26 22:59:41,830 - werkzeug - INFO - 192.168.0.10 - - [26/Apr/2026 22:59:41] "GET /api/servicios/list HTTP/1.1" 200 -
2026-04-26 22:59:41,862 - werkzeug - INFO - 192.168.0.10 - - [26/Apr/2026 22:59:41] "GET /api/bancos/prestamos?activos=true HTTP/1.1" 200 -
2026-04-26 22:59:41,930 - werkzeug - INFO - 192.168.0.10 - - [26/Apr/2026 22:59:41] "GET /api/dashboard/bancos?anio=2026&referencia_mes=4&referencia_anio=2026 HTTP/1.1" 200 -
2026-04-26 22:59:41,930 - werkzeug - INFO - 192.168.0.10 - - [26/Apr/2026 22:59:41] "GET /api/dashboard/servicios?anio=2026&referencia_mes=4&referencia_anio=2026 HTTP/1.1" 200 -
2026-04-26 22:59:46,220 - werkzeug - INFO - 192.168.0.10 - - [26/Apr/2026 22:59:46] "GET /api/comercial/clientes HTTP/1.1" 200 -
2026-04-26 22:59:46,241 - werkzeug - INFO - 192.168.0.10 - - [26/Apr/2026 22:59:46] "GET /api/comercial/catalogo HTTP/1.1" 200 -
2026-04-26 22:59:46,273 - werkzeug - INFO - 192.168.0.10 - - [26/Apr/2026 22:59:46] "GET /api/comercial/tarifas HTTP/1.1" 200 -
2026-04-26 23:02:32,661 - app - INFO - [DB] DATABASE_URL configurada: (sin DATABASE_URL)
2026-04-26 23:02:32,759 - app - INFO - [DB] Conexion activa: sqlite:///C:\python\PREVENT\instance\prevent.db
2026-04-26 23:02:32,759 - app - INFO - [DB] Dialecto activo: sqlite
2026-04-26 23:02:32,775 - app - INFO - [OK] Tablas de base de datos creadas/verificadas
2026-04-26 23:02:32,909 - app - INFO - [DB] Usuario administrador 'admin' ya existe
2026-04-26 23:02:32,956 - werkzeug - INFO - [31m[1mWARNING: This is a development server. Do not use it in a production deployment. Use a production WSGI server instead.[0m
 * Running on all addresses (0.0.0.0)
 * Running on http://127.0.0.1:8080
 * Running on http://192.168.0.10:8080
2026-04-26 23:02:32,956 - werkzeug - INFO - [33mPress CTRL+C to quit[0m
2026-04-26 23:02:32,960 - werkzeug - INFO -  * Restarting with stat
2026-04-26 23:02:34,786 - app - INFO - [DB] DATABASE_URL configurada: (sin DATABASE_URL)
2026-04-26 23:02:34,882 - app - INFO - [DB] Conexion activa: sqlite:///C:\python\PREVENT\instance\prevent.db
2026-04-26 23:02:34,882 - app - INFO - [DB] Dialecto activo: sqlite
2026-04-26 23:02:34,903 - app - INFO - [OK] Tablas de base de datos creadas/verificadas
2026-04-26 23:02:35,050 - app - INFO - [DB] Usuario administrador 'admin' ya existe
2026-04-26 23:02:35,075 - werkzeug - WARNING -  * Debugger is active!
2026-04-26 23:02:35,080 - werkzeug - INFO -  * Debugger PIN: 792-480-490
2026-04-26 23:02:38,339 - werkzeug - INFO - 192.168.0.10 - - [26/Apr/2026 23:02:38] "GET / HTTP/1.1" 200 -
2026-04-26 23:02:38,393 - werkzeug - INFO - 192.168.0.10 - - [26/Apr/2026 23:02:38] "[36mGET /static/css/styles.css?v=1777261844 HTTP/1.1[0m" 304 -
2026-04-26 23:02:38,398 - werkzeug - INFO - 192.168.0.10 - - [26/Apr/2026 23:02:38] "[36mGET /static/js/main.js?v=1770570564 HTTP/1.1[0m" 304 -
2026-04-26 23:02:42,698 - app.routes.auth - INFO - Usuario logueado: admin
2026-04-26 23:02:42,714 - werkzeug - INFO - 192.168.0.10 - - [26/Apr/2026 23:02:42] "POST /api/auth/login HTTP/1.1" 200 -
2026-04-26 23:02:42,823 - werkzeug - INFO - 192.168.0.10 - - [26/Apr/2026 23:02:42] "GET /dashboard HTTP/1.1" 200 -
2026-04-26 23:02:42,877 - werkzeug - INFO - 192.168.0.10 - - [26/Apr/2026 23:02:42] "[36mGET /static/css/styles.css?v=1777261844 HTTP/1.1[0m" 304 -
2026-04-26 23:02:42,881 - werkzeug - INFO - 192.168.0.10 - - [26/Apr/2026 23:02:42] "[36mGET /static/js/dashboard.js?v=1777262077 HTTP/1.1[0m" 304 -
2026-04-26 23:02:42,889 - werkzeug - INFO - 192.168.0.10 - - [26/Apr/2026 23:02:42] "[36mGET /static/js/servicios.js?v=1774564771 HTTP/1.1[0m" 304 -
2026-04-26 23:02:42,891 - werkzeug - INFO - 192.168.0.10 - - [26/Apr/2026 23:02:42] "[36mGET /static/js/prestamos.js?v=1774564771 HTTP/1.1[0m" 304 -
2026-04-26 23:02:42,899 - werkzeug - INFO - 192.168.0.10 - - [26/Apr/2026 23:02:42] "[36mGET /static/js/main.js?v=1770570564 HTTP/1.1[0m" 304 -
2026-04-26 23:02:43,055 - werkzeug - INFO - 192.168.0.10 - - [26/Apr/2026 23:02:43] "GET /api/servicios/list HTTP/1.1" 200 -
2026-04-26 23:02:43,065 - werkzeug - INFO - 192.168.0.10 - - [26/Apr/2026 23:02:43] "GET /api/bancos/prestamos?activos=true HTTP/1.1" 200 -
2026-04-26 23:02:43,129 - werkzeug - INFO - 192.168.0.10 - - [26/Apr/2026 23:02:43] "GET /api/dashboard/bancos?anio=2026&referencia_mes=4&referencia_anio=2026 HTTP/1.1" 200 -
2026-04-26 23:02:43,153 - werkzeug - INFO - 192.168.0.10 - - [26/Apr/2026 23:02:43] "GET /api/dashboard/servicios?anio=2026&referencia_mes=4&referencia_anio=2026 HTTP/1.1" 200 -
2026-04-26 23:02:47,276 - werkzeug - INFO - 192.168.0.10 - - [26/Apr/2026 23:02:47] "GET /api/comercial/clientes HTTP/1.1" 200 -
2026-04-26 23:02:47,322 - werkzeug - INFO - 192.168.0.10 - - [26/Apr/2026 23:02:47] "GET /api/comercial/catalogo HTTP/1.1" 200 -
2026-04-26 23:02:47,346 - werkzeug - INFO - 192.168.0.10 - - [26/Apr/2026 23:02:47] "GET /api/comercial/tarifas HTTP/1.1" 200 -
2026-04-26 23:04:42,658 - werkzeug - INFO - 192.168.0.10 - - [26/Apr/2026 23:04:42] "GET / HTTP/1.1" 200 -
2026-04-26 23:04:42,728 - werkzeug - INFO - 192.168.0.10 - - [26/Apr/2026 23:04:42] "[36mGET /static/css/styles.css?v=1777261844 HTTP/1.1[0m" 304 -
2026-04-26 23:04:42,741 - werkzeug - INFO - 192.168.0.10 - - [26/Apr/2026 23:04:42] "[36mGET /static/js/main.js?v=1770570564 HTTP/1.1[0m" 304 -
2026-04-26 23:04:46,971 - app.routes.auth - INFO - Usuario logueado: admin
2026-04-26 23:04:46,971 - werkzeug - INFO - 192.168.0.10 - - [26/Apr/2026 23:04:46] "POST /api/auth/login HTTP/1.1" 200 -
2026-04-26 23:04:47,014 - werkzeug - INFO - 192.168.0.10 - - [26/Apr/2026 23:04:47] "GET /dashboard HTTP/1.1" 200 -
2026-04-26 23:04:47,070 - werkzeug - INFO - 192.168.0.10 - - [26/Apr/2026 23:04:47] "[36mGET /static/css/styles.css?v=1777261844 HTTP/1.1[0m" 304 -
2026-04-26 23:04:47,082 - werkzeug - INFO - 192.168.0.10 - - [26/Apr/2026 23:04:47] "[36mGET /static/js/servicios.js?v=1774564771 HTTP/1.1[0m" 304 -
2026-04-26 23:04:47,083 - werkzeug - INFO - 192.168.0.10 - - [26/Apr/2026 23:04:47] "[36mGET /static/js/dashboard.js?v=1777262077 HTTP/1.1[0m" 304 -
2026-04-26 23:04:47,091 - werkzeug - INFO - 192.168.0.10 - - [26/Apr/2026 23:04:47] "[36mGET /static/js/prestamos.js?v=1774564771 HTTP/1.1[0m" 304 -
2026-04-26 23:04:47,096 - werkzeug - INFO - 192.168.0.10 - - [26/Apr/2026 23:04:47] "[36mGET /static/js/main.js?v=1770570564 HTTP/1.1[0m" 304 -
2026-04-26 23:04:47,254 - werkzeug - INFO - 192.168.0.10 - - [26/Apr/2026 23:04:47] "GET /api/bancos/prestamos?activos=true HTTP/1.1" 200 -
2026-04-26 23:04:47,274 - werkzeug - INFO - 192.168.0.10 - - [26/Apr/2026 23:04:47] "GET /api/servicios/list HTTP/1.1" 200 -
2026-04-26 23:04:47,310 - werkzeug - INFO - 192.168.0.10 - - [26/Apr/2026 23:04:47] "GET /api/dashboard/bancos?anio=2026&referencia_mes=4&referencia_anio=2026 HTTP/1.1" 200 -
2026-04-26 23:04:47,331 - werkzeug - INFO - 192.168.0.10 - - [26/Apr/2026 23:04:47] "GET /api/dashboard/servicios?anio=2026&referencia_mes=4&referencia_anio=2026 HTTP/1.1" 200 -
2026-04-26 23:04:54,705 - werkzeug - INFO - 192.168.0.10 - - [26/Apr/2026 23:04:54] "GET /api/comercial/clientes HTTP/1.1" 200 -
2026-04-26 23:04:54,721 - werkzeug - INFO - 192.168.0.10 - - [26/Apr/2026 23:04:54] "GET /api/comercial/tarifas HTTP/1.1" 200 -
2026-04-26 23:04:58,056 - werkzeug - INFO - 192.168.0.10 - - [26/Apr/2026 23:04:58] "GET /api/comercial/vendedores HTTP/1.1" 200 -
2026-04-26 23:04:58,096 - werkzeug - INFO - 192.168.0.10 - - [26/Apr/2026 23:04:58] "GET /api/comercial/catalogo HTTP/1.1" 200 -
2026-04-26 23:30:36,309 - app - INFO - [DB] DATABASE_URL configurada: (sin DATABASE_URL)
2026-04-26 23:30:36,355 - app - INFO - [DB] Conexion activa: sqlite:///C:\python\PREVENT\instance\prevent.db
2026-04-26 23:30:36,355 - app - INFO - [DB] Dialecto activo: sqlite
2026-04-26 23:30:36,364 - app - INFO - [DB] AUTO_CREATE_TABLES deshabilitado; usa migraciones controladas con 'flask db upgrade'
2026-04-26 23:30:57,167 - app - INFO - [DB] DATABASE_URL configurada: (sin DATABASE_URL)
2026-04-26 23:30:57,226 - app - INFO - [DB] Conexion activa: sqlite:///C:\python\PREVENT\instance\prevent.db
2026-04-26 23:30:57,227 - app - INFO - [DB] Dialecto activo: sqlite
2026-04-26 23:30:57,235 - app - INFO - [OK] Tablas de base de datos creadas/verificadas
2026-04-26 23:30:57,314 - app - INFO - [DB] Usuario administrador 'admin' ya existe
2026-04-26 23:30:57,348 - werkzeug - INFO - [31m[1mWARNING: This is a development server. Do not use it in a production deployment. Use a production WSGI server instead.[0m
 * Running on all addresses (0.0.0.0)
 * Running on http://127.0.0.1:8080
 * Running on http://192.168.0.10:8080
2026-04-26 23:30:57,348 - werkzeug - INFO - [33mPress CTRL+C to quit[0m
2026-04-26 23:30:57,349 - werkzeug - INFO -  * Restarting with stat
2026-04-26 23:30:58,338 - app - INFO - [DB] DATABASE_URL configurada: (sin DATABASE_URL)
2026-04-26 23:30:58,398 - app - INFO - [DB] Conexion activa: sqlite:///C:\python\PREVENT\instance\prevent.db
2026-04-26 23:30:58,398 - app - INFO - [DB] Dialecto activo: sqlite
2026-04-26 23:30:58,406 - app - INFO - [OK] Tablas de base de datos creadas/verificadas
2026-04-26 23:30:58,494 - app - INFO - [DB] Usuario administrador 'admin' ya existe
2026-04-26 23:30:58,505 - werkzeug - WARNING -  * Debugger is active!
2026-04-26 23:30:58,508 - werkzeug - INFO -  * Debugger PIN: 792-480-490
2026-04-26 23:31:01,842 - werkzeug - INFO - 192.168.0.10 - - [26/Apr/2026 23:31:01] "GET / HTTP/1.1" 200 -
2026-04-26 23:31:01,861 - werkzeug - INFO - 192.168.0.10 - - [26/Apr/2026 23:31:01] "GET /static/css/styles.css?v=1777264081 HTTP/1.1" 200 -
2026-04-26 23:31:01,867 - werkzeug - INFO - 192.168.0.10 - - [26/Apr/2026 23:31:01] "[36mGET /static/js/main.js?v=1770570564 HTTP/1.1[0m" 304 -
2026-04-26 23:31:05,495 - app.routes.auth - INFO - Usuario logueado: admin
2026-04-26 23:31:05,495 - werkzeug - INFO - 192.168.0.10 - - [26/Apr/2026 23:31:05] "POST /api/auth/login HTTP/1.1" 200 -
2026-04-26 23:31:05,571 - werkzeug - INFO - 192.168.0.10 - - [26/Apr/2026 23:31:05] "GET /dashboard HTTP/1.1" 200 -
2026-04-26 23:31:05,602 - werkzeug - INFO - 192.168.0.10 - - [26/Apr/2026 23:31:05] "GET /static/js/dashboard.js?v=1777264201 HTTP/1.1" 200 -
2026-04-26 23:31:05,602 - werkzeug - INFO - 192.168.0.10 - - [26/Apr/2026 23:31:05] "[36mGET /static/css/styles.css?v=1777264081 HTTP/1.1[0m" 304 -
2026-04-26 23:31:05,608 - werkzeug - INFO - 192.168.0.10 - - [26/Apr/2026 23:31:05] "[36mGET /static/js/main.js?v=1770570564 HTTP/1.1[0m" 304 -
2026-04-26 23:31:05,651 - werkzeug - INFO - 192.168.0.10 - - [26/Apr/2026 23:31:05] "[36mGET /static/js/prestamos.js?v=1774564771 HTTP/1.1[0m" 304 -
2026-04-26 23:31:05,651 - werkzeug - INFO - 192.168.0.10 - - [26/Apr/2026 23:31:05] "[36mGET /static/js/servicios.js?v=1774564771 HTTP/1.1[0m" 304 -
2026-04-26 23:31:05,713 - werkzeug - INFO - 192.168.0.10 - - [26/Apr/2026 23:31:05] "GET /api/servicios/list HTTP/1.1" 200 -
2026-04-26 23:31:05,725 - werkzeug - INFO - 192.168.0.10 - - [26/Apr/2026 23:31:05] "GET /api/bancos/prestamos?activos=true HTTP/1.1" 200 -
2026-04-26 23:31:05,749 - werkzeug - INFO - 192.168.0.10 - - [26/Apr/2026 23:31:05] "GET /api/dashboard/servicios?anio=2026&referencia_mes=4&referencia_anio=2026 HTTP/1.1" 200 -
2026-04-26 23:31:05,757 - werkzeug - INFO - 192.168.0.10 - - [26/Apr/2026 23:31:05] "GET /api/dashboard/bancos?anio=2026&referencia_mes=4&referencia_anio=2026 HTTP/1.1" 200 -
2026-04-26 23:32:05,023 - werkzeug - INFO - 192.168.0.10 - - [26/Apr/2026 23:32:05] "GET /api/comercial/clientes HTTP/1.1" 200 -
2026-04-26 23:32:05,043 - werkzeug - INFO - 192.168.0.10 - - [26/Apr/2026 23:32:05] "GET /api/comercial/tarifas HTTP/1.1" 200 -
2026-04-26 23:32:08,249 - werkzeug - INFO - 192.168.0.10 - - [26/Apr/2026 23:32:08] "GET /api/comercial/vendedores HTTP/1.1" 200 -
2026-04-26 23:32:08,283 - werkzeug - INFO - 192.168.0.10 - - [26/Apr/2026 23:32:08] "GET /api/comercial/catalogo HTTP/1.1" 200 -
2026-04-26 23:32:13,161 - werkzeug - INFO - 192.168.0.10 - - [26/Apr/2026 23:32:13] "GET /api/comercial/clientes/1/seguimiento-documentos HTTP/1.1" 200 -
2026-04-26 23:32:46,968 - werkzeug - INFO - 192.168.0.10 - - [26/Apr/2026 23:32:46] "[35m[1mPOST /api/comercial/clientes/1/seguimiento-documentos HTTP/1.1[0m" 201 -
2026-04-26 23:32:46,984 - werkzeug - INFO - 192.168.0.10 - - [26/Apr/2026 23:32:46] "GET /api/comercial/clientes/1/seguimiento-documentos HTTP/1.1" 200 -
2026-04-26 23:33:25,294 - werkzeug - INFO - 192.168.0.10 - - [26/Apr/2026 23:33:25] "GET / HTTP/1.1" 200 -
2026-04-26 23:33:25,316 - werkzeug - INFO - 192.168.0.10 - - [26/Apr/2026 23:33:25] "[36mGET /static/css/styles.css?v=1777264081 HTTP/1.1[0m" 304 -
2026-04-26 23:33:25,320 - werkzeug - INFO - 192.168.0.10 - - [26/Apr/2026 23:33:25] "[36mGET /static/js/main.js?v=1770570564 HTTP/1.1[0m" 304 -
2026-04-26 23:33:29,357 - app.routes.auth - INFO - Usuario logueado: admin
2026-04-26 23:33:29,359 - werkzeug - INFO - 192.168.0.10 - - [26/Apr/2026 23:33:29] "POST /api/auth/login HTTP/1.1" 200 -
2026-04-26 23:33:29,376 - werkzeug - INFO - 192.168.0.10 - - [26/Apr/2026 23:33:29] "GET /dashboard HTTP/1.1" 200 -
2026-04-26 23:33:29,403 - werkzeug - INFO - 192.168.0.10 - - [26/Apr/2026 23:33:29] "[36mGET /static/css/styles.css?v=1777264081 HTTP/1.1[0m" 304 -
2026-04-26 23:33:29,410 - werkzeug - INFO - 192.168.0.10 - - [26/Apr/2026 23:33:29] "[36mGET /static/js/servicios.js?v=1774564771 HTTP/1.1[0m" 304 -
2026-04-26 23:33:29,410 - werkzeug - INFO - 192.168.0.10 - - [26/Apr/2026 23:33:29] "[36mGET /static/js/dashboard.js?v=1777264201 HTTP/1.1[0m" 304 -
2026-04-26 23:33:29,412 - werkzeug - INFO - 192.168.0.10 - - [26/Apr/2026 23:33:29] "[36mGET /static/js/prestamos.js?v=1774564771 HTTP/1.1[0m" 304 -
2026-04-26 23:33:29,418 - werkzeug - INFO - 192.168.0.10 - - [26/Apr/2026 23:33:29] "[36mGET /static/js/main.js?v=1770570564 HTTP/1.1[0m" 304 -
2026-04-26 23:33:29,482 - werkzeug - INFO - 192.168.0.10 - - [26/Apr/2026 23:33:29] "GET /api/servicios/list HTTP/1.1" 200 -
2026-04-26 23:33:29,487 - werkzeug - INFO - 192.168.0.10 - - [26/Apr/2026 23:33:29] "GET /api/bancos/prestamos?activos=true HTTP/1.1" 200 -
2026-04-26 23:33:29,517 - werkzeug - INFO - 192.168.0.10 - - [26/Apr/2026 23:33:29] "GET /api/dashboard/bancos?anio=2026&referencia_mes=4&referencia_anio=2026 HTTP/1.1" 200 -
2026-04-26 23:33:29,525 - werkzeug - INFO - 192.168.0.10 - - [26/Apr/2026 23:33:29] "GET /api/dashboard/servicios?anio=2026&referencia_mes=4&referencia_anio=2026 HTTP/1.1" 200 -
2026-04-26 23:33:38,147 - werkzeug - INFO - 192.168.0.10 - - [26/Apr/2026 23:33:38] "GET /api/comercial/clientes HTTP/1.1" 200 -
2026-04-26 23:33:38,170 - werkzeug - INFO - 192.168.0.10 - - [26/Apr/2026 23:33:38] "GET /api/comercial/tarifas HTTP/1.1" 200 -
2026-04-26 23:33:40,977 - werkzeug - INFO - 192.168.0.10 - - [26/Apr/2026 23:33:40] "GET /api/comercial/vendedores HTTP/1.1" 200 -
2026-04-26 23:33:41,000 - werkzeug - INFO - 192.168.0.10 - - [26/Apr/2026 23:33:41] "GET /api/comercial/catalogo HTTP/1.1" 200 -
2026-04-26 23:34:25,766 - werkzeug - INFO - 192.168.0.10 - - [26/Apr/2026 23:34:25] "GET /api/comercial/clientes/1/seguimiento-documentos HTTP/1.1" 200 -
2026-04-26 23:36:20,206 - werkzeug - INFO -  * Detected change in 'C:\\python\\PREVENT\\app\\models.py', reloading
2026-04-26 23:36:20,495 - werkzeug - INFO -  * Restarting with stat
2026-04-26 23:36:21,665 - app - INFO - [DB] DATABASE_URL configurada: (sin DATABASE_URL)
2026-04-26 23:36:21,725 - app - INFO - [DB] Conexion activa: sqlite:///C:\python\PREVENT\instance\prevent.db
2026-04-26 23:36:21,725 - app - INFO - [DB] Dialecto activo: sqlite
2026-04-26 23:36:21,774 - app - INFO - [OK] Tablas de base de datos creadas/verificadas
2026-04-26 23:36:21,855 - app - INFO - [DB] Usuario administrador 'admin' ya existe
2026-04-26 23:36:21,879 - werkzeug - WARNING -  * Debugger is active!
2026-04-26 23:36:21,879 - werkzeug - INFO -  * Debugger PIN: 792-480-490
2026-04-26 23:36:28,343 - werkzeug - INFO -  * Detected change in 'C:\\python\\PREVENT\\app\\routes\\comercial.py', reloading
2026-04-26 23:36:28,624 - werkzeug - INFO -  * Restarting with stat
2026-04-26 23:36:29,662 - app - INFO - [DB] DATABASE_URL configurada: (sin DATABASE_URL)
2026-04-26 23:36:29,734 - app - INFO - [DB] Conexion activa: sqlite:///C:\python\PREVENT\instance\prevent.db
2026-04-26 23:36:29,734 - app - INFO - [DB] Dialecto activo: sqlite
2026-04-26 23:36:29,734 - app - INFO - [OK] Tablas de base de datos creadas/verificadas
2026-04-26 23:36:29,921 - app - INFO - [DB] Usuario administrador 'admin' ya existe
2026-04-26 23:36:29,943 - werkzeug - WARNING -  * Debugger is active!
2026-04-26 23:36:29,956 - werkzeug - INFO -  * Debugger PIN: 792-480-490
2026-04-26 23:40:51,114 - app - INFO - [DB] DATABASE_URL configurada: (sin DATABASE_URL)
2026-04-26 23:40:51,161 - app - INFO - [DB] Conexion activa: sqlite:///C:\python\PREVENT\instance\prevent.db
2026-04-26 23:40:51,161 - app - INFO - [DB] Dialecto activo: sqlite
2026-04-26 23:40:51,161 - app - INFO - [DB] AUTO_CREATE_TABLES deshabilitado; usa migraciones controladas con 'flask db upgrade'
2026-04-26 23:41:51,624 - app - INFO - [DB] DATABASE_URL configurada: (sin DATABASE_URL)
2026-04-26 23:41:51,677 - app - INFO - [DB] DATABASE_URL configurada: (sin DATABASE_URL)
2026-04-26 23:41:51,679 - app - INFO - [DB] Conexion activa: sqlite:///C:\python\PREVENT\instance\prevent.db
2026-04-26 23:41:51,679 - app - INFO - [DB] Dialecto activo: sqlite
2026-04-26 23:41:51,682 - app - INFO - [DB] AUTO_CREATE_TABLES deshabilitado; usa migraciones controladas con 'flask db upgrade'
2026-04-26 23:41:51,735 - app - INFO - [DB] Conexion activa: sqlite:///C:\python\PREVENT\instance\prevent.db
2026-04-26 23:41:51,735 - app - INFO - [DB] Dialecto activo: sqlite
2026-04-26 23:41:51,741 - app - INFO - [OK] Tablas de base de datos creadas/verificadas
2026-04-26 23:41:51,864 - app - INFO - [DB] Usuario administrador 'admin' ya existe
2026-04-26 23:42:18,029 - app - INFO - [DB] DATABASE_URL configurada: (sin DATABASE_URL)
2026-04-26 23:42:18,092 - app - INFO - [DB] Conexion activa: sqlite:///C:\python\PREVENT\instance\prevent.db
2026-04-26 23:42:18,093 - app - INFO - [DB] Dialecto activo: sqlite
2026-04-26 23:42:18,100 - app - INFO - [OK] Tablas de base de datos creadas/verificadas
2026-04-26 23:42:18,188 - app - INFO - [DB] Usuario administrador 'admin' ya existe
2026-04-26 23:42:18,224 - werkzeug - INFO - [31m[1mWARNING: This is a development server. Do not use it in a production deployment. Use a production WSGI server instead.[0m
 * Running on all addresses (0.0.0.0)
 * Running on http://127.0.0.1:8080
 * Running on http://192.168.0.10:8080
2026-04-26 23:42:18,224 - werkzeug - INFO - [33mPress CTRL+C to quit[0m
2026-04-26 23:42:18,228 - werkzeug - INFO -  * Restarting with stat
2026-04-26 23:42:19,293 - app - INFO - [DB] DATABASE_URL configurada: (sin DATABASE_URL)
2026-04-26 23:42:19,358 - app - INFO - [DB] Conexion activa: sqlite:///C:\python\PREVENT\instance\prevent.db
2026-04-26 23:42:19,358 - app - INFO - [DB] Dialecto activo: sqlite
2026-04-26 23:42:19,365 - app - INFO - [OK] Tablas de base de datos creadas/verificadas
2026-04-26 23:42:19,448 - app - INFO - [DB] Usuario administrador 'admin' ya existe
2026-04-26 23:42:19,471 - werkzeug - WARNING -  * Debugger is active!
2026-04-26 23:42:19,475 - werkzeug - INFO -  * Debugger PIN: 792-480-490
2026-04-26 23:42:21,924 - werkzeug - INFO - 192.168.0.10 - - [26/Apr/2026 23:42:21] "GET / HTTP/1.1" 200 -
2026-04-26 23:42:21,946 - werkzeug - INFO - 192.168.0.10 - - [26/Apr/2026 23:42:21] "[36mGET /static/css/styles.css?v=1777264081 HTTP/1.1[0m" 304 -
2026-04-26 23:42:21,947 - werkzeug - INFO - 192.168.0.10 - - [26/Apr/2026 23:42:21] "[36mGET /static/js/main.js?v=1770570564 HTTP/1.1[0m" 304 -
2026-04-26 23:42:25,965 - app.routes.auth - INFO - Usuario logueado: admin
2026-04-26 23:42:25,969 - werkzeug - INFO - 192.168.0.10 - - [26/Apr/2026 23:42:25] "POST /api/auth/login HTTP/1.1" 200 -
2026-04-26 23:42:26,036 - werkzeug - INFO - 192.168.0.10 - - [26/Apr/2026 23:42:26] "GET /dashboard HTTP/1.1" 200 -
2026-04-26 23:42:26,058 - werkzeug - INFO - 192.168.0.10 - - [26/Apr/2026 23:42:26] "[36mGET /static/css/styles.css?v=1777264081 HTTP/1.1[0m" 304 -
2026-04-26 23:42:26,067 - werkzeug - INFO - 192.168.0.10 - - [26/Apr/2026 23:42:26] "GET /static/js/dashboard.js?v=1777264835 HTTP/1.1" 200 -
2026-04-26 23:42:26,071 - werkzeug - INFO - 192.168.0.10 - - [26/Apr/2026 23:42:26] "[36mGET /static/js/servicios.js?v=1774564771 HTTP/1.1[0m" 304 -
2026-04-26 23:42:26,072 - werkzeug - INFO - 192.168.0.10 - - [26/Apr/2026 23:42:26] "[36mGET /static/js/prestamos.js?v=1774564771 HTTP/1.1[0m" 304 -
2026-04-26 23:42:26,073 - werkzeug - INFO - 192.168.0.10 - - [26/Apr/2026 23:42:26] "[36mGET /static/js/main.js?v=1770570564 HTTP/1.1[0m" 304 -
2026-04-26 23:42:26,172 - werkzeug - INFO - 192.168.0.10 - - [26/Apr/2026 23:42:26] "GET /api/servicios/list HTTP/1.1" 200 -
2026-04-26 23:42:26,183 - werkzeug - INFO - 192.168.0.10 - - [26/Apr/2026 23:42:26] "GET /api/bancos/prestamos?activos=true HTTP/1.1" 200 -
2026-04-26 23:42:26,250 - werkzeug - INFO - 192.168.0.10 - - [26/Apr/2026 23:42:26] "GET /api/dashboard/servicios?anio=2026&referencia_mes=4&referencia_anio=2026 HTTP/1.1" 200 -
2026-04-26 23:42:26,266 - werkzeug - INFO - 192.168.0.10 - - [26/Apr/2026 23:42:26] "GET /api/dashboard/bancos?anio=2026&referencia_mes=4&referencia_anio=2026 HTTP/1.1" 200 -
2026-04-26 23:42:32,057 - werkzeug - INFO - 192.168.0.10 - - [26/Apr/2026 23:42:32] "GET /api/comercial/clientes HTTP/1.1" 200 -
2026-04-26 23:42:32,078 - werkzeug - INFO - 192.168.0.10 - - [26/Apr/2026 23:42:32] "GET /api/comercial/tarifas HTTP/1.1" 200 -
2026-04-26 23:42:34,257 - werkzeug - INFO - 192.168.0.10 - - [26/Apr/2026 23:42:34] "GET /api/comercial/vendedores HTTP/1.1" 200 -
2026-04-26 23:42:34,282 - werkzeug - INFO - 192.168.0.10 - - [26/Apr/2026 23:42:34] "GET /api/comercial/catalogo HTTP/1.1" 200 -
2026-04-26 23:42:38,139 - werkzeug - INFO - 192.168.0.10 - - [26/Apr/2026 23:42:38] "GET /api/comercial/clientes/1/seguimiento-documentos HTTP/1.1" 200 -
2026-04-26 23:42:38,145 - werkzeug - INFO - 192.168.0.10 - - [26/Apr/2026 23:42:38] "GET /api/comercial/clientes/1/seguimiento-pagos HTTP/1.1" 200 -
2026-04-26 23:43:35,599 - werkzeug - INFO - 192.168.0.10 - - [26/Apr/2026 23:43:35] "[35m[1mPOST /api/comercial/seguimiento-documentos/1/pagos HTTP/1.1[0m" 201 -
2026-04-26 23:43:35,629 - werkzeug - INFO - 192.168.0.10 - - [26/Apr/2026 23:43:35] "GET /api/comercial/clientes/1/seguimiento-documentos HTTP/1.1" 200 -
2026-04-26 23:43:35,638 - werkzeug - INFO - 192.168.0.10 - - [26/Apr/2026 23:43:35] "GET /api/comercial/clientes/1/seguimiento-pagos HTTP/1.1" 200 -
2026-04-27 10:02:21,237 - app - INFO - [DB] DATABASE_URL configurada: (sin DATABASE_URL)
2026-04-27 10:02:21,314 - app - INFO - [DB] Conexion activa: sqlite:///C:\python\PREVENT\instance\prevent.db
2026-04-27 10:02:21,315 - app - INFO - [DB] Dialecto activo: sqlite
2026-04-27 10:02:21,332 - app - INFO - [OK] Tablas de base de datos creadas/verificadas
2026-04-27 10:02:21,468 - app - INFO - [DB] Usuario administrador 'admin' ya existe
2026-04-27 10:02:21,515 - werkzeug - INFO - [31m[1mWARNING: This is a development server. Do not use it in a production deployment. Use a production WSGI server instead.[0m
 * Running on all addresses (0.0.0.0)
 * Running on http://127.0.0.1:8080
 * Running on http://192.168.0.10:8080
2026-04-27 10:02:21,515 - werkzeug - INFO - [33mPress CTRL+C to quit[0m
2026-04-27 10:02:21,519 - werkzeug - INFO -  * Restarting with stat
2026-04-27 10:02:22,580 - app - INFO - [DB] DATABASE_URL configurada: (sin DATABASE_URL)
2026-04-27 10:02:22,640 - app - INFO - [DB] Conexion activa: sqlite:///C:\python\PREVENT\instance\prevent.db
2026-04-27 10:02:22,641 - app - INFO - [DB] Dialecto activo: sqlite
2026-04-27 10:02:22,649 - app - INFO - [OK] Tablas de base de datos creadas/verificadas
2026-04-27 10:02:22,746 - app - INFO - [DB] Usuario administrador 'admin' ya existe
2026-04-27 10:02:22,758 - werkzeug - WARNING -  * Debugger is active!
2026-04-27 10:02:22,772 - werkzeug - INFO -  * Debugger PIN: 792-480-490
2026-04-27 10:02:26,547 - werkzeug - INFO - 192.168.0.10 - - [27/Apr/2026 10:02:26] "GET / HTTP/1.1" 200 -
2026-04-27 10:02:26,852 - werkzeug - INFO - 192.168.0.10 - - [27/Apr/2026 10:02:26] "[36mGET /static/css/styles.css?v=1777264081 HTTP/1.1[0m" 304 -
2026-04-27 10:02:26,872 - werkzeug - INFO - 192.168.0.10 - - [27/Apr/2026 10:02:26] "[36mGET /static/js/main.js?v=1770570564 HTTP/1.1[0m" 304 -
2026-04-27 10:02:26,925 - werkzeug - INFO - 192.168.0.10 - - [27/Apr/2026 10:02:26] "[33mGET /favicon.ico HTTP/1.1[0m" 404 -
2026-04-27 10:02:30,419 - app.routes.auth - INFO - Usuario logueado: admin
2026-04-27 10:02:30,424 - werkzeug - INFO - 192.168.0.10 - - [27/Apr/2026 10:02:30] "POST /api/auth/login HTTP/1.1" 200 -
2026-04-27 10:02:30,545 - werkzeug - INFO - 192.168.0.10 - - [27/Apr/2026 10:02:30] "GET /dashboard HTTP/1.1" 200 -
2026-04-27 10:02:30,573 - werkzeug - INFO - 192.168.0.10 - - [27/Apr/2026 10:02:30] "[36mGET /static/css/styles.css?v=1777264081 HTTP/1.1[0m" 304 -
2026-04-27 10:02:30,583 - werkzeug - INFO - 192.168.0.10 - - [27/Apr/2026 10:02:30] "[36mGET /static/js/main.js?v=1770570564 HTTP/1.1[0m" 304 -
2026-04-27 10:02:30,628 - werkzeug - INFO - 192.168.0.10 - - [27/Apr/2026 10:02:30] "[36mGET /static/js/servicios.js?v=1774564771 HTTP/1.1[0m" 304 -
2026-04-27 10:02:30,632 - werkzeug - INFO - 192.168.0.10 - - [27/Apr/2026 10:02:30] "[36mGET /static/js/prestamos.js?v=1774564771 HTTP/1.1[0m" 304 -
2026-04-27 10:02:30,677 - werkzeug - INFO - 192.168.0.10 - - [27/Apr/2026 10:02:30] "[36mGET /static/js/dashboard.js?v=1777264835 HTTP/1.1[0m" 304 -
2026-04-27 10:02:30,750 - werkzeug - INFO - 192.168.0.10 - - [27/Apr/2026 10:02:30] "GET /api/servicios/list HTTP/1.1" 200 -
2026-04-27 10:02:30,806 - werkzeug - INFO - 192.168.0.10 - - [27/Apr/2026 10:02:30] "GET /api/bancos/prestamos?activos=true HTTP/1.1" 200 -
2026-04-27 10:02:30,832 - werkzeug - INFO - 192.168.0.10 - - [27/Apr/2026 10:02:30] "GET /api/dashboard/servicios?anio=2026&referencia_mes=4&referencia_anio=2026 HTTP/1.1" 200 -
2026-04-27 10:02:30,853 - werkzeug - INFO - 192.168.0.10 - - [27/Apr/2026 10:02:30] "GET /api/dashboard/bancos?anio=2026&referencia_mes=4&referencia_anio=2026 HTTP/1.1" 200 -
2026-04-27 10:02:41,504 - werkzeug - INFO - 192.168.0.10 - - [27/Apr/2026 10:02:41] "GET /api/comercial/clientes HTTP/1.1" 200 -
2026-04-27 10:02:41,511 - werkzeug - INFO - 192.168.0.10 - - [27/Apr/2026 10:02:41] "GET /api/comercial/tarifas HTTP/1.1" 200 -
2026-04-27 10:02:44,130 - werkzeug - INFO - 192.168.0.10 - - [27/Apr/2026 10:02:44] "GET /api/comercial/vendedores HTTP/1.1" 200 -
2026-04-27 10:02:44,168 - werkzeug - INFO - 192.168.0.10 - - [27/Apr/2026 10:02:44] "GET /api/comercial/catalogo HTTP/1.1" 200 -
2026-04-27 10:03:53,761 - werkzeug - INFO - 192.168.0.10 - - [27/Apr/2026 10:03:53] "GET /api/comercial/clientes HTTP/1.1" 200 -
2026-04-27 10:03:53,772 - werkzeug - INFO - 192.168.0.10 - - [27/Apr/2026 10:03:53] "GET /api/comercial/tarifas HTTP/1.1" 200 -
2026-04-27 10:04:00,716 - werkzeug - INFO - 192.168.0.10 - - [27/Apr/2026 10:04:00] "GET /api/comercial/clientes/1/seguimiento-documentos HTTP/1.1" 200 -
2026-04-27 10:04:00,716 - werkzeug - INFO - 192.168.0.10 - - [27/Apr/2026 10:04:00] "GET /api/comercial/clientes/1/seguimiento-pagos HTTP/1.1" 200 -
2026-04-27 10:07:31,805 - werkzeug - INFO - 192.168.0.10 - - [27/Apr/2026 10:07:31] "[35m[1mPOST /api/comercial/seguimiento-documentos/1/pagos HTTP/1.1[0m" 201 -
2026-04-27 10:07:31,825 - werkzeug - INFO - 192.168.0.10 - - [27/Apr/2026 10:07:31] "GET /api/comercial/clientes/1/seguimiento-pagos HTTP/1.1" 200 -
2026-04-27 10:07:31,825 - werkzeug - INFO - 192.168.0.10 - - [27/Apr/2026 10:07:31] "GET /api/comercial/clientes/1/seguimiento-documentos HTTP/1.1" 200 -
2026-04-27 10:07:52,655 - werkzeug - INFO - 192.168.0.10 - - [27/Apr/2026 10:07:52] "GET /api/comercial/seguimiento-pagos/2/comprobante HTTP/1.1" 200 -
2026-04-27 10:34:09,891 - app - INFO - [DB] DATABASE_URL configurada: (sin DATABASE_URL)
2026-04-27 10:34:10,010 - app - INFO - [DB] Conexion activa: sqlite:///C:\python\PREVENT\instance\prevent.db
2026-04-27 10:34:10,010 - app - INFO - [DB] Dialecto activo: sqlite
2026-04-27 10:34:10,026 - app - INFO - [OK] Tablas de base de datos creadas/verificadas
2026-04-27 10:34:10,235 - app - INFO - [DB] Usuario administrador 'admin' ya existe
2026-04-27 17:47:26,096 - app - INFO - [DB] DATABASE_URL configurada: (sin DATABASE_URL)
2026-04-27 17:47:26,226 - app - INFO - [DB] Conexion activa: sqlite:///C:\python\PREVENT\instance\prevent.db
2026-04-27 17:47:26,226 - app - INFO - [DB] Dialecto activo: sqlite
2026-04-27 17:47:26,261 - app - INFO - [OK] Tablas de base de datos creadas/verificadas
2026-04-27 17:47:26,475 - app - INFO - [DB] Usuario administrador 'admin' ya existe
2026-04-27 17:47:26,535 - werkzeug - INFO - [31m[1mWARNING: This is a development server. Do not use it in a production deployment. Use a production WSGI server instead.[0m
 * Running on all addresses (0.0.0.0)
 * Running on http://127.0.0.1:8080
 * Running on http://192.168.0.10:8080
2026-04-27 17:47:26,535 - werkzeug - INFO - [33mPress CTRL+C to quit[0m
2026-04-27 17:47:26,543 - werkzeug - INFO -  * Restarting with stat
2026-04-27 17:47:28,428 - app - INFO - [DB] DATABASE_URL configurada: (sin DATABASE_URL)
2026-04-27 17:47:28,506 - app - INFO - [DB] Conexion activa: sqlite:///C:\python\PREVENT\instance\prevent.db
2026-04-27 17:47:28,506 - app - INFO - [DB] Dialecto activo: sqlite
2026-04-27 17:47:28,528 - app - INFO - [OK] Tablas de base de datos creadas/verificadas
2026-04-27 17:47:28,691 - app - INFO - [DB] Usuario administrador 'admin' ya existe
2026-04-27 17:47:28,712 - werkzeug - WARNING -  * Debugger is active!
2026-04-27 17:47:28,727 - werkzeug - INFO -  * Debugger PIN: 792-480-490
2026-04-27 17:47:35,318 - werkzeug - INFO - 192.168.0.10 - - [27/Apr/2026 17:47:35] "GET / HTTP/1.1" 200 -
2026-04-27 17:47:35,382 - werkzeug - INFO - 192.168.0.10 - - [27/Apr/2026 17:47:35] "[36mGET /static/css/styles.css?v=1777264081 HTTP/1.1[0m" 304 -
2026-04-27 17:47:35,385 - werkzeug - INFO - 192.168.0.10 - - [27/Apr/2026 17:47:35] "[36mGET /static/js/main.js?v=1770570564 HTTP/1.1[0m" 304 -
2026-04-27 17:47:42,251 - app.routes.auth - INFO - Usuario logueado: admin
2026-04-27 17:47:42,251 - werkzeug - INFO - 192.168.0.10 - - [27/Apr/2026 17:47:42] "POST /api/auth/login HTTP/1.1" 200 -
2026-04-27 17:47:42,421 - werkzeug - INFO - 192.168.0.10 - - [27/Apr/2026 17:47:42] "GET /dashboard HTTP/1.1" 200 -
2026-04-27 17:47:42,493 - werkzeug - INFO - 192.168.0.10 - - [27/Apr/2026 17:47:42] "[36mGET /static/css/styles.css?v=1777264081 HTTP/1.1[0m" 304 -
2026-04-27 17:47:42,500 - werkzeug - INFO - 192.168.0.10 - - [27/Apr/2026 17:47:42] "GET /static/js/dashboard.js?v=1777303948 HTTP/1.1" 200 -
2026-04-27 17:47:42,504 - werkzeug - INFO - 192.168.0.10 - - [27/Apr/2026 17:47:42] "[36mGET /static/js/servicios.js?v=1774564771 HTTP/1.1[0m" 304 -
2026-04-27 17:47:42,516 - werkzeug - INFO - 192.168.0.10 - - [27/Apr/2026 17:47:42] "[36mGET /static/js/prestamos.js?v=1774564771 HTTP/1.1[0m" 304 -
2026-04-27 17:47:42,523 - werkzeug - INFO - 192.168.0.10 - - [27/Apr/2026 17:47:42] "[36mGET /static/js/main.js?v=1770570564 HTTP/1.1[0m" 304 -
2026-04-27 17:47:42,783 - werkzeug - INFO - 192.168.0.10 - - [27/Apr/2026 17:47:42] "GET /api/servicios/list HTTP/1.1" 200 -
2026-04-27 17:47:42,914 - werkzeug - INFO - 192.168.0.10 - - [27/Apr/2026 17:47:42] "GET /api/bancos/prestamos?activos=true HTTP/1.1" 200 -
2026-04-27 17:47:42,992 - werkzeug - INFO - 192.168.0.10 - - [27/Apr/2026 17:47:42] "GET /api/dashboard/servicios?anio=2026&referencia_mes=4&referencia_anio=2026 HTTP/1.1" 200 -
2026-04-27 17:47:43,041 - werkzeug - INFO - 192.168.0.10 - - [27/Apr/2026 17:47:43] "GET /api/dashboard/bancos?anio=2026&referencia_mes=4&referencia_anio=2026 HTTP/1.1" 200 -
2026-04-27 17:49:04,270 - werkzeug - INFO - 192.168.0.10 - - [27/Apr/2026 17:49:04] "GET /api/comercial/clientes HTTP/1.1" 200 -
2026-04-27 17:49:04,278 - werkzeug - INFO - 192.168.0.10 - - [27/Apr/2026 17:49:04] "GET /api/comercial/tarifas HTTP/1.1" 200 -
2026-04-27 17:49:09,416 - werkzeug - INFO - 192.168.0.10 - - [27/Apr/2026 17:49:09] "GET /api/comercial/vendedores HTTP/1.1" 200 -
2026-04-27 17:49:09,494 - werkzeug - INFO - 192.168.0.10 - - [27/Apr/2026 17:49:09] "GET /api/comercial/catalogo HTTP/1.1" 200 -
2026-04-27 17:49:14,428 - werkzeug - INFO - 192.168.0.10 - - [27/Apr/2026 17:49:14] "GET /api/comercial/clientes/1/seguimiento-documentos HTTP/1.1" 200 -
2026-04-27 17:49:14,428 - werkzeug - INFO - 192.168.0.10 - - [27/Apr/2026 17:49:14] "GET /api/comercial/clientes/1/seguimiento-pagos HTTP/1.1" 200 -
2026-04-27 17:54:00,282 - werkzeug - INFO - 192.168.0.10 - - [27/Apr/2026 17:54:00] "GET /api/comercial/clientes/1/seguimiento-documentos HTTP/1.1" 200 -
2026-04-27 17:54:00,292 - werkzeug - INFO - 192.168.0.10 - - [27/Apr/2026 17:54:00] "GET /api/comercial/clientes/1/seguimiento-pagos HTTP/1.1" 200 -
2026-04-27 17:54:05,630 - werkzeug - INFO - 192.168.0.10 - - [27/Apr/2026 17:54:05] "GET /api/comercial/clientes HTTP/1.1" 200 -
2026-04-27 17:54:05,650 - werkzeug - INFO - 192.168.0.10 - - [27/Apr/2026 17:54:05] "GET /api/comercial/tarifas HTTP/1.1" 200 -
2026-04-27 17:54:28,896 - werkzeug - INFO - 192.168.0.10 - - [27/Apr/2026 17:54:28] "PUT /api/comercial/clientes/2 HTTP/1.1" 200 -
2026-04-27 17:54:28,981 - werkzeug - INFO - 192.168.0.10 - - [27/Apr/2026 17:54:28] "GET /api/comercial/clientes HTTP/1.1" 200 -
2026-04-27 17:54:29,011 - werkzeug - INFO - 192.168.0.10 - - [27/Apr/2026 17:54:29] "GET /api/dashboard/comercial HTTP/1.1" 200 -
2026-04-27 17:54:29,037 - werkzeug - INFO - 192.168.0.10 - - [27/Apr/2026 17:54:29] "GET /api/comercial/tarifas HTTP/1.1" 200 -
2026-04-27 17:54:35,136 - werkzeug - INFO - 192.168.0.10 - - [27/Apr/2026 17:54:35] "GET /api/comercial/clientes HTTP/1.1" 200 -
2026-04-27 17:54:35,146 - werkzeug - INFO - 192.168.0.10 - - [27/Apr/2026 17:54:35] "GET /api/comercial/tarifas HTTP/1.1" 200 -
2026-04-27 17:54:47,051 - werkzeug - INFO - 192.168.0.10 - - [27/Apr/2026 17:54:47] "GET /api/comercial/clientes/1/seguimiento-documentos HTTP/1.1" 200 -
2026-04-27 17:54:47,057 - werkzeug - INFO - 192.168.0.10 - - [27/Apr/2026 17:54:47] "GET /api/comercial/clientes/1/seguimiento-pagos HTTP/1.1" 200 -
2026-04-27 17:55:25,422 - werkzeug - INFO - 192.168.0.10 - - [27/Apr/2026 17:55:25] "[35m[1mPOST /api/comercial/clientes/1/seguimiento-documentos HTTP/1.1[0m" 201 -
2026-04-27 17:55:25,457 - werkzeug - INFO - 192.168.0.10 - - [27/Apr/2026 17:55:25] "GET /api/comercial/clientes/1/seguimiento-documentos HTTP/1.1" 200 -
2026-04-27 17:55:47,139 - werkzeug - INFO - 192.168.0.10 - - [27/Apr/2026 17:55:47] "GET /api/comercial/clientes/1/seguimiento-documentos HTTP/1.1" 200 -
2026-04-27 17:55:47,143 - werkzeug - INFO - 192.168.0.10 - - [27/Apr/2026 17:55:47] "GET /api/comercial/clientes/1/seguimiento-pagos HTTP/1.1" 200 -
2026-04-27 17:55:59,073 - werkzeug - INFO - 192.168.0.10 - - [27/Apr/2026 17:55:59] "GET /api/comercial/clientes/2/seguimiento-documentos HTTP/1.1" 200 -
2026-04-27 17:55:59,077 - werkzeug - INFO - 192.168.0.10 - - [27/Apr/2026 17:55:59] "GET /api/comercial/clientes/2/seguimiento-pagos HTTP/1.1" 200 -
2026-04-27 17:59:39,483 - app - INFO - [DB] DATABASE_URL configurada: (sin DATABASE_URL)
2026-04-27 17:59:39,612 - app - INFO - [DB] Conexion activa: sqlite:///C:\python\PREVENT\instance\prevent.db
2026-04-27 17:59:39,612 - app - INFO - [DB] Dialecto activo: sqlite
2026-04-27 17:59:39,631 - app - INFO - [OK] Tablas de base de datos creadas/verificadas
2026-04-27 17:59:39,819 - app - INFO - [DB] Usuario administrador 'admin' ya existe
2026-04-27 17:59:39,863 - werkzeug - INFO - [31m[1mWARNING: This is a development server. Do not use it in a production deployment. Use a production WSGI server instead.[0m
 * Running on all addresses (0.0.0.0)
 * Running on http://127.0.0.1:8080
 * Running on http://192.168.0.10:8080
2026-04-27 17:59:39,863 - werkzeug - INFO - [33mPress CTRL+C to quit[0m
2026-04-27 17:59:39,863 - werkzeug - INFO -  * Restarting with stat
2026-04-27 17:59:42,093 - app - INFO - [DB] DATABASE_URL configurada: (sin DATABASE_URL)
2026-04-27 17:59:42,221 - app - INFO - [DB] Conexion activa: sqlite:///C:\python\PREVENT\instance\prevent.db
2026-04-27 17:59:42,221 - app - INFO - [DB] Dialecto activo: sqlite
2026-04-27 17:59:42,237 - app - INFO - [OK] Tablas de base de datos creadas/verificadas
2026-04-27 17:59:42,465 - app - INFO - [DB] Usuario administrador 'admin' ya existe
2026-04-27 17:59:42,491 - werkzeug - WARNING -  * Debugger is active!
2026-04-27 17:59:42,506 - werkzeug - INFO -  * Debugger PIN: 792-480-490
2026-04-27 17:59:45,336 - werkzeug - INFO - 192.168.0.10 - - [27/Apr/2026 17:59:45] "GET / HTTP/1.1" 200 -
2026-04-27 17:59:45,372 - werkzeug - INFO - 192.168.0.10 - - [27/Apr/2026 17:59:45] "[36mGET /static/css/styles.css?v=1777264081 HTTP/1.1[0m" 304 -
2026-04-27 17:59:45,375 - werkzeug - INFO - 192.168.0.10 - - [27/Apr/2026 17:59:45] "[36mGET /static/js/main.js?v=1770570564 HTTP/1.1[0m" 304 -
2026-04-27 17:59:52,265 - app.routes.auth - INFO - Usuario logueado: admin
2026-04-27 17:59:52,265 - werkzeug - INFO - 192.168.0.10 - - [27/Apr/2026 17:59:52] "POST /api/auth/login HTTP/1.1" 200 -
2026-04-27 17:59:52,393 - werkzeug - INFO - 192.168.0.10 - - [27/Apr/2026 17:59:52] "GET /dashboard HTTP/1.1" 200 -
2026-04-27 17:59:52,467 - werkzeug - INFO - 192.168.0.10 - - [27/Apr/2026 17:59:52] "[36mGET /static/css/styles.css?v=1777264081 HTTP/1.1[0m" 304 -
2026-04-27 17:59:52,477 - werkzeug - INFO - 192.168.0.10 - - [27/Apr/2026 17:59:52] "GET /static/js/dashboard.js?v=1777330668 HTTP/1.1" 200 -
2026-04-27 17:59:52,485 - werkzeug - INFO - 192.168.0.10 - - [27/Apr/2026 17:59:52] "[36mGET /static/js/servicios.js?v=1774564771 HTTP/1.1[0m" 304 -
2026-04-27 17:59:52,504 - werkzeug - INFO - 192.168.0.10 - - [27/Apr/2026 17:59:52] "[36mGET /static/js/prestamos.js?v=1774564771 HTTP/1.1[0m" 304 -
2026-04-27 17:59:52,512 - werkzeug - INFO - 192.168.0.10 - - [27/Apr/2026 17:59:52] "[36mGET /static/js/main.js?v=1770570564 HTTP/1.1[0m" 304 -
2026-04-27 17:59:52,810 - werkzeug - INFO - 192.168.0.10 - - [27/Apr/2026 17:59:52] "GET /api/servicios/list HTTP/1.1" 200 -
2026-04-27 17:59:52,838 - werkzeug - INFO - 192.168.0.10 - - [27/Apr/2026 17:59:52] "GET /api/bancos/prestamos?activos=true HTTP/1.1" 200 -
2026-04-27 17:59:53,009 - werkzeug - INFO - 192.168.0.10 - - [27/Apr/2026 17:59:53] "GET /api/dashboard/servicios?anio=2026&referencia_mes=4&referencia_anio=2026 HTTP/1.1" 200 -
2026-04-27 17:59:53,028 - werkzeug - INFO - 192.168.0.10 - - [27/Apr/2026 17:59:53] "GET /api/dashboard/bancos?anio=2026&referencia_mes=4&referencia_anio=2026 HTTP/1.1" 200 -
2026-04-27 18:00:09,448 - werkzeug - INFO - 192.168.0.10 - - [27/Apr/2026 18:00:09] "GET /api/comercial/clientes HTTP/1.1" 200 -
2026-04-27 18:00:09,458 - werkzeug - INFO - 192.168.0.10 - - [27/Apr/2026 18:00:09] "GET /api/comercial/tarifas HTTP/1.1" 200 -
2026-04-27 18:00:14,936 - werkzeug - INFO - 192.168.0.10 - - [27/Apr/2026 18:00:14] "GET /api/comercial/vendedores HTTP/1.1" 200 -
2026-04-27 18:00:15,026 - werkzeug - INFO - 192.168.0.10 - - [27/Apr/2026 18:00:15] "GET /api/comercial/catalogo HTTP/1.1" 200 -
2026-04-27 18:00:37,678 - werkzeug - INFO - 192.168.0.10 - - [27/Apr/2026 18:00:37] "PUT /api/comercial/clientes/1 HTTP/1.1" 200 -
2026-04-27 18:00:37,789 - werkzeug - INFO - 192.168.0.10 - - [27/Apr/2026 18:00:37] "GET /api/dashboard/comercial HTTP/1.1" 200 -
2026-04-27 18:00:37,789 - werkzeug - INFO - 192.168.0.10 - - [27/Apr/2026 18:00:37] "GET /api/comercial/tarifas HTTP/1.1" 200 -
2026-04-27 18:00:37,789 - werkzeug - INFO - 192.168.0.10 - - [27/Apr/2026 18:00:37] "GET /api/comercial/clientes HTTP/1.1" 200 -
2026-04-27 18:00:43,523 - werkzeug - INFO - 192.168.0.10 - - [27/Apr/2026 18:00:43] "GET /api/comercial/clientes HTTP/1.1" 200 -
2026-04-27 18:00:43,552 - werkzeug - INFO - 192.168.0.10 - - [27/Apr/2026 18:00:43] "GET /api/comercial/tarifas HTTP/1.1" 200 -
2026-04-27 18:00:50,190 - werkzeug - INFO - 192.168.0.10 - - [27/Apr/2026 18:00:50] "GET /api/comercial/clientes/1/seguimiento-documentos HTTP/1.1" 200 -
2026-04-27 18:00:50,196 - werkzeug - INFO - 192.168.0.10 - - [27/Apr/2026 18:00:50] "GET /api/comercial/clientes/1/seguimiento-pagos HTTP/1.1" 200 -
2026-04-27 18:01:06,587 - werkzeug - INFO - 192.168.0.10 - - [27/Apr/2026 18:01:06] "GET /api/comercial/clientes/1/seguimiento-documentos HTTP/1.1" 200 -
2026-04-27 18:01:06,593 - werkzeug - INFO - 192.168.0.10 - - [27/Apr/2026 18:01:06] "GET /api/comercial/clientes/1/seguimiento-pagos HTTP/1.1" 200 -
2026-04-27 18:05:59,970 - app - INFO - [DB] DATABASE_URL configurada: (sin DATABASE_URL)
2026-04-27 18:06:00,061 - app - INFO - [DB] Conexion activa: sqlite:///C:\python\PREVENT\instance\prevent.db
2026-04-27 18:06:00,061 - app - INFO - [DB] Dialecto activo: sqlite
2026-04-27 18:06:00,089 - app - INFO - [OK] Tablas de base de datos creadas/verificadas
2026-04-27 18:06:00,226 - app - INFO - [DB] Usuario administrador 'admin' ya existe
2026-04-27 18:06:00,331 - werkzeug - INFO - [31m[1mWARNING: This is a development server. Do not use it in a production deployment. Use a production WSGI server instead.[0m
 * Running on all addresses (0.0.0.0)
 * Running on http://127.0.0.1:8080
 * Running on http://192.168.0.10:8080
2026-04-27 18:06:00,331 - werkzeug - INFO - [33mPress CTRL+C to quit[0m
2026-04-27 18:06:00,331 - werkzeug - INFO -  * Restarting with stat
2026-04-27 18:06:02,393 - app - INFO - [DB] DATABASE_URL configurada: (sin DATABASE_URL)
2026-04-27 18:06:02,502 - app - INFO - [DB] Conexion activa: sqlite:///C:\python\PREVENT\instance\prevent.db
2026-04-27 18:06:02,502 - app - INFO - [DB] Dialecto activo: sqlite
2026-04-27 18:06:02,516 - app - INFO - [OK] Tablas de base de datos creadas/verificadas
2026-04-27 18:06:02,735 - app - INFO - [DB] Usuario administrador 'admin' ya existe
2026-04-27 18:06:02,751 - werkzeug - WARNING -  * Debugger is active!
2026-04-27 18:06:02,751 - werkzeug - INFO -  * Debugger PIN: 792-480-490
2026-04-27 18:06:05,939 - werkzeug - INFO - 192.168.0.10 - - [27/Apr/2026 18:06:05] "GET / HTTP/1.1" 200 -
2026-04-27 18:06:05,995 - werkzeug - INFO - 192.168.0.10 - - [27/Apr/2026 18:06:05] "[36mGET /static/css/styles.css?v=1777264081 HTTP/1.1[0m" 304 -
2026-04-27 18:06:05,999 - werkzeug - INFO - 192.168.0.10 - - [27/Apr/2026 18:06:05] "[36mGET /static/js/main.js?v=1770570564 HTTP/1.1[0m" 304 -
2026-04-27 18:06:10,251 - app.routes.auth - INFO - Usuario logueado: admin
2026-04-27 18:06:10,251 - werkzeug - INFO - 192.168.0.10 - - [27/Apr/2026 18:06:10] "POST /api/auth/login HTTP/1.1" 200 -
2026-04-27 18:06:10,379 - werkzeug - INFO - 192.168.0.10 - - [27/Apr/2026 18:06:10] "GET /dashboard HTTP/1.1" 200 -
2026-04-27 18:06:10,454 - werkzeug - INFO - 192.168.0.10 - - [27/Apr/2026 18:06:10] "GET /static/js/dashboard.js?v=1777331085 HTTP/1.1" 200 -
2026-04-27 18:06:10,461 - werkzeug - INFO - 192.168.0.10 - - [27/Apr/2026 18:06:10] "[36mGET /static/css/styles.css?v=1777264081 HTTP/1.1[0m" 304 -
2026-04-27 18:06:10,462 - werkzeug - INFO - 192.168.0.10 - - [27/Apr/2026 18:06:10] "[36mGET /static/js/servicios.js?v=1774564771 HTTP/1.1[0m" 304 -
2026-04-27 18:06:10,479 - werkzeug - INFO - 192.168.0.10 - - [27/Apr/2026 18:06:10] "[36mGET /static/js/prestamos.js?v=1774564771 HTTP/1.1[0m" 304 -
2026-04-27 18:06:10,479 - werkzeug - INFO - 192.168.0.10 - - [27/Apr/2026 18:06:10] "[36mGET /static/js/main.js?v=1770570564 HTTP/1.1[0m" 304 -
2026-04-27 18:06:10,682 - werkzeug - INFO - 192.168.0.10 - - [27/Apr/2026 18:06:10] "GET /api/servicios/list HTTP/1.1" 200 -
2026-04-27 18:06:10,727 - werkzeug - INFO - 192.168.0.10 - - [27/Apr/2026 18:06:10] "GET /api/bancos/prestamos?activos=true HTTP/1.1" 200 -
2026-04-27 18:06:10,908 - werkzeug - INFO - 192.168.0.10 - - [27/Apr/2026 18:06:10] "GET /api/dashboard/bancos?anio=2026&referencia_mes=4&referencia_anio=2026 HTTP/1.1" 200 -
2026-04-27 18:06:10,908 - werkzeug - INFO - 192.168.0.10 - - [27/Apr/2026 18:06:10] "GET /api/dashboard/servicios?anio=2026&referencia_mes=4&referencia_anio=2026 HTTP/1.1" 200 -
2026-04-27 18:06:18,344 - werkzeug - INFO - 192.168.0.10 - - [27/Apr/2026 18:06:18] "GET /api/comercial/clientes HTTP/1.1" 200 -
2026-04-27 18:06:18,374 - werkzeug - INFO - 192.168.0.10 - - [27/Apr/2026 18:06:18] "GET /api/comercial/tarifas HTTP/1.1" 200 -
2026-04-27 18:06:22,617 - werkzeug - INFO - 192.168.0.10 - - [27/Apr/2026 18:06:22] "GET /api/comercial/vendedores HTTP/1.1" 200 -
2026-04-27 18:06:22,665 - werkzeug - INFO - 192.168.0.10 - - [27/Apr/2026 18:06:22] "GET /api/comercial/catalogo HTTP/1.1" 200 -
2026-04-27 18:06:37,770 - werkzeug - INFO - 192.168.0.10 - - [27/Apr/2026 18:06:37] "GET /api/comercial/clientes/1/seguimiento-documentos HTTP/1.1" 200 -
2026-04-27 18:06:37,781 - werkzeug - INFO - 192.168.0.10 - - [27/Apr/2026 18:06:37] "GET /api/comercial/clientes/1/seguimiento-pagos HTTP/1.1" 200 -
2026-04-27 18:06:56,781 - werkzeug - INFO - 192.168.0.10 - - [27/Apr/2026 18:06:56] "GET /api/comercial/clientes/2/seguimiento-documentos HTTP/1.1" 200 -
2026-04-27 18:06:56,781 - werkzeug - INFO - 192.168.0.10 - - [27/Apr/2026 18:06:56] "GET /api/comercial/clientes/2/seguimiento-pagos HTTP/1.1" 200 -
2026-04-27 18:07:23,552 - werkzeug - INFO - 192.168.0.10 - - [27/Apr/2026 18:07:23] "PUT /api/comercial/clientes/1 HTTP/1.1" 200 -
2026-04-27 18:07:23,610 - werkzeug - INFO - 192.168.0.10 - - [27/Apr/2026 18:07:23] "GET /api/dashboard/comercial HTTP/1.1" 200 -
2026-04-27 18:07:23,610 - werkzeug - INFO - 192.168.0.10 - - [27/Apr/2026 18:07:23] "GET /api/comercial/clientes HTTP/1.1" 200 -
2026-04-27 18:07:23,610 - werkzeug - INFO - 192.168.0.10 - - [27/Apr/2026 18:07:23] "GET /api/comercial/tarifas HTTP/1.1" 200 -
2026-04-27 18:07:26,837 - werkzeug - INFO - 192.168.0.10 - - [27/Apr/2026 18:07:26] "GET /api/comercial/clientes HTTP/1.1" 200 -
2026-04-27 18:07:26,852 - werkzeug - INFO - 192.168.0.10 - - [27/Apr/2026 18:07:26] "GET /api/comercial/tarifas HTTP/1.1" 200 -
2026-04-27 18:07:37,613 - werkzeug - INFO - 192.168.0.10 - - [27/Apr/2026 18:07:37] "GET /api/comercial/clientes/2/seguimiento-documentos HTTP/1.1" 200 -
2026-04-27 18:07:37,613 - werkzeug - INFO - 192.168.0.10 - - [27/Apr/2026 18:07:37] "GET /api/comercial/clientes/2/seguimiento-pagos HTTP/1.1" 200 -
2026-04-27 18:08:20,678 - werkzeug - INFO - 192.168.0.10 - - [27/Apr/2026 18:08:20] "[35m[1mPOST /api/comercial/clientes/2/seguimiento-documentos HTTP/1.1[0m" 201 -
2026-04-27 18:08:20,705 - werkzeug - INFO - 192.168.0.10 - - [27/Apr/2026 18:08:20] "GET /api/comercial/clientes/2/seguimiento-documentos HTTP/1.1" 200 -
2026-04-27 18:56:21,067 - app - INFO - [DB] DATABASE_URL configurada: (sin DATABASE_URL)
2026-04-27 18:56:21,168 - app - INFO - [DB] Conexion activa: sqlite:///C:\python\PREVENT\instance\prevent.db
2026-04-27 18:56:21,168 - app - INFO - [DB] Dialecto activo: sqlite
2026-04-27 18:56:21,329 - app - INFO - [OK] Tablas de base de datos creadas/verificadas
2026-04-27 18:56:21,563 - app - INFO - [DB] Usuario administrador 'admin' ya existe
2026-04-27 18:56:52,634 - app - INFO - [DB] DATABASE_URL configurada: (sin DATABASE_URL)
2026-04-27 18:56:52,729 - app - INFO - [DB] Conexion activa: sqlite:///C:\python\PREVENT\instance\prevent.db
2026-04-27 18:56:52,729 - app - INFO - [DB] Dialecto activo: sqlite
2026-04-27 18:56:52,729 - app - INFO - [OK] Tablas de base de datos creadas/verificadas
2026-04-27 18:56:52,880 - app - INFO - [DB] Usuario administrador 'admin' ya existe
2026-04-27 18:57:36,828 - app - INFO - [DB] DATABASE_URL configurada: (sin DATABASE_URL)
2026-04-27 18:57:37,018 - app - INFO - [DB] Conexion activa: sqlite:///C:\python\PREVENT\instance\prevent.db
2026-04-27 18:57:37,018 - app - INFO - [DB] Dialecto activo: sqlite
2026-04-27 18:57:37,034 - app - INFO - [OK] Tablas de base de datos creadas/verificadas
2026-04-27 18:57:37,272 - app - INFO - [DB] Usuario administrador 'admin' ya existe
2026-04-27 18:57:51,938 - app - INFO - [DB] DATABASE_URL configurada: (sin DATABASE_URL)
2026-04-27 18:57:52,038 - app - INFO - [DB] Conexion activa: sqlite:///C:\python\PREVENT\instance\prevent.db
2026-04-27 18:57:52,038 - app - INFO - [DB] Dialecto activo: sqlite
2026-04-27 18:57:52,050 - app - INFO - [OK] Tablas de base de datos creadas/verificadas
2026-04-27 18:57:52,204 - app - INFO - [DB] Usuario administrador 'admin' ya existe
2026-04-27 19:06:19,113 - app - INFO - [DB] DATABASE_URL configurada: (sin DATABASE_URL)
2026-04-27 19:06:19,253 - app - INFO - [DB] Conexion activa: sqlite:///C:\python\PREVENT\instance\prevent.db
2026-04-27 19:06:19,253 - app - INFO - [DB] Dialecto activo: sqlite
2026-04-27 19:06:19,263 - app - INFO - [OK] Tablas de base de datos creadas/verificadas
2026-04-27 19:06:19,418 - app - INFO - [DB] Usuario administrador 'admin' ya existe
2026-04-27 19:06:19,466 - werkzeug - INFO - [31m[1mWARNING: This is a development server. Do not use it in a production deployment. Use a production WSGI server instead.[0m
 * Running on all addresses (0.0.0.0)
 * Running on http://127.0.0.1:8080
 * Running on http://192.168.0.10:8080
2026-04-27 19:06:19,466 - werkzeug - INFO - [33mPress CTRL+C to quit[0m
2026-04-27 19:06:19,470 - werkzeug - INFO -  * Restarting with stat
2026-04-27 19:06:22,258 - app - INFO - [DB] DATABASE_URL configurada: (sin DATABASE_URL)
2026-04-27 19:06:22,470 - app - INFO - [DB] Conexion activa: sqlite:///C:\python\PREVENT\instance\prevent.db
2026-04-27 19:06:22,470 - app - INFO - [DB] Dialecto activo: sqlite
2026-04-27 19:06:22,492 - app - INFO - [OK] Tablas de base de datos creadas/verificadas
2026-04-27 19:06:22,710 - app - INFO - [DB] Usuario administrador 'admin' ya existe
2026-04-27 19:06:22,730 - werkzeug - WARNING -  * Debugger is active!
2026-04-27 19:06:22,736 - werkzeug - INFO -  * Debugger PIN: 792-480-490
2026-04-27 19:06:25,699 - werkzeug - INFO - 192.168.0.10 - - [27/Apr/2026 19:06:25] "GET / HTTP/1.1" 200 -
2026-04-27 19:06:25,737 - werkzeug - INFO - 192.168.0.10 - - [27/Apr/2026 19:06:25] "[36mGET /static/css/styles.css?v=1777264081 HTTP/1.1[0m" 304 -
2026-04-27 19:06:25,739 - werkzeug - INFO - 192.168.0.10 - - [27/Apr/2026 19:06:25] "[36mGET /static/js/main.js?v=1770570564 HTTP/1.1[0m" 304 -
2026-04-27 19:06:29,508 - app.routes.auth - INFO - Usuario logueado: admin
2026-04-27 19:06:29,523 - werkzeug - INFO - 192.168.0.10 - - [27/Apr/2026 19:06:29] "POST /api/auth/login HTTP/1.1" 200 -
2026-04-27 19:06:29,651 - werkzeug - INFO - 192.168.0.10 - - [27/Apr/2026 19:06:29] "GET /dashboard HTTP/1.1" 200 -
2026-04-27 19:06:29,698 - werkzeug - INFO - 192.168.0.10 - - [27/Apr/2026 19:06:29] "[36mGET /static/css/styles.css?v=1777264081 HTTP/1.1[0m" 304 -
2026-04-27 19:06:29,713 - werkzeug - INFO - 192.168.0.10 - - [27/Apr/2026 19:06:29] "GET /static/js/dashboard.js?v=1777334149 HTTP/1.1" 200 -
2026-04-27 19:06:29,719 - werkzeug - INFO - 192.168.0.10 - - [27/Apr/2026 19:06:29] "[36mGET /static/js/prestamos.js?v=1774564771 HTTP/1.1[0m" 304 -
2026-04-27 19:06:29,722 - werkzeug - INFO - 192.168.0.10 - - [27/Apr/2026 19:06:29] "[36mGET /static/js/servicios.js?v=1774564771 HTTP/1.1[0m" 304 -
2026-04-27 19:06:29,723 - werkzeug - INFO - 192.168.0.10 - - [27/Apr/2026 19:06:29] "[36mGET /static/js/main.js?v=1770570564 HTTP/1.1[0m" 304 -
2026-04-27 19:06:29,942 - werkzeug - INFO - 192.168.0.10 - - [27/Apr/2026 19:06:29] "GET /api/servicios/list HTTP/1.1" 200 -
2026-04-27 19:06:29,962 - werkzeug - INFO - 192.168.0.10 - - [27/Apr/2026 19:06:29] "GET /api/bancos/prestamos?activos=true HTTP/1.1" 200 -
2026-04-27 19:06:30,034 - werkzeug - INFO - 192.168.0.10 - - [27/Apr/2026 19:06:30] "GET /api/dashboard/servicios?anio=2026&referencia_mes=4&referencia_anio=2026 HTTP/1.1" 200 -
2026-04-27 19:06:30,051 - werkzeug - INFO - 192.168.0.10 - - [27/Apr/2026 19:06:30] "GET /api/dashboard/bancos?anio=2026&referencia_mes=4&referencia_anio=2026 HTTP/1.1" 200 -
2026-04-27 19:06:39,850 - werkzeug - INFO - 192.168.0.10 - - [27/Apr/2026 19:06:39] "GET /api/comercial/clientes HTTP/1.1" 200 -
2026-04-27 19:06:39,880 - werkzeug - INFO - 192.168.0.10 - - [27/Apr/2026 19:06:39] "GET /api/comercial/tarifas HTTP/1.1" 200 -
2026-04-27 19:06:44,945 - werkzeug - INFO - 192.168.0.10 - - [27/Apr/2026 19:06:44] "GET /api/comercial/vendedores HTTP/1.1" 200 -
2026-04-27 19:06:44,966 - werkzeug - INFO - 192.168.0.10 - - [27/Apr/2026 19:06:44] "GET /api/comercial/catalogo HTTP/1.1" 200 -
2026-04-27 19:06:49,767 - werkzeug - INFO - 192.168.0.10 - - [27/Apr/2026 19:06:49] "GET /api/comercial/clientes/2/atenciones HTTP/1.1" 200 -
2026-04-27 19:06:49,787 - werkzeug - INFO - 192.168.0.10 - - [27/Apr/2026 19:06:49] "GET /api/comercial/clientes/2/seguimiento-pagos HTTP/1.1" 200 -
2026-04-27 19:06:49,788 - werkzeug - INFO - 192.168.0.10 - - [27/Apr/2026 19:06:49] "GET /api/comercial/clientes/2/seguimiento-documentos HTTP/1.1" 200 -
2026-04-27 19:07:04,722 - werkzeug - INFO - 192.168.0.10 - - [27/Apr/2026 19:07:04] "GET /api/comercial/clientes/2/convenio-items?fecha_atencion=2026-04-28 HTTP/1.1" 200 -
2026-04-27 21:05:38,447 - werkzeug - INFO -  * Detected change in 'C:\\python\\PREVENT\\app\\models.py', reloading
2026-04-27 21:05:39,129 - werkzeug - INFO -  * Restarting with stat
2026-04-27 21:05:41,740 - app - INFO - [DB] DATABASE_URL configurada: (sin DATABASE_URL)
2026-04-27 21:05:41,868 - app - INFO - [DB] Conexion activa: sqlite:///C:\python\PREVENT\instance\prevent.db
2026-04-27 21:05:41,868 - app - INFO - [DB] Dialecto activo: sqlite
2026-04-27 21:05:41,891 - app - INFO - [OK] Tablas de base de datos creadas/verificadas
2026-04-27 21:05:42,114 - app - INFO - [DB] Usuario administrador 'admin' ya existe
2026-04-27 21:05:42,131 - werkzeug - WARNING -  * Debugger is active!
2026-04-27 21:05:42,139 - werkzeug - INFO -  * Debugger PIN: 792-480-490
2026-04-27 21:06:11,133 - werkzeug - INFO -  * Detected change in 'C:\\python\\PREVENT\\app\\routes\\comercial.py', reloading
2026-04-27 21:06:11,720 - werkzeug - INFO -  * Restarting with stat
2026-04-27 21:06:15,266 - app - INFO - [DB] DATABASE_URL configurada: (sin DATABASE_URL)
2026-04-27 21:06:15,507 - app - INFO - [DB] Conexion activa: sqlite:///C:\python\PREVENT\instance\prevent.db
2026-04-27 21:06:15,507 - app - INFO - [DB] Dialecto activo: sqlite
2026-04-27 21:06:15,533 - app - INFO - [OK] Tablas de base de datos creadas/verificadas
2026-04-27 21:06:15,793 - app - INFO - [DB] Usuario administrador 'admin' ya existe
2026-04-27 21:06:15,816 - werkzeug - WARNING -  * Debugger is active!
2026-04-27 21:06:15,825 - werkzeug - INFO -  * Debugger PIN: 792-480-490
2026-04-27 21:07:36,537 - app - INFO - [DB] DATABASE_URL configurada: (sin DATABASE_URL)
2026-04-27 21:07:36,653 - app - INFO - [DB] Conexion activa: sqlite:///C:\python\PREVENT\instance\prevent.db
2026-04-27 21:07:36,653 - app - INFO - [DB] Dialecto activo: sqlite
2026-04-27 21:07:36,666 - app - INFO - [OK] Tablas de base de datos creadas/verificadas
2026-04-27 21:07:36,846 - app - INFO - [DB] Usuario administrador 'admin' ya existe
2026-04-27 21:07:56,266 - app - INFO - [DB] DATABASE_URL configurada: (sin DATABASE_URL)
2026-04-27 21:07:56,373 - app - INFO - [DB] Conexion activa: sqlite:///C:\python\PREVENT\instance\prevent.db
2026-04-27 21:07:56,373 - app - INFO - [DB] Dialecto activo: sqlite
2026-04-27 21:07:56,381 - app - INFO - [DB] DATABASE_URL configurada: (sin DATABASE_URL)
2026-04-27 21:07:56,391 - app - INFO - [OK] Tablas de base de datos creadas/verificadas
2026-04-27 21:07:56,491 - app - INFO - [DB] Conexion activa: sqlite:///C:\python\PREVENT\instance\prevent.db
2026-04-27 21:07:56,491 - app - INFO - [DB] Dialecto activo: sqlite
2026-04-27 21:07:56,512 - app - INFO - [OK] Tablas de base de datos creadas/verificadas
2026-04-27 21:07:56,580 - app - INFO - [DB] Usuario administrador 'admin' ya existe
2026-04-27 21:07:56,719 - app - INFO - [DB] Usuario administrador 'admin' ya existe
2026-04-27 21:13:16,718 - app - INFO - [DB] DATABASE_URL configurada: (sin DATABASE_URL)
2026-04-27 21:13:16,847 - app - INFO - [DB] Conexion activa: sqlite:///C:\python\PREVENT\instance\prevent.db
2026-04-27 21:13:16,847 - app - INFO - [DB] Dialecto activo: sqlite
2026-04-27 21:13:16,863 - app - INFO - [OK] Tablas de base de datos creadas/verificadas
2026-04-27 21:13:17,034 - app - INFO - [DB] Usuario administrador 'admin' ya existe
2026-04-27 21:13:17,074 - werkzeug - INFO - [31m[1mWARNING: This is a development server. Do not use it in a production deployment. Use a production WSGI server instead.[0m
 * Running on all addresses (0.0.0.0)
 * Running on http://127.0.0.1:8080
 * Running on http://192.168.0.10:8080
2026-04-27 21:13:17,077 - werkzeug - INFO - [33mPress CTRL+C to quit[0m
2026-04-27 21:13:17,077 - werkzeug - INFO -  * Restarting with stat
2026-04-27 21:13:18,996 - app - INFO - [DB] DATABASE_URL configurada: (sin DATABASE_URL)
2026-04-27 21:13:19,110 - app - INFO - [DB] Conexion activa: sqlite:///C:\python\PREVENT\instance\prevent.db
2026-04-27 21:13:19,110 - app - INFO - [DB] Dialecto activo: sqlite
2026-04-27 21:13:19,130 - app - INFO - [OK] Tablas de base de datos creadas/verificadas
2026-04-27 21:13:19,320 - app - INFO - [DB] Usuario administrador 'admin' ya existe
2026-04-27 21:13:19,337 - werkzeug - WARNING -  * Debugger is active!
2026-04-27 21:13:19,341 - werkzeug - INFO -  * Debugger PIN: 792-480-490
2026-04-27 21:13:25,104 - werkzeug - INFO - 192.168.0.10 - - [27/Apr/2026 21:13:25] "GET / HTTP/1.1" 200 -
2026-04-27 21:13:25,154 - werkzeug - INFO - 192.168.0.10 - - [27/Apr/2026 21:13:25] "[36mGET /static/css/styles.css?v=1777264081 HTTP/1.1[0m" 304 -
2026-04-27 21:13:25,160 - werkzeug - INFO - 192.168.0.10 - - [27/Apr/2026 21:13:25] "[36mGET /static/js/main.js?v=1770570564 HTTP/1.1[0m" 304 -
2026-04-27 21:13:31,258 - app.routes.auth - INFO - Usuario logueado: admin
2026-04-27 21:13:31,258 - werkzeug - INFO - 192.168.0.10 - - [27/Apr/2026 21:13:31] "POST /api/auth/login HTTP/1.1" 200 -
2026-04-27 21:13:31,371 - werkzeug - INFO - 192.168.0.10 - - [27/Apr/2026 21:13:31] "GET /dashboard HTTP/1.1" 200 -
2026-04-27 21:13:31,416 - werkzeug - INFO - 192.168.0.10 - - [27/Apr/2026 21:13:31] "[36mGET /static/css/styles.css?v=1777264081 HTTP/1.1[0m" 304 -
2026-04-27 21:13:31,423 - werkzeug - INFO - 192.168.0.10 - - [27/Apr/2026 21:13:31] "GET /static/js/dashboard.js?v=1777342106 HTTP/1.1" 200 -
2026-04-27 21:13:31,428 - werkzeug - INFO - 192.168.0.10 - - [27/Apr/2026 21:13:31] "[36mGET /static/js/servicios.js?v=1774564771 HTTP/1.1[0m" 304 -
2026-04-27 21:13:31,437 - werkzeug - INFO - 192.168.0.10 - - [27/Apr/2026 21:13:31] "[36mGET /static/js/main.js?v=1770570564 HTTP/1.1[0m" 304 -
2026-04-27 21:13:31,439 - werkzeug - INFO - 192.168.0.10 - - [27/Apr/2026 21:13:31] "[36mGET /static/js/prestamos.js?v=1774564771 HTTP/1.1[0m" 304 -
2026-04-27 21:13:31,655 - werkzeug - INFO - 192.168.0.10 - - [27/Apr/2026 21:13:31] "GET /api/servicios/list HTTP/1.1" 200 -
2026-04-27 21:13:31,708 - werkzeug - INFO - 192.168.0.10 - - [27/Apr/2026 21:13:31] "GET /api/bancos/prestamos?activos=true HTTP/1.1" 200 -
2026-04-27 21:13:31,786 - werkzeug - INFO - 192.168.0.10 - - [27/Apr/2026 21:13:31] "GET /api/dashboard/bancos?anio=2026&referencia_mes=4&referencia_anio=2026 HTTP/1.1" 200 -
2026-04-27 21:13:31,810 - werkzeug - INFO - 192.168.0.10 - - [27/Apr/2026 21:13:31] "GET /api/dashboard/servicios?anio=2026&referencia_mes=4&referencia_anio=2026 HTTP/1.1" 200 -
2026-04-27 21:13:38,777 - werkzeug - INFO - 192.168.0.10 - - [27/Apr/2026 21:13:38] "GET /api/comercial/clientes HTTP/1.1" 200 -
2026-04-27 21:13:38,811 - werkzeug - INFO - 192.168.0.10 - - [27/Apr/2026 21:13:38] "GET /api/comercial/catalogo HTTP/1.1" 200 -
2026-04-27 21:13:38,836 - werkzeug - INFO - 192.168.0.10 - - [27/Apr/2026 21:13:38] "GET /api/comercial/tarifas HTTP/1.1" 200 -
2026-04-27 21:14:02,115 - werkzeug - INFO - 192.168.0.10 - - [27/Apr/2026 21:14:02] "GET /api/comercial/clientes HTTP/1.1" 200 -
2026-04-27 21:14:02,123 - werkzeug - INFO - 192.168.0.10 - - [27/Apr/2026 21:14:02] "GET /api/comercial/tarifas HTTP/1.1" 200 -
2026-04-27 21:14:07,358 - werkzeug - INFO - 192.168.0.10 - - [27/Apr/2026 21:14:07] "GET /api/comercial/vendedores HTTP/1.1" 200 -
2026-04-27 21:14:27,751 - werkzeug - INFO - 192.168.0.10 - - [27/Apr/2026 21:14:27] "GET /api/comercial/clientes/2/atenciones HTTP/1.1" 200 -
2026-04-27 21:14:27,761 - werkzeug - INFO - 192.168.0.10 - - [27/Apr/2026 21:14:27] "GET /api/comercial/clientes/2/seguimiento-pagos HTTP/1.1" 200 -
2026-04-27 21:14:27,766 - werkzeug - INFO - 192.168.0.10 - - [27/Apr/2026 21:14:27] "GET /api/comercial/clientes/2/seguimiento-documentos HTTP/1.1" 200 -
2026-04-27 21:16:02,087 - app - INFO - [DB] DATABASE_URL configurada: (sin DATABASE_URL)
2026-04-27 21:16:02,198 - app - INFO - [DB] Conexion activa: sqlite:///C:\python\PREVENT\instance\prevent.db
2026-04-27 21:16:02,198 - app - INFO - [DB] Dialecto activo: sqlite
2026-04-27 21:16:02,215 - app - INFO - [OK] Tablas de base de datos creadas/verificadas
2026-04-27 21:16:02,376 - app - INFO - [DB] Usuario administrador 'admin' ya existe
2026-04-27 21:16:02,428 - werkzeug - INFO - [31m[1mWARNING: This is a development server. Do not use it in a production deployment. Use a production WSGI server instead.[0m
 * Running on all addresses (0.0.0.0)
 * Running on http://127.0.0.1:8080
 * Running on http://192.168.0.10:8080
2026-04-27 21:16:02,428 - werkzeug - INFO - [33mPress CTRL+C to quit[0m
2026-04-27 21:16:02,428 - werkzeug - INFO -  * Restarting with stat
2026-04-27 21:16:04,232 - app - INFO - [DB] DATABASE_URL configurada: (sin DATABASE_URL)
2026-04-27 21:16:04,313 - app - INFO - [DB] Conexion activa: sqlite:///C:\python\PREVENT\instance\prevent.db
2026-04-27 21:16:04,313 - app - INFO - [DB] Dialecto activo: sqlite
2026-04-27 21:16:04,321 - app - INFO - [OK] Tablas de base de datos creadas/verificadas
2026-04-27 21:16:04,485 - app - INFO - [DB] Usuario administrador 'admin' ya existe
2026-04-27 21:16:04,512 - werkzeug - WARNING -  * Debugger is active!
2026-04-27 21:16:04,519 - werkzeug - INFO -  * Debugger PIN: 792-480-490
2026-04-27 21:16:10,032 - werkzeug - INFO - 192.168.0.10 - - [27/Apr/2026 21:16:10] "GET / HTTP/1.1" 200 -
2026-04-27 21:16:10,093 - werkzeug - INFO - 192.168.0.10 - - [27/Apr/2026 21:16:10] "[36mGET /static/css/styles.css?v=1777264081 HTTP/1.1[0m" 304 -
2026-04-27 21:16:10,093 - werkzeug - INFO - 192.168.0.10 - - [27/Apr/2026 21:16:10] "[36mGET /static/js/main.js?v=1770570564 HTTP/1.1[0m" 304 -
2026-04-27 21:16:16,264 - app.routes.auth - INFO - Usuario logueado: admin
2026-04-27 21:16:16,275 - werkzeug - INFO - 192.168.0.10 - - [27/Apr/2026 21:16:16] "POST /api/auth/login HTTP/1.1" 200 -
2026-04-27 21:16:16,392 - werkzeug - INFO - 192.168.0.10 - - [27/Apr/2026 21:16:16] "GET /dashboard HTTP/1.1" 200 -
2026-04-27 21:16:16,463 - werkzeug - INFO - 192.168.0.10 - - [27/Apr/2026 21:16:16] "[36mGET /static/css/styles.css?v=1777264081 HTTP/1.1[0m" 304 -
2026-04-27 21:16:16,470 - werkzeug - INFO - 192.168.0.10 - - [27/Apr/2026 21:16:16] "[36mGET /static/js/dashboard.js?v=1777342106 HTTP/1.1[0m" 304 -
2026-04-27 21:16:16,481 - werkzeug - INFO - 192.168.0.10 - - [27/Apr/2026 21:16:16] "[36mGET /static/js/servicios.js?v=1774564771 HTTP/1.1[0m" 304 -
2026-04-27 21:16:16,485 - werkzeug - INFO - 192.168.0.10 - - [27/Apr/2026 21:16:16] "[36mGET /static/js/prestamos.js?v=1774564771 HTTP/1.1[0m" 304 -
2026-04-27 21:16:16,492 - werkzeug - INFO - 192.168.0.10 - - [27/Apr/2026 21:16:16] "[36mGET /static/js/main.js?v=1770570564 HTTP/1.1[0m" 304 -
2026-04-27 21:16:16,762 - werkzeug - INFO - 192.168.0.10 - - [27/Apr/2026 21:16:16] "GET /api/servicios/list HTTP/1.1" 200 -
2026-04-27 21:16:16,814 - werkzeug - INFO - 192.168.0.10 - - [27/Apr/2026 21:16:16] "GET /api/bancos/prestamos?activos=true HTTP/1.1" 200 -
2026-04-27 21:16:16,877 - werkzeug - INFO - 192.168.0.10 - - [27/Apr/2026 21:16:16] "GET /api/dashboard/servicios?anio=2026&referencia_mes=4&referencia_anio=2026 HTTP/1.1" 200 -
2026-04-27 21:16:16,909 - werkzeug - INFO - 192.168.0.10 - - [27/Apr/2026 21:16:16] "GET /api/dashboard/bancos?anio=2026&referencia_mes=4&referencia_anio=2026 HTTP/1.1" 200 -
2026-04-27 21:16:24,178 - werkzeug - INFO - 192.168.0.10 - - [27/Apr/2026 21:16:24] "GET /api/comercial/clientes HTTP/1.1" 200 -
2026-04-27 21:16:24,204 - werkzeug - INFO - 192.168.0.10 - - [27/Apr/2026 21:16:24] "GET /api/comercial/tarifas HTTP/1.1" 200 -
2026-04-27 21:16:30,063 - werkzeug - INFO - 192.168.0.10 - - [27/Apr/2026 21:16:30] "GET /api/comercial/vendedores HTTP/1.1" 200 -
2026-04-27 21:16:30,101 - werkzeug - INFO - 192.168.0.10 - - [27/Apr/2026 21:16:30] "GET /api/comercial/catalogo HTTP/1.1" 200 -
2026-04-27 21:16:34,644 - werkzeug - INFO - 192.168.0.10 - - [27/Apr/2026 21:16:34] "GET /api/comercial/clientes/2/atenciones HTTP/1.1" 200 -
2026-04-27 21:16:34,644 - werkzeug - INFO - 192.168.0.10 - - [27/Apr/2026 21:16:34] "GET /api/comercial/clientes/2/seguimiento-documentos HTTP/1.1" 200 -
2026-04-27 21:16:34,644 - werkzeug - INFO - 192.168.0.10 - - [27/Apr/2026 21:16:34] "GET /api/comercial/clientes/2/seguimiento-pagos HTTP/1.1" 200 -
2026-04-27 21:19:25,620 - app - INFO - [DB] DATABASE_URL configurada: (sin DATABASE_URL)
2026-04-27 21:19:25,712 - app - INFO - [DB] Conexion activa: sqlite:///C:\python\PREVENT\instance\prevent.db
2026-04-27 21:19:25,712 - app - INFO - [DB] Dialecto activo: sqlite
2026-04-27 21:19:25,733 - app - INFO - [OK] Tablas de base de datos creadas/verificadas
2026-04-27 21:19:25,917 - app - INFO - [DB] Usuario administrador 'admin' ya existe
2026-04-27 21:19:25,958 - werkzeug - INFO - [31m[1mWARNING: This is a development server. Do not use it in a production deployment. Use a production WSGI server instead.[0m
 * Running on all addresses (0.0.0.0)
 * Running on http://127.0.0.1:8080
 * Running on http://192.168.0.10:8080
2026-04-27 21:19:25,958 - werkzeug - INFO - [33mPress CTRL+C to quit[0m
2026-04-27 21:19:25,963 - werkzeug - INFO -  * Restarting with stat
2026-04-27 21:19:28,031 - app - INFO - [DB] DATABASE_URL configurada: (sin DATABASE_URL)
2026-04-27 21:19:28,155 - app - INFO - [DB] Conexion activa: sqlite:///C:\python\PREVENT\instance\prevent.db
2026-04-27 21:19:28,155 - app - INFO - [DB] Dialecto activo: sqlite
2026-04-27 21:19:28,174 - app - INFO - [OK] Tablas de base de datos creadas/verificadas
2026-04-27 21:19:28,350 - app - INFO - [DB] Usuario administrador 'admin' ya existe
2026-04-27 21:19:28,369 - werkzeug - WARNING -  * Debugger is active!
2026-04-27 21:19:28,378 - werkzeug - INFO -  * Debugger PIN: 792-480-490
2026-04-27 21:19:33,715 - werkzeug - INFO - 192.168.0.10 - - [27/Apr/2026 21:19:33] "GET / HTTP/1.1" 200 -
2026-04-27 21:19:33,760 - werkzeug - INFO - 192.168.0.10 - - [27/Apr/2026 21:19:33] "GET /static/css/styles.css?v=1777264081 HTTP/1.1" 200 -
2026-04-27 21:19:33,767 - werkzeug - INFO - 192.168.0.10 - - [27/Apr/2026 21:19:33] "GET /static/js/main.js?v=1770570564 HTTP/1.1" 200 -
2026-04-27 21:19:40,656 - app.routes.auth - INFO - Usuario logueado: admin
2026-04-27 21:19:40,656 - werkzeug - INFO - 192.168.0.10 - - [27/Apr/2026 21:19:40] "POST /api/auth/login HTTP/1.1" 200 -
2026-04-27 21:19:40,778 - werkzeug - INFO - 192.168.0.10 - - [27/Apr/2026 21:19:40] "GET /dashboard HTTP/1.1" 200 -
2026-04-27 21:19:40,822 - werkzeug - INFO - 192.168.0.10 - - [27/Apr/2026 21:19:40] "[36mGET /static/css/styles.css?v=1777264081 HTTP/1.1[0m" 304 -
2026-04-27 21:19:40,831 - werkzeug - INFO - 192.168.0.10 - - [27/Apr/2026 21:19:40] "GET /static/js/dashboard.js?v=1777342106 HTTP/1.1" 200 -
2026-04-27 21:19:40,831 - werkzeug - INFO - 192.168.0.10 - - [27/Apr/2026 21:19:40] "GET /static/js/servicios.js?v=1774564771 HTTP/1.1" 200 -
2026-04-27 21:19:40,835 - werkzeug - INFO - 192.168.0.10 - - [27/Apr/2026 21:19:40] "GET /static/js/prestamos.js?v=1774564771 HTTP/1.1" 200 -
2026-04-27 21:19:40,840 - werkzeug - INFO - 192.168.0.10 - - [27/Apr/2026 21:19:40] "[36mGET /static/js/main.js?v=1770570564 HTTP/1.1[0m" 304 -
2026-04-27 21:19:41,023 - werkzeug - INFO - 192.168.0.10 - - [27/Apr/2026 21:19:41] "GET /api/servicios/list HTTP/1.1" 200 -
2026-04-27 21:19:41,031 - werkzeug - INFO - 192.168.0.10 - - [27/Apr/2026 21:19:41] "GET /api/servicios/periodo-actual HTTP/1.1" 200 -
2026-04-27 21:19:41,055 - werkzeug - INFO - 192.168.0.10 - - [27/Apr/2026 21:19:41] "GET /api/bancos/prestamos?activos=true HTTP/1.1" 200 -
2026-04-27 21:19:41,117 - werkzeug - INFO - 192.168.0.10 - - [27/Apr/2026 21:19:41] "GET /api/dashboard/bancos?anio=2026&referencia_mes=4&referencia_anio=2026 HTTP/1.1" 200 -
2026-04-27 21:19:41,155 - werkzeug - INFO - 192.168.0.10 - - [27/Apr/2026 21:19:41] "GET /api/dashboard/servicios?anio=2026&referencia_mes=1&referencia_anio=2026 HTTP/1.1" 200 -
2026-04-27 21:19:51,012 - werkzeug - INFO - 192.168.0.10 - - [27/Apr/2026 21:19:51] "GET /api/comercial/clientes HTTP/1.1" 200 -
2026-04-27 21:19:51,020 - werkzeug - INFO - 192.168.0.10 - - [27/Apr/2026 21:19:51] "GET /api/comercial/tarifas HTTP/1.1" 200 -
2026-04-27 21:19:55,872 - werkzeug - INFO - 192.168.0.10 - - [27/Apr/2026 21:19:55] "GET /api/comercial/vendedores HTTP/1.1" 200 -
2026-04-27 21:19:55,907 - werkzeug - INFO - 192.168.0.10 - - [27/Apr/2026 21:19:55] "GET /api/comercial/catalogo HTTP/1.1" 200 -
2026-04-27 21:20:19,953 - werkzeug - INFO - 192.168.0.10 - - [27/Apr/2026 21:20:19] "GET /api/comercial/clientes/2/atenciones HTTP/1.1" 200 -
2026-04-27 21:20:19,975 - werkzeug - INFO - 192.168.0.10 - - [27/Apr/2026 21:20:19] "GET /api/comercial/clientes/2/seguimiento-pagos HTTP/1.1" 200 -
2026-04-27 21:20:19,981 - werkzeug - INFO - 192.168.0.10 - - [27/Apr/2026 21:20:19] "GET /api/comercial/clientes/2/seguimiento-documentos HTTP/1.1" 200 -
2026-04-27 21:20:22,255 - werkzeug - INFO - 192.168.0.10 - - [27/Apr/2026 21:20:22] "GET /api/comercial/clientes/2/convenio-items?fecha_atencion=2026-04-28 HTTP/1.1" 200 -
2026-04-27 21:21:30,745 - werkzeug - INFO - 192.168.0.10 - - [27/Apr/2026 21:21:30] "[35m[1mPOST /api/comercial/clientes/2/atenciones HTTP/1.1[0m" 201 -
2026-04-27 21:21:30,818 - werkzeug - INFO - 192.168.0.10 - - [27/Apr/2026 21:21:30] "GET /api/comercial/clientes/2/seguimiento-pagos HTTP/1.1" 200 -
2026-04-27 21:21:30,818 - werkzeug - INFO - 192.168.0.10 - - [27/Apr/2026 21:21:30] "GET /api/comercial/clientes/2/seguimiento-documentos HTTP/1.1" 200 -
2026-04-27 21:21:30,838 - werkzeug - INFO - 192.168.0.10 - - [27/Apr/2026 21:21:30] "GET /api/comercial/clientes/2/atenciones HTTP/1.1" 200 -
2026-04-27 21:22:41,415 - werkzeug - INFO - 192.168.0.10 - - [27/Apr/2026 21:22:41] "DELETE /api/comercial/seguimiento-documentos/3 HTTP/1.1" 200 -
2026-04-27 21:22:41,439 - werkzeug - INFO - 192.168.0.10 - - [27/Apr/2026 21:22:41] "GET /api/comercial/clientes/2/seguimiento-pagos HTTP/1.1" 200 -
2026-04-27 21:22:41,441 - werkzeug - INFO - 192.168.0.10 - - [27/Apr/2026 21:22:41] "GET /api/comercial/clientes/2/seguimiento-documentos HTTP/1.1" 200 -
2026-04-27 21:34:49,545 - app - INFO - [DB] DATABASE_URL configurada: (sin DATABASE_URL)
2026-04-27 21:34:49,665 - app - INFO - [DB] Conexion activa: sqlite:///C:\python\PREVENT\instance\prevent.db
2026-04-27 21:34:49,665 - app - INFO - [DB] Dialecto activo: sqlite
2026-04-27 21:34:49,687 - app - INFO - [OK] Tablas de base de datos creadas/verificadas
2026-04-27 21:34:49,862 - app - INFO - [DB] Usuario administrador 'admin' ya existe
2026-04-27 21:34:49,915 - werkzeug - INFO - [31m[1mWARNING: This is a development server. Do not use it in a production deployment. Use a production WSGI server instead.[0m
 * Running on all addresses (0.0.0.0)
 * Running on http://127.0.0.1:8080
 * Running on http://192.168.0.10:8080
2026-04-27 21:34:49,915 - werkzeug - INFO - [33mPress CTRL+C to quit[0m
2026-04-27 21:34:49,920 - werkzeug - INFO -  * Restarting with stat
2026-04-27 21:34:51,722 - app - INFO - [DB] DATABASE_URL configurada: (sin DATABASE_URL)
2026-04-27 21:34:51,811 - app - INFO - [DB] Conexion activa: sqlite:///C:\python\PREVENT\instance\prevent.db
2026-04-27 21:34:51,815 - app - INFO - [DB] Dialecto activo: sqlite
2026-04-27 21:34:51,819 - app - INFO - [OK] Tablas de base de datos creadas/verificadas
2026-04-27 21:34:51,997 - app - INFO - [DB] Usuario administrador 'admin' ya existe
2026-04-27 21:34:52,056 - werkzeug - WARNING -  * Debugger is active!
2026-04-27 21:34:52,069 - werkzeug - INFO -  * Debugger PIN: 792-480-490
2026-04-27 21:34:56,335 - werkzeug - INFO - 192.168.0.10 - - [27/Apr/2026 21:34:56] "GET / HTTP/1.1" 200 -
2026-04-27 21:34:56,381 - werkzeug - INFO - 192.168.0.10 - - [27/Apr/2026 21:34:56] "GET /static/css/styles.css?v=1777343673 HTTP/1.1" 200 -
2026-04-27 21:34:56,387 - werkzeug - INFO - 192.168.0.10 - - [27/Apr/2026 21:34:56] "[36mGET /static/js/main.js?v=1770570564 HTTP/1.1[0m" 304 -
2026-04-27 21:35:01,030 - app.routes.auth - INFO - Usuario logueado: admin
2026-04-27 21:35:01,030 - werkzeug - INFO - 192.168.0.10 - - [27/Apr/2026 21:35:01] "POST /api/auth/login HTTP/1.1" 200 -
2026-04-27 21:35:01,158 - werkzeug - INFO - 192.168.0.10 - - [27/Apr/2026 21:35:01] "GET /dashboard HTTP/1.1" 200 -
2026-04-27 21:35:01,191 - werkzeug - INFO - 192.168.0.10 - - [27/Apr/2026 21:35:01] "[36mGET /static/css/styles.css?v=1777343673 HTTP/1.1[0m" 304 -
2026-04-27 21:35:01,194 - werkzeug - INFO - 192.168.0.10 - - [27/Apr/2026 21:35:01] "[36mGET /static/js/dashboard.js?v=1777342106 HTTP/1.1[0m" 304 -
2026-04-27 21:35:01,201 - werkzeug - INFO - 192.168.0.10 - - [27/Apr/2026 21:35:01] "[36mGET /static/js/servicios.js?v=1774564771 HTTP/1.1[0m" 304 -
2026-04-27 21:35:01,205 - werkzeug - INFO - 192.168.0.10 - - [27/Apr/2026 21:35:01] "[36mGET /static/js/prestamos.js?v=1774564771 HTTP/1.1[0m" 304 -
2026-04-27 21:35:01,215 - werkzeug - INFO - 192.168.0.10 - - [27/Apr/2026 21:35:01] "[36mGET /static/js/main.js?v=1770570564 HTTP/1.1[0m" 304 -
2026-04-27 21:35:01,401 - werkzeug - INFO - 192.168.0.10 - - [27/Apr/2026 21:35:01] "GET /api/servicios/list HTTP/1.1" 200 -
2026-04-27 21:35:01,451 - werkzeug - INFO - 192.168.0.10 - - [27/Apr/2026 21:35:01] "GET /api/bancos/prestamos?activos=true HTTP/1.1" 200 -
2026-04-27 21:35:01,497 - werkzeug - INFO - 192.168.0.10 - - [27/Apr/2026 21:35:01] "GET /api/dashboard/bancos?anio=2026&referencia_mes=4&referencia_anio=2026 HTTP/1.1" 200 -
2026-04-27 21:35:01,517 - werkzeug - INFO - 192.168.0.10 - - [27/Apr/2026 21:35:01] "GET /api/dashboard/servicios?anio=2026&referencia_mes=1&referencia_anio=2026 HTTP/1.1" 200 -
2026-04-27 21:35:15,266 - werkzeug - INFO - 192.168.0.10 - - [27/Apr/2026 21:35:15] "GET /api/comercial/clientes HTTP/1.1" 200 -
2026-04-27 21:35:15,285 - werkzeug - INFO - 192.168.0.10 - - [27/Apr/2026 21:35:15] "GET /api/comercial/tarifas HTTP/1.1" 200 -
2026-04-27 21:35:19,768 - werkzeug - INFO - 192.168.0.10 - - [27/Apr/2026 21:35:19] "GET /api/comercial/vendedores HTTP/1.1" 200 -
2026-04-27 21:35:19,803 - werkzeug - INFO - 192.168.0.10 - - [27/Apr/2026 21:35:19] "GET /api/comercial/catalogo HTTP/1.1" 200 -
2026-04-27 21:35:25,155 - werkzeug - INFO - 192.168.0.10 - - [27/Apr/2026 21:35:25] "GET /api/comercial/clientes/2/seguimiento-pagos HTTP/1.1" 200 -
2026-04-27 21:35:25,168 - werkzeug - INFO - 192.168.0.10 - - [27/Apr/2026 21:35:25] "GET /api/comercial/clientes/2/seguimiento-documentos HTTP/1.1" 200 -
2026-04-27 21:35:25,171 - werkzeug - INFO - 192.168.0.10 - - [27/Apr/2026 21:35:25] "GET /api/comercial/clientes/2/atenciones HTTP/1.1" 200 -
2026-04-27 21:37:54,747 - werkzeug - INFO - 192.168.0.10 - - [27/Apr/2026 21:37:54] "GET /api/comercial/clientes/2/convenio-items?fecha_atencion=2026-04-28 HTTP/1.1" 200 -
2026-04-27 21:44:09,198 - app - INFO - [DB] DATABASE_URL configurada: (sin DATABASE_URL)
2026-04-27 21:44:09,306 - app - INFO - [DB] Conexion activa: sqlite:///C:\python\PREVENT\instance\prevent.db
2026-04-27 21:44:09,306 - app - INFO - [DB] Dialecto activo: sqlite
2026-04-27 21:44:09,330 - app - INFO - [OK] Tablas de base de datos creadas/verificadas
2026-04-27 21:44:09,507 - app - INFO - [DB] Usuario administrador 'admin' ya existe
2026-04-27 21:44:09,556 - werkzeug - INFO - [31m[1mWARNING: This is a development server. Do not use it in a production deployment. Use a production WSGI server instead.[0m
 * Running on all addresses (0.0.0.0)
 * Running on http://127.0.0.1:8080
 * Running on http://192.168.0.10:8080
2026-04-27 21:44:09,556 - werkzeug - INFO - [33mPress CTRL+C to quit[0m
2026-04-27 21:44:09,562 - werkzeug - INFO -  * Restarting with stat
2026-04-27 21:44:11,474 - app - INFO - [DB] DATABASE_URL configurada: (sin DATABASE_URL)
2026-04-27 21:44:11,626 - app - INFO - [DB] Conexion activa: sqlite:///C:\python\PREVENT\instance\prevent.db
2026-04-27 21:44:11,626 - app - INFO - [DB] Dialecto activo: sqlite
2026-04-27 21:44:11,630 - app - INFO - [OK] Tablas de base de datos creadas/verificadas
2026-04-27 21:44:11,830 - app - INFO - [DB] Usuario administrador 'admin' ya existe
2026-04-27 21:44:11,853 - werkzeug - WARNING -  * Debugger is active!
2026-04-27 21:44:11,859 - werkzeug - INFO -  * Debugger PIN: 792-480-490
2026-04-27 21:44:20,050 - werkzeug - INFO - 192.168.0.10 - - [27/Apr/2026 21:44:20] "GET / HTTP/1.1" 200 -
2026-04-27 21:44:20,091 - werkzeug - INFO - 192.168.0.10 - - [27/Apr/2026 21:44:20] "GET /static/css/styles.css?v=1777344161 HTTP/1.1" 200 -
2026-04-27 21:44:20,097 - werkzeug - INFO - 192.168.0.10 - - [27/Apr/2026 21:44:20] "[36mGET /static/js/main.js?v=1770570564 HTTP/1.1[0m" 304 -
2026-04-27 21:44:26,679 - app.routes.auth - INFO - Usuario logueado: admin
2026-04-27 21:44:26,679 - werkzeug - INFO - 192.168.0.10 - - [27/Apr/2026 21:44:26] "POST /api/auth/login HTTP/1.1" 200 -
2026-04-27 21:44:26,809 - werkzeug - INFO - 192.168.0.10 - - [27/Apr/2026 21:44:26] "GET /dashboard HTTP/1.1" 200 -
2026-04-27 21:44:26,878 - werkzeug - INFO - 192.168.0.10 - - [27/Apr/2026 21:44:26] "GET /static/js/dashboard.js?v=1777344202 HTTP/1.1" 200 -
2026-04-27 21:44:26,884 - werkzeug - INFO - 192.168.0.10 - - [27/Apr/2026 21:44:26] "[36mGET /static/css/styles.css?v=1777344161 HTTP/1.1[0m" 304 -
2026-04-27 21:44:26,890 - werkzeug - INFO - 192.168.0.10 - - [27/Apr/2026 21:44:26] "[36mGET /static/js/servicios.js?v=1774564771 HTTP/1.1[0m" 304 -
2026-04-27 21:44:26,896 - werkzeug - INFO - 192.168.0.10 - - [27/Apr/2026 21:44:26] "[36mGET /static/js/prestamos.js?v=1774564771 HTTP/1.1[0m" 304 -
2026-04-27 21:44:26,904 - werkzeug - INFO - 192.168.0.10 - - [27/Apr/2026 21:44:26] "[36mGET /static/js/main.js?v=1770570564 HTTP/1.1[0m" 304 -
2026-04-27 21:44:27,113 - werkzeug - INFO - 192.168.0.10 - - [27/Apr/2026 21:44:27] "GET /api/servicios/list HTTP/1.1" 200 -
2026-04-27 21:44:27,139 - werkzeug - INFO - 192.168.0.10 - - [27/Apr/2026 21:44:27] "GET /api/bancos/prestamos?activos=true HTTP/1.1" 200 -
2026-04-27 21:44:27,194 - werkzeug - INFO - 192.168.0.10 - - [27/Apr/2026 21:44:27] "GET /api/dashboard/servicios?anio=2026&referencia_mes=1&referencia_anio=2026 HTTP/1.1" 200 -
2026-04-27 21:44:27,235 - werkzeug - INFO - 192.168.0.10 - - [27/Apr/2026 21:44:27] "GET /api/dashboard/bancos?anio=2026&referencia_mes=4&referencia_anio=2026 HTTP/1.1" 200 -
2026-04-27 21:44:36,216 - werkzeug - INFO - 192.168.0.10 - - [27/Apr/2026 21:44:36] "GET /api/comercial/clientes HTTP/1.1" 200 -
2026-04-27 21:44:36,237 - werkzeug - INFO - 192.168.0.10 - - [27/Apr/2026 21:44:36] "GET /api/comercial/tarifas HTTP/1.1" 200 -
2026-04-27 21:44:39,963 - werkzeug - INFO - 192.168.0.10 - - [27/Apr/2026 21:44:39] "GET /api/comercial/vendedores HTTP/1.1" 200 -
2026-04-27 21:44:39,998 - werkzeug - INFO - 192.168.0.10 - - [27/Apr/2026 21:44:39] "GET /api/comercial/catalogo HTTP/1.1" 200 -
2026-04-27 21:45:13,185 - werkzeug - INFO - 192.168.0.10 - - [27/Apr/2026 21:45:13] "GET /api/comercial/clientes/2/seguimiento-documentos HTTP/1.1" 200 -
2026-04-27 21:45:13,195 - werkzeug - INFO - 192.168.0.10 - - [27/Apr/2026 21:45:13] "GET /api/comercial/clientes/2/seguimiento-pagos HTTP/1.1" 200 -
2026-04-27 21:45:13,195 - werkzeug - INFO - 192.168.0.10 - - [27/Apr/2026 21:45:13] "GET /api/comercial/clientes/2/atenciones HTTP/1.1" 200 -
2026-04-27 21:46:32,356 - werkzeug - INFO - 192.168.0.10 - - [27/Apr/2026 21:46:32] "GET /api/comercial/clientes HTTP/1.1" 200 -
2026-04-27 21:46:32,361 - werkzeug - INFO - 192.168.0.10 - - [27/Apr/2026 21:46:32] "GET /api/comercial/tarifas HTTP/1.1" 200 -
2026-04-27 21:49:51,461 - app - INFO - [DB] DATABASE_URL configurada: (sin DATABASE_URL)
2026-04-27 21:49:51,623 - app - INFO - [DB] Conexion activa: sqlite:///C:\python\PREVENT\instance\prevent.db
2026-04-27 21:49:51,623 - app - INFO - [DB] Dialecto activo: sqlite
2026-04-27 21:49:51,642 - app - INFO - [OK] Tablas de base de datos creadas/verificadas
2026-04-27 21:49:51,824 - app - INFO - [DB] Usuario administrador 'admin' ya existe
2026-04-27 21:49:51,875 - werkzeug - INFO - [31m[1mWARNING: This is a development server. Do not use it in a production deployment. Use a production WSGI server instead.[0m
 * Running on all addresses (0.0.0.0)
 * Running on http://127.0.0.1:8080
 * Running on http://192.168.0.10:8080
2026-04-27 21:49:51,877 - werkzeug - INFO - [33mPress CTRL+C to quit[0m
2026-04-27 21:49:51,880 - werkzeug - INFO -  * Restarting with stat
2026-04-27 21:49:53,907 - app - INFO - [DB] DATABASE_URL configurada: (sin DATABASE_URL)
2026-04-27 21:49:53,998 - app - INFO - [DB] Conexion activa: sqlite:///C:\python\PREVENT\instance\prevent.db
2026-04-27 21:49:53,998 - app - INFO - [DB] Dialecto activo: sqlite
2026-04-27 21:49:54,013 - app - INFO - [OK] Tablas de base de datos creadas/verificadas
2026-04-27 21:49:54,197 - app - INFO - [DB] Usuario administrador 'admin' ya existe
2026-04-27 21:49:54,212 - werkzeug - WARNING -  * Debugger is active!
2026-04-27 21:49:54,219 - werkzeug - INFO -  * Debugger PIN: 792-480-490
2026-04-27 21:49:57,155 - werkzeug - INFO - 192.168.0.10 - - [27/Apr/2026 21:49:57] "GET / HTTP/1.1" 200 -
2026-04-27 21:49:57,248 - werkzeug - INFO - 192.168.0.10 - - [27/Apr/2026 21:49:57] "GET /static/css/styles.css?v=1777344551 HTTP/1.1" 200 -
2026-04-27 21:49:57,251 - werkzeug - INFO - 192.168.0.10 - - [27/Apr/2026 21:49:57] "[36mGET /static/js/main.js?v=1770570564 HTTP/1.1[0m" 304 -
2026-04-27 21:50:01,713 - app.routes.auth - INFO - Usuario logueado: admin
2026-04-27 21:50:01,713 - werkzeug - INFO - 192.168.0.10 - - [27/Apr/2026 21:50:01] "POST /api/auth/login HTTP/1.1" 200 -
2026-04-27 21:50:01,853 - werkzeug - INFO - 192.168.0.10 - - [27/Apr/2026 21:50:01] "GET /dashboard HTTP/1.1" 200 -
2026-04-27 21:50:01,895 - werkzeug - INFO - 192.168.0.10 - - [27/Apr/2026 21:50:01] "[36mGET /static/css/styles.css?v=1777344551 HTTP/1.1[0m" 304 -
2026-04-27 21:50:01,904 - werkzeug - INFO - 192.168.0.10 - - [27/Apr/2026 21:50:01] "[36mGET /static/js/dashboard.js?v=1777344202 HTTP/1.1[0m" 304 -
2026-04-27 21:50:01,906 - werkzeug - INFO - 192.168.0.10 - - [27/Apr/2026 21:50:01] "[36mGET /static/js/servicios.js?v=1774564771 HTTP/1.1[0m" 304 -
2026-04-27 21:50:01,917 - werkzeug - INFO - 192.168.0.10 - - [27/Apr/2026 21:50:01] "[36mGET /static/js/prestamos.js?v=1774564771 HTTP/1.1[0m" 304 -
2026-04-27 21:50:01,925 - werkzeug - INFO - 192.168.0.10 - - [27/Apr/2026 21:50:01] "[36mGET /static/js/main.js?v=1770570564 HTTP/1.1[0m" 304 -
2026-04-27 21:50:02,145 - werkzeug - INFO - 192.168.0.10 - - [27/Apr/2026 21:50:02] "GET /api/bancos/prestamos?activos=true HTTP/1.1" 200 -
2026-04-27 21:50:02,145 - werkzeug - INFO - 192.168.0.10 - - [27/Apr/2026 21:50:02] "GET /api/servicios/list HTTP/1.1" 200 -
2026-04-27 21:50:02,210 - werkzeug - INFO - 192.168.0.10 - - [27/Apr/2026 21:50:02] "GET /api/dashboard/bancos?anio=2026&referencia_mes=4&referencia_anio=2026 HTTP/1.1" 200 -
2026-04-27 21:50:02,232 - werkzeug - INFO - 192.168.0.10 - - [27/Apr/2026 21:50:02] "GET /api/dashboard/servicios?anio=2026&referencia_mes=1&referencia_anio=2026 HTTP/1.1" 200 -
2026-04-27 21:50:09,701 - werkzeug - INFO - 192.168.0.10 - - [27/Apr/2026 21:50:09] "GET /api/comercial/clientes HTTP/1.1" 200 -
2026-04-27 21:50:09,712 - werkzeug - INFO - 192.168.0.10 - - [27/Apr/2026 21:50:09] "GET /api/comercial/tarifas HTTP/1.1" 200 -
2026-04-27 21:50:14,134 - werkzeug - INFO - 192.168.0.10 - - [27/Apr/2026 21:50:14] "GET /api/comercial/vendedores HTTP/1.1" 200 -
2026-04-27 21:50:14,171 - werkzeug - INFO - 192.168.0.10 - - [27/Apr/2026 21:50:14] "GET /api/comercial/catalogo HTTP/1.1" 200 -
2026-04-27 21:50:25,224 - werkzeug - INFO - 192.168.0.10 - - [27/Apr/2026 21:50:25] "GET /api/comercial/clientes/2/seguimiento-documentos HTTP/1.1" 200 -
2026-04-27 21:50:25,236 - werkzeug - INFO - 192.168.0.10 - - [27/Apr/2026 21:50:25] "GET /api/comercial/clientes/2/atenciones HTTP/1.1" 200 -
2026-04-27 21:50:25,240 - werkzeug - INFO - 192.168.0.10 - - [27/Apr/2026 21:50:25] "GET /api/comercial/clientes/2/seguimiento-pagos HTTP/1.1" 200 -
2026-04-27 21:55:23,881 - app - INFO - [DB] DATABASE_URL configurada: (sin DATABASE_URL)
2026-04-27 21:55:24,001 - app - INFO - [DB] Conexion activa: sqlite:///C:\python\PREVENT\instance\prevent.db
2026-04-27 21:55:24,001 - app - INFO - [DB] Dialecto activo: sqlite
2026-04-27 21:55:24,016 - app - INFO - [OK] Tablas de base de datos creadas/verificadas
2026-04-27 21:55:24,242 - app - INFO - [DB] Usuario administrador 'admin' ya existe
2026-04-27 21:55:24,293 - werkzeug - INFO - [31m[1mWARNING: This is a development server. Do not use it in a production deployment. Use a production WSGI server instead.[0m
 * Running on all addresses (0.0.0.0)
 * Running on http://127.0.0.1:8080
 * Running on http://192.168.0.10:8080
2026-04-27 21:55:24,293 - werkzeug - INFO - [33mPress CTRL+C to quit[0m
2026-04-27 21:55:24,297 - werkzeug - INFO -  * Restarting with stat
2026-04-27 21:55:26,000 - app - INFO - [DB] DATABASE_URL configurada: (sin DATABASE_URL)
2026-04-27 21:55:26,077 - app - INFO - [DB] Conexion activa: sqlite:///C:\python\PREVENT\instance\prevent.db
2026-04-27 21:55:26,077 - app - INFO - [DB] Dialecto activo: sqlite
2026-04-27 21:55:26,098 - app - INFO - [OK] Tablas de base de datos creadas/verificadas
2026-04-27 21:55:26,228 - app - INFO - [DB] Usuario administrador 'admin' ya existe
2026-04-27 21:55:26,251 - werkzeug - WARNING -  * Debugger is active!
2026-04-27 21:55:26,257 - werkzeug - INFO -  * Debugger PIN: 792-480-490
2026-04-27 21:55:32,556 - werkzeug - INFO - 192.168.0.10 - - [27/Apr/2026 21:55:32] "GET / HTTP/1.1" 200 -
2026-04-27 21:55:32,600 - werkzeug - INFO - 192.168.0.10 - - [27/Apr/2026 21:55:32] "GET /static/css/styles.css?v=1777344846 HTTP/1.1" 200 -
2026-04-27 21:55:32,608 - werkzeug - INFO - 192.168.0.10 - - [27/Apr/2026 21:55:32] "[36mGET /static/js/main.js?v=1770570564 HTTP/1.1[0m" 304 -
2026-04-27 21:55:37,474 - app.routes.auth - INFO - Usuario logueado: admin
2026-04-27 21:55:37,474 - werkzeug - INFO - 192.168.0.10 - - [27/Apr/2026 21:55:37] "POST /api/auth/login HTTP/1.1" 200 -
2026-04-27 21:55:37,605 - werkzeug - INFO - 192.168.0.10 - - [27/Apr/2026 21:55:37] "GET /dashboard HTTP/1.1" 200 -
2026-04-27 21:55:37,654 - werkzeug - INFO - 192.168.0.10 - - [27/Apr/2026 21:55:37] "[36mGET /static/css/styles.css?v=1777344846 HTTP/1.1[0m" 304 -
2026-04-27 21:55:37,669 - werkzeug - INFO - 192.168.0.10 - - [27/Apr/2026 21:55:37] "[36mGET /static/js/dashboard.js?v=1777344202 HTTP/1.1[0m" 304 -
2026-04-27 21:55:37,670 - werkzeug - INFO - 192.168.0.10 - - [27/Apr/2026 21:55:37] "[36mGET /static/js/servicios.js?v=1774564771 HTTP/1.1[0m" 304 -
2026-04-27 21:55:37,674 - werkzeug - INFO - 192.168.0.10 - - [27/Apr/2026 21:55:37] "[36mGET /static/js/main.js?v=1770570564 HTTP/1.1[0m" 304 -
2026-04-27 21:55:37,675 - werkzeug - INFO - 192.168.0.10 - - [27/Apr/2026 21:55:37] "[36mGET /static/js/prestamos.js?v=1774564771 HTTP/1.1[0m" 304 -
2026-04-27 21:55:37,899 - werkzeug - INFO - 192.168.0.10 - - [27/Apr/2026 21:55:37] "GET /api/servicios/list HTTP/1.1" 200 -
2026-04-27 21:55:37,933 - werkzeug - INFO - 192.168.0.10 - - [27/Apr/2026 21:55:37] "GET /api/bancos/prestamos?activos=true HTTP/1.1" 200 -
2026-04-27 21:55:38,001 - werkzeug - INFO - 192.168.0.10 - - [27/Apr/2026 21:55:38] "GET /api/dashboard/servicios?anio=2026&referencia_mes=1&referencia_anio=2026 HTTP/1.1" 200 -
2026-04-27 21:55:38,011 - werkzeug - INFO - 192.168.0.10 - - [27/Apr/2026 21:55:38] "GET /api/dashboard/bancos?anio=2026&referencia_mes=4&referencia_anio=2026 HTTP/1.1" 200 -
2026-04-27 21:55:44,787 - werkzeug - INFO - 192.168.0.10 - - [27/Apr/2026 21:55:44] "GET /api/comercial/clientes HTTP/1.1" 200 -
2026-04-27 21:55:44,817 - werkzeug - INFO - 192.168.0.10 - - [27/Apr/2026 21:55:44] "GET /api/comercial/tarifas HTTP/1.1" 200 -
2026-04-27 21:55:48,759 - werkzeug - INFO - 192.168.0.10 - - [27/Apr/2026 21:55:48] "GET /api/comercial/vendedores HTTP/1.1" 200 -
2026-04-27 21:55:48,801 - werkzeug - INFO - 192.168.0.10 - - [27/Apr/2026 21:55:48] "GET /api/comercial/catalogo HTTP/1.1" 200 -
2026-04-27 21:56:13,057 - werkzeug - INFO - 192.168.0.10 - - [27/Apr/2026 21:56:13] "GET /api/comercial/clientes/2/seguimiento-pagos HTTP/1.1" 200 -
2026-04-27 21:56:13,057 - werkzeug - INFO - 192.168.0.10 - - [27/Apr/2026 21:56:13] "GET /api/comercial/clientes/2/seguimiento-documentos HTTP/1.1" 200 -
2026-04-27 21:56:13,068 - werkzeug - INFO - 192.168.0.10 - - [27/Apr/2026 21:56:13] "GET /api/comercial/clientes/2/atenciones HTTP/1.1" 200 -
2026-04-27 21:57:20,965 - werkzeug - INFO - 192.168.0.10 - - [27/Apr/2026 21:57:20] "GET /api/comercial/clientes/2/convenio-items?fecha_atencion=2026-04-28 HTTP/1.1" 200 -
2026-04-27 21:59:53,149 - werkzeug - INFO - 192.168.0.10 - - [27/Apr/2026 21:59:53] "GET /api/comercial/clientes/2/convenio-items?fecha_atencion=2026-04-28 HTTP/1.1" 200 -
2026-04-27 22:01:08,760 - app - INFO - [DB] DATABASE_URL configurada: (sin DATABASE_URL)
2026-04-27 22:01:08,907 - app - INFO - [DB] Conexion activa: sqlite:///C:\python\PREVENT\instance\prevent.db
2026-04-27 22:01:08,907 - app - INFO - [DB] Dialecto activo: sqlite
2026-04-27 22:01:08,920 - app - INFO - [OK] Tablas de base de datos creadas/verificadas
2026-04-27 22:01:09,081 - app - INFO - [DB] Usuario administrador 'admin' ya existe
2026-04-27 22:01:09,118 - werkzeug - INFO - [31m[1mWARNING: This is a development server. Do not use it in a production deployment. Use a production WSGI server instead.[0m
 * Running on all addresses (0.0.0.0)
 * Running on http://127.0.0.1:8080
 * Running on http://192.168.0.10:8080
2026-04-27 22:01:09,118 - werkzeug - INFO - [33mPress CTRL+C to quit[0m
2026-04-27 22:01:09,124 - werkzeug - INFO -  * Restarting with stat
2026-04-27 22:01:10,949 - app - INFO - [DB] DATABASE_URL configurada: (sin DATABASE_URL)
2026-04-27 22:01:11,057 - app - INFO - [DB] Conexion activa: sqlite:///C:\python\PREVENT\instance\prevent.db
2026-04-27 22:01:11,057 - app - INFO - [DB] Dialecto activo: sqlite
2026-04-27 22:01:11,072 - app - INFO - [OK] Tablas de base de datos creadas/verificadas
2026-04-27 22:01:11,238 - app - INFO - [DB] Usuario administrador 'admin' ya existe
2026-04-27 22:01:11,254 - werkzeug - WARNING -  * Debugger is active!
2026-04-27 22:01:11,268 - werkzeug - INFO -  * Debugger PIN: 792-480-490
2026-04-27 22:01:18,007 - werkzeug - INFO - 192.168.0.10 - - [27/Apr/2026 22:01:18] "GET / HTTP/1.1" 200 -
2026-04-27 22:01:18,055 - werkzeug - INFO - 192.168.0.10 - - [27/Apr/2026 22:01:18] "[36mGET /static/css/styles.css?v=1777344846 HTTP/1.1[0m" 304 -
2026-04-27 22:01:18,060 - werkzeug - INFO - 192.168.0.10 - - [27/Apr/2026 22:01:18] "[36mGET /static/js/main.js?v=1770570564 HTTP/1.1[0m" 304 -
2026-04-27 22:01:23,291 - app.routes.auth - INFO - Usuario logueado: admin
2026-04-27 22:01:23,307 - werkzeug - INFO - 192.168.0.10 - - [27/Apr/2026 22:01:23] "POST /api/auth/login HTTP/1.1" 200 -
2026-04-27 22:01:23,452 - werkzeug - INFO - 192.168.0.10 - - [27/Apr/2026 22:01:23] "GET /dashboard HTTP/1.1" 200 -
2026-04-27 22:01:23,526 - werkzeug - INFO - 192.168.0.10 - - [27/Apr/2026 22:01:23] "[36mGET /static/css/styles.css?v=1777344846 HTTP/1.1[0m" 304 -
2026-04-27 22:01:23,529 - werkzeug - INFO - 192.168.0.10 - - [27/Apr/2026 22:01:23] "GET /static/js/dashboard.js?v=1777345238 HTTP/1.1" 200 -
2026-04-27 22:01:23,541 - werkzeug - INFO - 192.168.0.10 - - [27/Apr/2026 22:01:23] "[36mGET /static/js/servicios.js?v=1774564771 HTTP/1.1[0m" 304 -
2026-04-27 22:01:23,546 - werkzeug - INFO - 192.168.0.10 - - [27/Apr/2026 22:01:23] "[36mGET /static/js/prestamos.js?v=1774564771 HTTP/1.1[0m" 304 -
2026-04-27 22:01:23,550 - werkzeug - INFO - 192.168.0.10 - - [27/Apr/2026 22:01:23] "[36mGET /static/js/main.js?v=1770570564 HTTP/1.1[0m" 304 -
2026-04-27 22:01:23,851 - werkzeug - INFO - 192.168.0.10 - - [27/Apr/2026 22:01:23] "GET /api/servicios/list HTTP/1.1" 200 -
2026-04-27 22:01:23,902 - werkzeug - INFO - 192.168.0.10 - - [27/Apr/2026 22:01:23] "GET /api/bancos/prestamos?activos=true HTTP/1.1" 200 -
2026-04-27 22:01:23,974 - werkzeug - INFO - 192.168.0.10 - - [27/Apr/2026 22:01:23] "GET /api/dashboard/servicios?anio=2026&referencia_mes=1&referencia_anio=2026 HTTP/1.1" 200 -
2026-04-27 22:01:23,988 - werkzeug - INFO - 192.168.0.10 - - [27/Apr/2026 22:01:23] "GET /api/dashboard/bancos?anio=2026&referencia_mes=4&referencia_anio=2026 HTTP/1.1" 200 -
2026-04-27 22:01:29,962 - werkzeug - INFO - 192.168.0.10 - - [27/Apr/2026 22:01:29] "GET /api/comercial/clientes HTTP/1.1" 200 -
2026-04-27 22:01:29,971 - werkzeug - INFO - 192.168.0.10 - - [27/Apr/2026 22:01:29] "GET /api/comercial/tarifas HTTP/1.1" 200 -
2026-04-27 22:01:33,299 - werkzeug - INFO - 192.168.0.10 - - [27/Apr/2026 22:01:33] "GET /api/comercial/vendedores HTTP/1.1" 200 -
2026-04-27 22:01:33,337 - werkzeug - INFO - 192.168.0.10 - - [27/Apr/2026 22:01:33] "GET /api/comercial/catalogo HTTP/1.1" 200 -
2026-04-27 22:01:51,082 - werkzeug - INFO - 192.168.0.10 - - [27/Apr/2026 22:01:51] "GET /api/comercial/clientes/2/seguimiento-documentos HTTP/1.1" 200 -
2026-04-27 22:01:51,092 - werkzeug - INFO - 192.168.0.10 - - [27/Apr/2026 22:01:51] "GET /api/comercial/clientes/2/seguimiento-pagos HTTP/1.1" 200 -
2026-04-27 22:01:51,101 - werkzeug - INFO - 192.168.0.10 - - [27/Apr/2026 22:01:51] "GET /api/comercial/clientes/2/atenciones HTTP/1.1" 200 -
2026-04-27 22:01:57,118 - werkzeug - INFO - 192.168.0.10 - - [27/Apr/2026 22:01:57] "GET /api/comercial/clientes/2/convenio-items?fecha_atencion=2026-04-28 HTTP/1.1" 200 -
2026-04-27 22:07:04,758 - app - INFO - [DB] DATABASE_URL configurada: (sin DATABASE_URL)
2026-04-27 22:07:04,847 - app - INFO - [DB] Conexion activa: sqlite:///C:\python\PREVENT\instance\prevent.db
2026-04-27 22:07:04,847 - app - INFO - [DB] Dialecto activo: sqlite
2026-04-27 22:07:04,875 - app - INFO - [OK] Tablas de base de datos creadas/verificadas
2026-04-27 22:07:05,023 - app - INFO - [DB] Usuario administrador 'admin' ya existe
2026-04-27 22:07:05,074 - werkzeug - INFO - [31m[1mWARNING: This is a development server. Do not use it in a production deployment. Use a production WSGI server instead.[0m
 * Running on all addresses (0.0.0.0)
 * Running on http://127.0.0.1:8080
 * Running on http://192.168.0.10:8080
2026-04-27 22:07:05,075 - werkzeug - INFO - [33mPress CTRL+C to quit[0m
2026-04-27 22:07:05,075 - werkzeug - INFO -  * Restarting with stat
2026-04-27 22:07:06,962 - app - INFO - [DB] DATABASE_URL configurada: (sin DATABASE_URL)
2026-04-27 22:07:07,055 - app - INFO - [DB] Conexion activa: sqlite:///C:\python\PREVENT\instance\prevent.db
2026-04-27 22:07:07,055 - app - INFO - [DB] Dialecto activo: sqlite
2026-04-27 22:07:07,058 - app - INFO - [OK] Tablas de base de datos creadas/verificadas
2026-04-27 22:07:07,244 - app - INFO - [DB] Usuario administrador 'admin' ya existe
2026-04-27 22:07:07,258 - werkzeug - WARNING -  * Debugger is active!
2026-04-27 22:07:07,277 - werkzeug - INFO -  * Debugger PIN: 792-480-490
2026-04-27 22:07:11,597 - werkzeug - INFO - 192.168.0.10 - - [27/Apr/2026 22:07:11] "GET / HTTP/1.1" 200 -
2026-04-27 22:07:11,655 - werkzeug - INFO - 192.168.0.10 - - [27/Apr/2026 22:07:11] "GET /static/css/styles.css?v=1777345591 HTTP/1.1" 200 -
2026-04-27 22:07:11,657 - werkzeug - INFO - 192.168.0.10 - - [27/Apr/2026 22:07:11] "[36mGET /static/js/main.js?v=1770570564 HTTP/1.1[0m" 304 -
2026-04-27 22:07:15,647 - app.routes.auth - INFO - Usuario logueado: admin
2026-04-27 22:07:15,655 - werkzeug - INFO - 192.168.0.10 - - [27/Apr/2026 22:07:15] "POST /api/auth/login HTTP/1.1" 200 -
2026-04-27 22:07:15,779 - werkzeug - INFO - 192.168.0.10 - - [27/Apr/2026 22:07:15] "GET /dashboard HTTP/1.1" 200 -
2026-04-27 22:07:15,850 - werkzeug - INFO - 192.168.0.10 - - [27/Apr/2026 22:07:15] "[36mGET /static/css/styles.css?v=1777345591 HTTP/1.1[0m" 304 -
2026-04-27 22:07:15,855 - werkzeug - INFO - 192.168.0.10 - - [27/Apr/2026 22:07:15] "[36mGET /static/js/dashboard.js?v=1777345238 HTTP/1.1[0m" 304 -
2026-04-27 22:07:15,867 - werkzeug - INFO - 192.168.0.10 - - [27/Apr/2026 22:07:15] "[36mGET /static/js/servicios.js?v=1774564771 HTTP/1.1[0m" 304 -
2026-04-27 22:07:15,883 - werkzeug - INFO - 192.168.0.10 - - [27/Apr/2026 22:07:15] "[36mGET /static/js/prestamos.js?v=1774564771 HTTP/1.1[0m" 304 -
2026-04-27 22:07:15,887 - werkzeug - INFO - 192.168.0.10 - - [27/Apr/2026 22:07:15] "[36mGET /static/js/main.js?v=1770570564 HTTP/1.1[0m" 304 -
2026-04-27 22:07:16,189 - werkzeug - INFO - 192.168.0.10 - - [27/Apr/2026 22:07:16] "GET /api/servicios/list HTTP/1.1" 200 -
2026-04-27 22:07:16,249 - werkzeug - INFO - 192.168.0.10 - - [27/Apr/2026 22:07:16] "GET /api/bancos/prestamos?activos=true HTTP/1.1" 200 -
2026-04-27 22:07:16,339 - werkzeug - INFO - 192.168.0.10 - - [27/Apr/2026 22:07:16] "GET /api/dashboard/servicios?anio=2026&referencia_mes=1&referencia_anio=2026 HTTP/1.1" 200 -
2026-04-27 22:07:16,381 - werkzeug - INFO - 192.168.0.10 - - [27/Apr/2026 22:07:16] "GET /api/dashboard/bancos?anio=2026&referencia_mes=4&referencia_anio=2026 HTTP/1.1" 200 -
2026-04-27 22:07:24,379 - werkzeug - INFO - 192.168.0.10 - - [27/Apr/2026 22:07:24] "GET /api/comercial/clientes HTTP/1.1" 200 -
2026-04-27 22:07:24,399 - werkzeug - INFO - 192.168.0.10 - - [27/Apr/2026 22:07:24] "GET /api/comercial/tarifas HTTP/1.1" 200 -
2026-04-27 22:07:28,963 - werkzeug - INFO - 192.168.0.10 - - [27/Apr/2026 22:07:28] "GET /api/comercial/vendedores HTTP/1.1" 200 -
2026-04-27 22:07:29,007 - werkzeug - INFO - 192.168.0.10 - - [27/Apr/2026 22:07:29] "GET /api/comercial/catalogo HTTP/1.1" 200 -
2026-04-27 22:08:16,014 - werkzeug - INFO - 192.168.0.10 - - [27/Apr/2026 22:08:16] "GET /api/comercial/clientes/2/seguimiento-documentos HTTP/1.1" 200 -
2026-04-27 22:08:16,024 - werkzeug - INFO - 192.168.0.10 - - [27/Apr/2026 22:08:16] "GET /api/comercial/clientes/2/seguimiento-pagos HTTP/1.1" 200 -
2026-04-27 22:08:16,033 - werkzeug - INFO - 192.168.0.10 - - [27/Apr/2026 22:08:16] "GET /api/comercial/clientes/2/atenciones HTTP/1.1" 200 -
2026-04-27 22:08:28,070 - werkzeug - INFO - 192.168.0.10 - - [27/Apr/2026 22:08:28] "GET /api/comercial/clientes HTTP/1.1" 200 -
2026-04-27 22:08:28,070 - werkzeug - INFO - 192.168.0.10 - - [27/Apr/2026 22:08:28] "GET /api/comercial/tarifas HTTP/1.1" 200 -
2026-04-27 22:11:27,845 - app - INFO - [DB] DATABASE_URL configurada: (sin DATABASE_URL)
2026-04-27 22:11:27,936 - app - INFO - [DB] Conexion activa: sqlite:///C:\python\PREVENT\instance\prevent.db
2026-04-27 22:11:27,936 - app - INFO - [DB] Dialecto activo: sqlite
2026-04-27 22:11:27,955 - app - INFO - [OK] Tablas de base de datos creadas/verificadas
2026-04-27 22:11:28,187 - app - INFO - [DB] Usuario administrador 'admin' ya existe
2026-04-27 22:11:28,241 - werkzeug - INFO - [31m[1mWARNING: This is a development server. Do not use it in a production deployment. Use a production WSGI server instead.[0m
 * Running on all addresses (0.0.0.0)
 * Running on http://127.0.0.1:8080
 * Running on http://192.168.0.10:8080
2026-04-27 22:11:28,244 - werkzeug - INFO - [33mPress CTRL+C to quit[0m
2026-04-27 22:11:28,248 - werkzeug - INFO -  * Restarting with stat
2026-04-27 22:11:30,177 - app - INFO - [DB] DATABASE_URL configurada: (sin DATABASE_URL)
2026-04-27 22:11:30,261 - app - INFO - [DB] Conexion activa: sqlite:///C:\python\PREVENT\instance\prevent.db
2026-04-27 22:11:30,261 - app - INFO - [DB] Dialecto activo: sqlite
2026-04-27 22:11:30,278 - app - INFO - [OK] Tablas de base de datos creadas/verificadas
2026-04-27 22:11:30,447 - app - INFO - [DB] Usuario administrador 'admin' ya existe
2026-04-27 22:11:30,466 - werkzeug - WARNING -  * Debugger is active!
2026-04-27 22:11:30,471 - werkzeug - INFO -  * Debugger PIN: 792-480-490
2026-04-27 22:11:34,138 - werkzeug - INFO - 192.168.0.10 - - [27/Apr/2026 22:11:34] "GET / HTTP/1.1" 200 -
2026-04-27 22:11:34,180 - werkzeug - INFO - 192.168.0.10 - - [27/Apr/2026 22:11:34] "GET /static/css/styles.css?v=1777345787 HTTP/1.1" 200 -
2026-04-27 22:11:34,189 - werkzeug - INFO - 192.168.0.10 - - [27/Apr/2026 22:11:34] "[36mGET /static/js/main.js?v=1770570564 HTTP/1.1[0m" 304 -
2026-04-27 22:11:38,724 - app.routes.auth - INFO - Usuario logueado: admin
2026-04-27 22:11:38,740 - werkzeug - INFO - 192.168.0.10 - - [27/Apr/2026 22:11:38] "POST /api/auth/login HTTP/1.1" 200 -
2026-04-27 22:11:38,865 - werkzeug - INFO - 192.168.0.10 - - [27/Apr/2026 22:11:38] "GET /dashboard HTTP/1.1" 200 -
2026-04-27 22:11:38,899 - werkzeug - INFO - 192.168.0.10 - - [27/Apr/2026 22:11:38] "[36mGET /static/css/styles.css?v=1777345787 HTTP/1.1[0m" 304 -
2026-04-27 22:11:38,912 - werkzeug - INFO - 192.168.0.10 - - [27/Apr/2026 22:11:38] "[36mGET /static/js/dashboard.js?v=1777345238 HTTP/1.1[0m" 304 -
2026-04-27 22:11:38,921 - werkzeug - INFO - 192.168.0.10 - - [27/Apr/2026 22:11:38] "[36mGET /static/js/servicios.js?v=1774564771 HTTP/1.1[0m" 304 -
2026-04-27 22:11:38,923 - werkzeug - INFO - 192.168.0.10 - - [27/Apr/2026 22:11:38] "[36mGET /static/js/prestamos.js?v=1774564771 HTTP/1.1[0m" 304 -
2026-04-27 22:11:38,929 - werkzeug - INFO - 192.168.0.10 - - [27/Apr/2026 22:11:38] "[36mGET /static/js/main.js?v=1770570564 HTTP/1.1[0m" 304 -
2026-04-27 22:11:39,141 - werkzeug - INFO - 192.168.0.10 - - [27/Apr/2026 22:11:39] "GET /api/servicios/list HTTP/1.1" 200 -
2026-04-27 22:11:39,151 - werkzeug - INFO - 192.168.0.10 - - [27/Apr/2026 22:11:39] "GET /api/bancos/prestamos?activos=true HTTP/1.1" 200 -
2026-04-27 22:11:39,214 - werkzeug - INFO - 192.168.0.10 - - [27/Apr/2026 22:11:39] "GET /api/dashboard/servicios?anio=2026&referencia_mes=1&referencia_anio=2026 HTTP/1.1" 200 -
2026-04-27 22:11:39,223 - werkzeug - INFO - 192.168.0.10 - - [27/Apr/2026 22:11:39] "GET /api/dashboard/bancos?anio=2026&referencia_mes=4&referencia_anio=2026 HTTP/1.1" 200 -
2026-04-27 22:11:48,840 - werkzeug - INFO - 192.168.0.10 - - [27/Apr/2026 22:11:48] "GET /api/comercial/clientes HTTP/1.1" 200 -
2026-04-27 22:11:48,859 - werkzeug - INFO - 192.168.0.10 - - [27/Apr/2026 22:11:48] "GET /api/comercial/tarifas HTTP/1.1" 200 -
2026-04-27 22:11:52,782 - werkzeug - INFO - 192.168.0.10 - - [27/Apr/2026 22:11:52] "GET /api/comercial/vendedores HTTP/1.1" 200 -
2026-04-27 22:11:52,854 - werkzeug - INFO - 192.168.0.10 - - [27/Apr/2026 22:11:52] "GET /api/comercial/catalogo HTTP/1.1" 200 -
2026-04-27 22:16:35,037 - app - INFO - [DB] DATABASE_URL configurada: (sin DATABASE_URL)
2026-04-27 22:16:35,215 - app - INFO - [DB] Conexion activa: sqlite:///C:\python\PREVENT\instance\prevent.db
2026-04-27 22:16:35,220 - app - INFO - [DB] Dialecto activo: sqlite
2026-04-27 22:16:35,237 - app - INFO - [OK] Tablas de base de datos creadas/verificadas
2026-04-27 22:16:35,407 - app - INFO - [DB] Usuario administrador 'admin' ya existe
2026-04-27 22:16:35,447 - werkzeug - INFO - [31m[1mWARNING: This is a development server. Do not use it in a production deployment. Use a production WSGI server instead.[0m
 * Running on all addresses (0.0.0.0)
 * Running on http://127.0.0.1:8080
 * Running on http://192.168.0.10:8080
2026-04-27 22:16:35,452 - werkzeug - INFO - [33mPress CTRL+C to quit[0m
2026-04-27 22:16:35,452 - werkzeug - INFO -  * Restarting with stat
2026-04-27 22:16:37,489 - app - INFO - [DB] DATABASE_URL configurada: (sin DATABASE_URL)
2026-04-27 22:16:37,603 - app - INFO - [DB] Conexion activa: sqlite:///C:\python\PREVENT\instance\prevent.db
2026-04-27 22:16:37,603 - app - INFO - [DB] Dialecto activo: sqlite
2026-04-27 22:16:37,614 - app - INFO - [OK] Tablas de base de datos creadas/verificadas
2026-04-27 22:16:37,765 - app - INFO - [DB] Usuario administrador 'admin' ya existe
2026-04-27 22:16:37,782 - werkzeug - WARNING -  * Debugger is active!
2026-04-27 22:16:37,786 - werkzeug - INFO -  * Debugger PIN: 792-480-490
2026-04-27 22:16:40,620 - werkzeug - INFO - 127.0.0.1 - - [27/Apr/2026 22:16:40] "GET / HTTP/1.1" 200 -
2026-04-27 22:16:40,662 - werkzeug - INFO - 127.0.0.1 - - [27/Apr/2026 22:16:40] "GET /static/css/styles.css?v=1777345787 HTTP/1.1" 200 -
2026-04-27 22:16:40,683 - werkzeug - INFO - 127.0.0.1 - - [27/Apr/2026 22:16:40] "GET /static/js/main.js?v=1770570564 HTTP/1.1" 200 -
2026-04-27 22:16:40,804 - werkzeug - INFO - 127.0.0.1 - - [27/Apr/2026 22:16:40] "[33mGET /favicon.ico HTTP/1.1[0m" 404 -
2026-04-27 22:16:52,514 - app.routes.auth - INFO - Usuario logueado: admin
2026-04-27 22:16:52,530 - werkzeug - INFO - 127.0.0.1 - - [27/Apr/2026 22:16:52] "POST /api/auth/login HTTP/1.1" 200 -
2026-04-27 22:16:52,671 - werkzeug - INFO - 127.0.0.1 - - [27/Apr/2026 22:16:52] "GET /dashboard HTTP/1.1" 200 -
2026-04-27 22:16:52,725 - werkzeug - INFO - 127.0.0.1 - - [27/Apr/2026 22:16:52] "[36mGET /static/css/styles.css?v=1777345787 HTTP/1.1[0m" 304 -
2026-04-27 22:16:52,733 - werkzeug - INFO - 127.0.0.1 - - [27/Apr/2026 22:16:52] "GET /static/js/dashboard.js?v=1777346156 HTTP/1.1" 200 -
2026-04-27 22:16:52,739 - werkzeug - INFO - 127.0.0.1 - - [27/Apr/2026 22:16:52] "GET /static/js/servicios.js?v=1774564771 HTTP/1.1" 200 -
2026-04-27 22:16:52,739 - werkzeug - INFO - 127.0.0.1 - - [27/Apr/2026 22:16:52] "[36mGET /static/js/main.js?v=1770570564 HTTP/1.1[0m" 304 -
2026-04-27 22:16:52,745 - werkzeug - INFO - 127.0.0.1 - - [27/Apr/2026 22:16:52] "GET /static/js/prestamos.js?v=1774564771 HTTP/1.1" 200 -
2026-04-27 22:16:53,025 - werkzeug - INFO - 127.0.0.1 - - [27/Apr/2026 22:16:53] "GET /api/servicios/periodo-actual HTTP/1.1" 200 -
2026-04-27 22:16:53,039 - werkzeug - INFO - 127.0.0.1 - - [27/Apr/2026 22:16:53] "GET /api/servicios/list HTTP/1.1" 200 -
2026-04-27 22:16:53,050 - werkzeug - INFO - 127.0.0.1 - - [27/Apr/2026 22:16:53] "GET /api/bancos/prestamos?activos=true HTTP/1.1" 200 -
2026-04-27 22:16:53,126 - werkzeug - INFO - 127.0.0.1 - - [27/Apr/2026 22:16:53] "GET /api/dashboard/bancos?anio=2026&referencia_mes=4&referencia_anio=2026 HTTP/1.1" 200 -
2026-04-27 22:16:53,169 - werkzeug - INFO - 127.0.0.1 - - [27/Apr/2026 22:16:53] "GET /api/dashboard/servicios?anio=2026&referencia_mes=1&referencia_anio=2026 HTTP/1.1" 200 -
2026-04-27 22:17:04,374 - werkzeug - INFO - 127.0.0.1 - - [27/Apr/2026 22:17:04] "GET /api/comercial/clientes HTTP/1.1" 200 -
2026-04-27 22:17:04,384 - werkzeug - INFO - 127.0.0.1 - - [27/Apr/2026 22:17:04] "GET /api/comercial/tarifas HTTP/1.1" 200 -
2026-04-27 22:17:08,714 - werkzeug - INFO - 127.0.0.1 - - [27/Apr/2026 22:17:08] "GET /api/comercial/vendedores HTTP/1.1" 200 -
2026-04-27 22:17:08,798 - werkzeug - INFO - 127.0.0.1 - - [27/Apr/2026 22:17:08] "GET /api/comercial/catalogo HTTP/1.1" 200 -
2026-04-27 22:17:16,273 - werkzeug - INFO - 127.0.0.1 - - [27/Apr/2026 22:17:16] "GET /api/comercial/clientes/2/seguimiento-pagos HTTP/1.1" 200 -
2026-04-27 22:17:16,273 - werkzeug - INFO - 127.0.0.1 - - [27/Apr/2026 22:17:16] "GET /api/comercial/clientes/2/seguimiento-documentos HTTP/1.1" 200 -
2026-04-27 22:17:16,293 - werkzeug - INFO - 127.0.0.1 - - [27/Apr/2026 22:17:16] "GET /api/comercial/clientes/2/atenciones HTTP/1.1" 200 -
2026-04-27 22:17:19,298 - werkzeug - INFO - 127.0.0.1 - - [27/Apr/2026 22:17:19] "GET /api/comercial/clientes/2/convenio-items?fecha_atencion=2026-04-28 HTTP/1.1" 200 -
2026-04-27 22:21:16,999 - app - INFO - [DB] DATABASE_URL configurada: (sin DATABASE_URL)
2026-04-27 22:21:17,098 - app - INFO - [DB] Conexion activa: sqlite:///C:\python\PREVENT\instance\prevent.db
2026-04-27 22:21:17,098 - app - INFO - [DB] Dialecto activo: sqlite
2026-04-27 22:21:17,114 - app - INFO - [OK] Tablas de base de datos creadas/verificadas
2026-04-27 22:21:17,294 - app - INFO - [DB] Usuario administrador 'admin' ya existe
2026-04-27 22:21:17,355 - werkzeug - INFO - [31m[1mWARNING: This is a development server. Do not use it in a production deployment. Use a production WSGI server instead.[0m
 * Running on all addresses (0.0.0.0)
 * Running on http://127.0.0.1:8080
 * Running on http://192.168.0.10:8080
2026-04-27 22:21:17,358 - werkzeug - INFO - [33mPress CTRL+C to quit[0m
2026-04-27 22:21:17,362 - werkzeug - INFO -  * Restarting with stat
2026-04-27 22:21:19,216 - app - INFO - [DB] DATABASE_URL configurada: (sin DATABASE_URL)
2026-04-27 22:21:19,302 - app - INFO - [DB] Conexion activa: sqlite:///C:\python\PREVENT\instance\prevent.db
2026-04-27 22:21:19,302 - app - INFO - [DB] Dialecto activo: sqlite
2026-04-27 22:21:19,318 - app - INFO - [OK] Tablas de base de datos creadas/verificadas
2026-04-27 22:21:19,490 - app - INFO - [DB] Usuario administrador 'admin' ya existe
2026-04-27 22:21:19,512 - werkzeug - WARNING -  * Debugger is active!
2026-04-27 22:21:19,520 - werkzeug - INFO -  * Debugger PIN: 792-480-490
2026-04-27 22:21:23,165 - werkzeug - INFO - 192.168.0.10 - - [27/Apr/2026 22:21:23] "GET / HTTP/1.1" 200 -
2026-04-27 22:21:23,215 - werkzeug - INFO - 192.168.0.10 - - [27/Apr/2026 22:21:23] "[36mGET /static/css/styles.css?v=1777345787 HTTP/1.1[0m" 304 -
2026-04-27 22:21:23,223 - werkzeug - INFO - 192.168.0.10 - - [27/Apr/2026 22:21:23] "[36mGET /static/js/main.js?v=1770570564 HTTP/1.1[0m" 304 -
2026-04-27 22:21:27,705 - app.routes.auth - INFO - Usuario logueado: admin
2026-04-27 22:21:27,705 - werkzeug - INFO - 192.168.0.10 - - [27/Apr/2026 22:21:27] "POST /api/auth/login HTTP/1.1" 200 -
2026-04-27 22:21:27,836 - werkzeug - INFO - 192.168.0.10 - - [27/Apr/2026 22:21:27] "GET /dashboard HTTP/1.1" 200 -
2026-04-27 22:21:27,875 - werkzeug - INFO - 192.168.0.10 - - [27/Apr/2026 22:21:27] "[36mGET /static/css/styles.css?v=1777345787 HTTP/1.1[0m" 304 -
2026-04-27 22:21:27,886 - werkzeug - INFO - 192.168.0.10 - - [27/Apr/2026 22:21:27] "GET /static/js/dashboard.js?v=1777346444 HTTP/1.1" 200 -
2026-04-27 22:21:27,887 - werkzeug - INFO - 192.168.0.10 - - [27/Apr/2026 22:21:27] "[36mGET /static/js/servicios.js?v=1774564771 HTTP/1.1[0m" 304 -
2026-04-27 22:21:27,894 - werkzeug - INFO - 192.168.0.10 - - [27/Apr/2026 22:21:27] "[36mGET /static/js/prestamos.js?v=1774564771 HTTP/1.1[0m" 304 -
2026-04-27 22:21:27,899 - werkzeug - INFO - 192.168.0.10 - - [27/Apr/2026 22:21:27] "[36mGET /static/js/main.js?v=1770570564 HTTP/1.1[0m" 304 -
2026-04-27 22:21:28,105 - werkzeug - INFO - 192.168.0.10 - - [27/Apr/2026 22:21:28] "GET /api/servicios/list HTTP/1.1" 200 -
2026-04-27 22:21:28,149 - werkzeug - INFO - 192.168.0.10 - - [27/Apr/2026 22:21:28] "GET /api/bancos/prestamos?activos=true HTTP/1.1" 200 -
2026-04-27 22:21:28,206 - werkzeug - INFO - 192.168.0.10 - - [27/Apr/2026 22:21:28] "GET /api/dashboard/servicios?anio=2026&referencia_mes=1&referencia_anio=2026 HTTP/1.1" 200 -
2026-04-27 22:21:28,230 - werkzeug - INFO - 192.168.0.10 - - [27/Apr/2026 22:21:28] "GET /api/dashboard/bancos?anio=2026&referencia_mes=4&referencia_anio=2026 HTTP/1.1" 200 -
2026-04-27 22:21:37,047 - werkzeug - INFO - 192.168.0.10 - - [27/Apr/2026 22:21:37] "GET /api/comercial/clientes HTTP/1.1" 200 -
2026-04-27 22:21:37,065 - werkzeug - INFO - 192.168.0.10 - - [27/Apr/2026 22:21:37] "GET /api/comercial/tarifas HTTP/1.1" 200 -
2026-04-27 22:21:40,813 - werkzeug - INFO - 192.168.0.10 - - [27/Apr/2026 22:21:40] "GET /api/comercial/vendedores HTTP/1.1" 200 -
2026-04-27 22:21:40,849 - werkzeug - INFO - 192.168.0.10 - - [27/Apr/2026 22:21:40] "GET /api/comercial/catalogo HTTP/1.1" 200 -
2026-04-27 22:21:44,223 - werkzeug - INFO - 192.168.0.10 - - [27/Apr/2026 22:21:44] "GET /api/comercial/clientes/2/seguimiento-pagos HTTP/1.1" 200 -
2026-04-27 22:21:44,223 - werkzeug - INFO - 192.168.0.10 - - [27/Apr/2026 22:21:44] "GET /api/comercial/clientes/2/atenciones HTTP/1.1" 200 -
2026-04-27 22:21:44,223 - werkzeug - INFO - 192.168.0.10 - - [27/Apr/2026 22:21:44] "GET /api/comercial/clientes/2/seguimiento-documentos HTTP/1.1" 200 -
2026-04-27 22:26:11,916 - app - INFO - [DB] DATABASE_URL configurada: (sin DATABASE_URL)
2026-04-27 22:26:12,083 - app - INFO - [DB] Conexion activa: sqlite:///C:\python\PREVENT\instance\prevent.db
2026-04-27 22:26:12,084 - app - INFO - [DB] Dialecto activo: sqlite
2026-04-27 22:26:12,104 - app - INFO - [OK] Tablas de base de datos creadas/verificadas
2026-04-27 22:26:12,295 - app - INFO - [DB] Usuario administrador 'admin' ya existe
2026-04-27 22:26:12,334 - werkzeug - INFO - [31m[1mWARNING: This is a development server. Do not use it in a production deployment. Use a production WSGI server instead.[0m
 * Running on all addresses (0.0.0.0)
 * Running on http://127.0.0.1:8080
 * Running on http://192.168.0.10:8080
2026-04-27 22:26:12,334 - werkzeug - INFO - [33mPress CTRL+C to quit[0m
2026-04-27 22:26:12,345 - werkzeug - INFO -  * Restarting with stat
2026-04-27 22:26:14,175 - app - INFO - [DB] DATABASE_URL configurada: (sin DATABASE_URL)
2026-04-27 22:26:14,287 - app - INFO - [DB] Conexion activa: sqlite:///C:\python\PREVENT\instance\prevent.db
2026-04-27 22:26:14,288 - app - INFO - [DB] Dialecto activo: sqlite
2026-04-27 22:26:14,302 - app - INFO - [OK] Tablas de base de datos creadas/verificadas
2026-04-27 22:26:14,466 - app - INFO - [DB] Usuario administrador 'admin' ya existe
2026-04-27 22:26:14,485 - werkzeug - WARNING -  * Debugger is active!
2026-04-27 22:26:14,489 - werkzeug - INFO -  * Debugger PIN: 792-480-490
2026-04-27 22:26:18,507 - werkzeug - INFO - 192.168.0.10 - - [27/Apr/2026 22:26:18] "GET / HTTP/1.1" 200 -
2026-04-27 22:26:18,558 - werkzeug - INFO - 192.168.0.10 - - [27/Apr/2026 22:26:18] "[36mGET /static/css/styles.css?v=1777345787 HTTP/1.1[0m" 304 -
2026-04-27 22:26:18,575 - werkzeug - INFO - 192.168.0.10 - - [27/Apr/2026 22:26:18] "[36mGET /static/js/main.js?v=1770570564 HTTP/1.1[0m" 304 -
2026-04-27 22:26:22,715 - app.routes.auth - INFO - Usuario logueado: admin
2026-04-27 22:26:22,715 - werkzeug - INFO - 192.168.0.10 - - [27/Apr/2026 22:26:22] "POST /api/auth/login HTTP/1.1" 200 -
2026-04-27 22:26:22,846 - werkzeug - INFO - 192.168.0.10 - - [27/Apr/2026 22:26:22] "GET /dashboard HTTP/1.1" 200 -
2026-04-27 22:26:22,883 - werkzeug - INFO - 192.168.0.10 - - [27/Apr/2026 22:26:22] "[36mGET /static/css/styles.css?v=1777345787 HTTP/1.1[0m" 304 -
2026-04-27 22:26:22,897 - werkzeug - INFO - 192.168.0.10 - - [27/Apr/2026 22:26:22] "GET /static/js/dashboard.js?v=1777346612 HTTP/1.1" 200 -
2026-04-27 22:26:22,901 - werkzeug - INFO - 192.168.0.10 - - [27/Apr/2026 22:26:22] "[36mGET /static/js/servicios.js?v=1774564771 HTTP/1.1[0m" 304 -
2026-04-27 22:26:22,907 - werkzeug - INFO - 192.168.0.10 - - [27/Apr/2026 22:26:22] "[36mGET /static/js/prestamos.js?v=1774564771 HTTP/1.1[0m" 304 -
2026-04-27 22:26:22,911 - werkzeug - INFO - 192.168.0.10 - - [27/Apr/2026 22:26:22] "[36mGET /static/js/main.js?v=1770570564 HTTP/1.1[0m" 304 -
2026-04-27 22:26:23,124 - werkzeug - INFO - 192.168.0.10 - - [27/Apr/2026 22:26:23] "GET /api/servicios/list HTTP/1.1" 200 -
2026-04-27 22:26:23,138 - werkzeug - INFO - 192.168.0.10 - - [27/Apr/2026 22:26:23] "GET /api/bancos/prestamos?activos=true HTTP/1.1" 200 -
2026-04-27 22:26:23,216 - werkzeug - INFO - 192.168.0.10 - - [27/Apr/2026 22:26:23] "GET /api/dashboard/servicios?anio=2026&referencia_mes=1&referencia_anio=2026 HTTP/1.1" 200 -
2026-04-27 22:26:23,228 - werkzeug - INFO - 192.168.0.10 - - [27/Apr/2026 22:26:23] "GET /api/dashboard/bancos?anio=2026&referencia_mes=4&referencia_anio=2026 HTTP/1.1" 200 -
2026-04-27 22:26:44,558 - werkzeug - INFO - 192.168.0.10 - - [27/Apr/2026 22:26:44] "GET /api/comercial/clientes HTTP/1.1" 200 -
2026-04-27 22:26:44,571 - werkzeug - INFO - 192.168.0.10 - - [27/Apr/2026 22:26:44] "GET /api/comercial/tarifas HTTP/1.1" 200 -
2026-04-27 22:26:49,310 - werkzeug - INFO - 192.168.0.10 - - [27/Apr/2026 22:26:49] "GET /api/comercial/vendedores HTTP/1.1" 200 -
2026-04-27 22:26:49,361 - werkzeug - INFO - 192.168.0.10 - - [27/Apr/2026 22:26:49] "GET /api/comercial/catalogo HTTP/1.1" 200 -
2026-04-27 22:26:56,206 - werkzeug - INFO - 192.168.0.10 - - [27/Apr/2026 22:26:56] "GET /api/comercial/clientes/2/seguimiento-documentos HTTP/1.1" 200 -
2026-04-27 22:26:56,216 - werkzeug - INFO - 192.168.0.10 - - [27/Apr/2026 22:26:56] "GET /api/comercial/clientes/2/seguimiento-pagos HTTP/1.1" 200 -
2026-04-27 22:26:56,218 - werkzeug - INFO - 192.168.0.10 - - [27/Apr/2026 22:26:56] "GET /api/comercial/clientes/2/atenciones HTTP/1.1" 200 -
2026-04-27 22:27:30,176 - werkzeug - INFO - 192.168.0.10 - - [27/Apr/2026 22:27:30] "GET /api/comercial/clientes/2/seguimiento-documentos HTTP/1.1" 200 -
2026-04-27 22:27:30,181 - werkzeug - INFO - 192.168.0.10 - - [27/Apr/2026 22:27:30] "GET /api/comercial/clientes/2/seguimiento-pagos HTTP/1.1" 200 -
2026-04-27 22:27:30,190 - werkzeug - INFO - 192.168.0.10 - - [27/Apr/2026 22:27:30] "GET /api/comercial/clientes/2/atenciones HTTP/1.1" 200 -
2026-04-27 22:27:33,871 - werkzeug - INFO - 192.168.0.10 - - [27/Apr/2026 22:27:33] "GET /api/comercial/clientes/2/convenio-items?fecha_atencion=2026-04-28 HTTP/1.1" 200 -
2026-04-27 22:27:40,291 - werkzeug - INFO - 192.168.0.10 - - [27/Apr/2026 22:27:40] "GET /api/comercial/clientes HTTP/1.1" 200 -
2026-04-27 22:27:40,301 - werkzeug - INFO - 192.168.0.10 - - [27/Apr/2026 22:27:40] "GET /api/comercial/tarifas HTTP/1.1" 200 -
2026-04-27 22:27:46,145 - werkzeug - INFO - 192.168.0.10 - - [27/Apr/2026 22:27:46] "GET /api/comercial/clientes/2/atenciones HTTP/1.1" 200 -
2026-04-27 22:27:46,157 - werkzeug - INFO - 192.168.0.10 - - [27/Apr/2026 22:27:46] "GET /api/comercial/clientes/2/seguimiento-documentos HTTP/1.1" 200 -
2026-04-27 22:27:46,174 - werkzeug - INFO - 192.168.0.10 - - [27/Apr/2026 22:27:46] "GET /api/comercial/clientes/2/seguimiento-pagos HTTP/1.1" 200 -
2026-04-27 22:28:00,043 - werkzeug - INFO - 192.168.0.10 - - [27/Apr/2026 22:28:00] "GET /api/comercial/clientes/2/convenio-items?fecha_atencion=2026-04-28 HTTP/1.1" 200 -
2026-04-27 22:28:09,463 - werkzeug - INFO - 192.168.0.10 - - [27/Apr/2026 22:28:09] "GET /api/comercial/clientes/2/seguimiento-documentos HTTP/1.1" 200 -
2026-04-27 22:28:09,465 - werkzeug - INFO - 192.168.0.10 - - [27/Apr/2026 22:28:09] "GET /api/comercial/clientes/2/seguimiento-pagos HTTP/1.1" 200 -
2026-04-27 22:28:09,473 - werkzeug - INFO - 192.168.0.10 - - [27/Apr/2026 22:28:09] "GET /api/comercial/clientes/2/atenciones HTTP/1.1" 200 -
2026-04-27 22:31:51,190 - app - INFO - [DB] DATABASE_URL configurada: (sin DATABASE_URL)
2026-04-27 22:31:51,304 - app - INFO - [DB] Conexion activa: sqlite:///C:\python\PREVENT\instance\prevent.db
2026-04-27 22:31:51,304 - app - INFO - [DB] Dialecto activo: sqlite
2026-04-27 22:31:51,323 - app - INFO - [OK] Tablas de base de datos creadas/verificadas
2026-04-27 22:31:51,500 - app - INFO - [DB] Usuario administrador 'admin' ya existe
2026-04-27 22:31:51,544 - werkzeug - INFO - [31m[1mWARNING: This is a development server. Do not use it in a production deployment. Use a production WSGI server instead.[0m
 * Running on all addresses (0.0.0.0)
 * Running on http://127.0.0.1:8080
 * Running on http://192.168.0.10:8080
2026-04-27 22:31:51,545 - werkzeug - INFO - [33mPress CTRL+C to quit[0m
2026-04-27 22:31:51,548 - werkzeug - INFO -  * Restarting with stat
2026-04-27 22:31:53,459 - app - INFO - [DB] DATABASE_URL configurada: (sin DATABASE_URL)
2026-04-27 22:31:53,594 - app - INFO - [DB] Conexion activa: sqlite:///C:\python\PREVENT\instance\prevent.db
2026-04-27 22:31:53,594 - app - INFO - [DB] Dialecto activo: sqlite
2026-04-27 22:31:53,609 - app - INFO - [OK] Tablas de base de datos creadas/verificadas
2026-04-27 22:31:53,775 - app - INFO - [DB] Usuario administrador 'admin' ya existe
2026-04-27 22:31:53,793 - werkzeug - WARNING -  * Debugger is active!
2026-04-27 22:31:53,799 - werkzeug - INFO -  * Debugger PIN: 792-480-490
2026-04-27 22:31:57,037 - werkzeug - INFO - 192.168.0.10 - - [27/Apr/2026 22:31:57] "GET / HTTP/1.1" 200 -
2026-04-27 22:31:57,103 - werkzeug - INFO - 192.168.0.10 - - [27/Apr/2026 22:31:57] "[36mGET /static/css/styles.css?v=1777345787 HTTP/1.1[0m" 304 -
2026-04-27 22:31:57,106 - werkzeug - INFO - 192.168.0.10 - - [27/Apr/2026 22:31:57] "[36mGET /static/js/main.js?v=1770570564 HTTP/1.1[0m" 304 -
2026-04-27 22:32:01,487 - app.routes.auth - INFO - Usuario logueado: admin
2026-04-27 22:32:01,487 - werkzeug - INFO - 192.168.0.10 - - [27/Apr/2026 22:32:01] "POST /api/auth/login HTTP/1.1" 200 -
2026-04-27 22:32:01,632 - werkzeug - INFO - 192.168.0.10 - - [27/Apr/2026 22:32:01] "GET /dashboard HTTP/1.1" 200 -
2026-04-27 22:32:01,702 - werkzeug - INFO - 192.168.0.10 - - [27/Apr/2026 22:32:01] "[36mGET /static/css/styles.css?v=1777345787 HTTP/1.1[0m" 304 -
2026-04-27 22:32:01,709 - werkzeug - INFO - 192.168.0.10 - - [27/Apr/2026 22:32:01] "GET /static/js/dashboard.js?v=1777347046 HTTP/1.1" 200 -
2026-04-27 22:32:01,715 - werkzeug - INFO - 192.168.0.10 - - [27/Apr/2026 22:32:01] "[36mGET /static/js/servicios.js?v=1774564771 HTTP/1.1[0m" 304 -
2026-04-27 22:32:01,718 - werkzeug - INFO - 192.168.0.10 - - [27/Apr/2026 22:32:01] "[36mGET /static/js/prestamos.js?v=1774564771 HTTP/1.1[0m" 304 -
2026-04-27 22:32:01,729 - werkzeug - INFO - 192.168.0.10 - - [27/Apr/2026 22:32:01] "[36mGET /static/js/main.js?v=1770570564 HTTP/1.1[0m" 304 -
2026-04-27 22:32:01,995 - werkzeug - INFO - 192.168.0.10 - - [27/Apr/2026 22:32:01] "GET /api/servicios/list HTTP/1.1" 200 -
2026-04-27 22:32:02,051 - werkzeug - INFO - 192.168.0.10 - - [27/Apr/2026 22:32:02] "GET /api/bancos/prestamos?activos=true HTTP/1.1" 200 -
2026-04-27 22:32:02,134 - werkzeug - INFO - 192.168.0.10 - - [27/Apr/2026 22:32:02] "GET /api/dashboard/servicios?anio=2026&referencia_mes=1&referencia_anio=2026 HTTP/1.1" 200 -
2026-04-27 22:32:02,166 - werkzeug - INFO - 192.168.0.10 - - [27/Apr/2026 22:32:02] "GET /api/dashboard/bancos?anio=2026&referencia_mes=4&referencia_anio=2026 HTTP/1.1" 200 -
2026-04-27 22:32:08,487 - werkzeug - INFO - 192.168.0.10 - - [27/Apr/2026 22:32:08] "GET /api/comercial/clientes HTTP/1.1" 200 -
2026-04-27 22:32:08,501 - werkzeug - INFO - 192.168.0.10 - - [27/Apr/2026 22:32:08] "GET /api/comercial/tarifas HTTP/1.1" 200 -
2026-04-27 22:32:11,803 - werkzeug - INFO - 192.168.0.10 - - [27/Apr/2026 22:32:11] "GET /api/comercial/vendedores HTTP/1.1" 200 -
2026-04-27 22:32:11,825 - werkzeug - INFO - 192.168.0.10 - - [27/Apr/2026 22:32:11] "GET /api/comercial/catalogo HTTP/1.1" 200 -
2026-04-27 22:32:20,475 - werkzeug - INFO - 192.168.0.10 - - [27/Apr/2026 22:32:20] "GET /api/comercial/clientes/2/seguimiento-documentos HTTP/1.1" 200 -
2026-04-27 22:32:20,480 - werkzeug - INFO - 192.168.0.10 - - [27/Apr/2026 22:32:20] "GET /api/comercial/clientes/2/seguimiento-pagos HTTP/1.1" 200 -
2026-04-27 22:32:20,500 - werkzeug - INFO - 192.168.0.10 - - [27/Apr/2026 22:32:20] "GET /api/comercial/clientes/2/atenciones HTTP/1.1" 200 -
2026-04-27 22:34:48,471 - app - INFO - [DB] DATABASE_URL configurada: (sin DATABASE_URL)
2026-04-27 22:34:48,605 - app - INFO - [DB] Conexion activa: sqlite:///C:\python\PREVENT\instance\prevent.db
2026-04-27 22:34:48,605 - app - INFO - [DB] Dialecto activo: sqlite
2026-04-27 22:34:48,605 - app - INFO - [OK] Tablas de base de datos creadas/verificadas
2026-04-27 22:34:48,789 - app - INFO - [DB] Usuario administrador 'admin' ya existe
2026-04-27 22:34:48,839 - werkzeug - INFO - [31m[1mWARNING: This is a development server. Do not use it in a production deployment. Use a production WSGI server instead.[0m
 * Running on all addresses (0.0.0.0)
 * Running on http://127.0.0.1:8080
 * Running on http://192.168.0.10:8080
2026-04-27 22:34:48,839 - werkzeug - INFO - [33mPress CTRL+C to quit[0m
2026-04-27 22:34:48,842 - werkzeug - INFO -  * Restarting with stat
2026-04-27 22:34:50,782 - app - INFO - [DB] DATABASE_URL configurada: (sin DATABASE_URL)
2026-04-27 22:34:50,868 - app - INFO - [DB] Conexion activa: sqlite:///C:\python\PREVENT\instance\prevent.db
2026-04-27 22:34:50,868 - app - INFO - [DB] Dialecto activo: sqlite
2026-04-27 22:34:50,879 - app - INFO - [OK] Tablas de base de datos creadas/verificadas
2026-04-27 22:34:51,074 - app - INFO - [DB] Usuario administrador 'admin' ya existe
2026-04-27 22:34:51,101 - werkzeug - WARNING -  * Debugger is active!
2026-04-27 22:34:51,105 - werkzeug - INFO -  * Debugger PIN: 792-480-490
2026-04-27 22:34:53,054 - werkzeug - INFO - 192.168.0.10 - - [27/Apr/2026 22:34:53] "GET / HTTP/1.1" 200 -
2026-04-27 22:34:53,124 - werkzeug - INFO - 192.168.0.10 - - [27/Apr/2026 22:34:53] "[36mGET /static/css/styles.css?v=1777345787 HTTP/1.1[0m" 304 -
2026-04-27 22:34:53,129 - werkzeug - INFO - 192.168.0.10 - - [27/Apr/2026 22:34:53] "[36mGET /static/js/main.js?v=1770570564 HTTP/1.1[0m" 304 -
2026-04-27 22:34:57,696 - app.routes.auth - INFO - Usuario logueado: admin
2026-04-27 22:34:57,703 - werkzeug - INFO - 192.168.0.10 - - [27/Apr/2026 22:34:57] "POST /api/auth/login HTTP/1.1" 200 -
2026-04-27 22:34:57,824 - werkzeug - INFO - 192.168.0.10 - - [27/Apr/2026 22:34:57] "GET /dashboard HTTP/1.1" 200 -
2026-04-27 22:34:57,885 - werkzeug - INFO - 192.168.0.10 - - [27/Apr/2026 22:34:57] "[36mGET /static/css/styles.css?v=1777345787 HTTP/1.1[0m" 304 -
2026-04-27 22:34:57,906 - werkzeug - INFO - 192.168.0.10 - - [27/Apr/2026 22:34:57] "[36mGET /static/js/dashboard.js?v=1777347046 HTTP/1.1[0m" 304 -
2026-04-27 22:34:57,921 - werkzeug - INFO - 192.168.0.10 - - [27/Apr/2026 22:34:57] "[36mGET /static/js/servicios.js?v=1774564771 HTTP/1.1[0m" 304 -
2026-04-27 22:34:57,924 - werkzeug - INFO - 192.168.0.10 - - [27/Apr/2026 22:34:57] "[36mGET /static/js/prestamos.js?v=1774564771 HTTP/1.1[0m" 304 -
2026-04-27 22:34:57,931 - werkzeug - INFO - 192.168.0.10 - - [27/Apr/2026 22:34:57] "[36mGET /static/js/main.js?v=1770570564 HTTP/1.1[0m" 304 -
2026-04-27 22:34:58,227 - werkzeug - INFO - 192.168.0.10 - - [27/Apr/2026 22:34:58] "GET /api/servicios/list HTTP/1.1" 200 -
2026-04-27 22:34:58,296 - werkzeug - INFO - 192.168.0.10 - - [27/Apr/2026 22:34:58] "GET /api/bancos/prestamos?activos=true HTTP/1.1" 200 -
2026-04-27 22:34:58,345 - werkzeug - INFO - 192.168.0.10 - - [27/Apr/2026 22:34:58] "GET /api/dashboard/bancos?anio=2026&referencia_mes=4&referencia_anio=2026 HTTP/1.1" 200 -
2026-04-27 22:34:58,370 - werkzeug - INFO - 192.168.0.10 - - [27/Apr/2026 22:34:58] "GET /api/dashboard/servicios?anio=2026&referencia_mes=1&referencia_anio=2026 HTTP/1.1" 200 -
2026-04-27 22:35:05,146 - werkzeug - INFO - 192.168.0.10 - - [27/Apr/2026 22:35:05] "GET /api/comercial/clientes HTTP/1.1" 200 -
2026-04-27 22:35:05,180 - werkzeug - INFO - 192.168.0.10 - - [27/Apr/2026 22:35:05] "GET /api/comercial/tarifas HTTP/1.1" 200 -
2026-04-27 22:35:08,248 - werkzeug - INFO - 192.168.0.10 - - [27/Apr/2026 22:35:08] "GET /api/comercial/vendedores HTTP/1.1" 200 -
2026-04-27 22:35:08,284 - werkzeug - INFO - 192.168.0.10 - - [27/Apr/2026 22:35:08] "GET /api/comercial/catalogo HTTP/1.1" 200 -
2026-04-27 22:36:57,689 - werkzeug - INFO - 192.168.0.10 - - [27/Apr/2026 22:36:57] "GET /api/comercial/clientes/2/seguimiento-pagos HTTP/1.1" 200 -
2026-04-27 22:36:57,697 - werkzeug - INFO - 192.168.0.10 - - [27/Apr/2026 22:36:57] "GET /api/comercial/clientes/2/seguimiento-documentos HTTP/1.1" 200 -
2026-04-27 22:36:57,708 - werkzeug - INFO - 192.168.0.10 - - [27/Apr/2026 22:36:57] "GET /api/comercial/clientes/2/atenciones HTTP/1.1" 200 -
2026-04-27 22:40:26,979 - app - INFO - [DB] DATABASE_URL configurada: (sin DATABASE_URL)
2026-04-27 22:40:27,095 - app - INFO - [DB] Conexion activa: sqlite:///C:\python\PREVENT\instance\prevent.db
2026-04-27 22:40:27,095 - app - INFO - [DB] Dialecto activo: sqlite
2026-04-27 22:40:27,095 - app - INFO - [OK] Tablas de base de datos creadas/verificadas
2026-04-27 22:40:27,259 - app - INFO - [DB] Usuario administrador 'admin' ya existe
2026-04-27 22:40:27,309 - werkzeug - INFO - [31m[1mWARNING: This is a development server. Do not use it in a production deployment. Use a production WSGI server instead.[0m
 * Running on all addresses (0.0.0.0)
 * Running on http://127.0.0.1:8080
 * Running on http://192.168.0.10:8080
2026-04-27 22:40:27,309 - werkzeug - INFO - [33mPress CTRL+C to quit[0m
2026-04-27 22:40:27,314 - werkzeug - INFO -  * Restarting with stat
2026-04-27 22:40:29,272 - app - INFO - [DB] DATABASE_URL configurada: (sin DATABASE_URL)
2026-04-27 22:40:29,353 - app - INFO - [DB] Conexion activa: sqlite:///C:\python\PREVENT\instance\prevent.db
2026-04-27 22:40:29,361 - app - INFO - [DB] Dialecto activo: sqlite
2026-04-27 22:40:29,369 - app - INFO - [OK] Tablas de base de datos creadas/verificadas
2026-04-27 22:40:29,528 - app - INFO - [DB] Usuario administrador 'admin' ya existe
2026-04-27 22:40:29,559 - werkzeug - WARNING -  * Debugger is active!
2026-04-27 22:40:29,565 - werkzeug - INFO -  * Debugger PIN: 792-480-490
2026-04-27 22:40:32,798 - werkzeug - INFO - 192.168.0.10 - - [27/Apr/2026 22:40:32] "GET / HTTP/1.1" 200 -
2026-04-27 22:40:32,854 - werkzeug - INFO - 192.168.0.10 - - [27/Apr/2026 22:40:32] "[36mGET /static/css/styles.css?v=1777345787 HTTP/1.1[0m" 304 -
2026-04-27 22:40:32,857 - werkzeug - INFO - 192.168.0.10 - - [27/Apr/2026 22:40:32] "[36mGET /static/js/main.js?v=1770570564 HTTP/1.1[0m" 304 -
2026-04-27 22:40:36,896 - app.routes.auth - INFO - Usuario logueado: admin
2026-04-27 22:40:36,912 - werkzeug - INFO - 192.168.0.10 - - [27/Apr/2026 22:40:36] "POST /api/auth/login HTTP/1.1" 200 -
2026-04-27 22:40:37,030 - werkzeug - INFO - 192.168.0.10 - - [27/Apr/2026 22:40:37] "GET /dashboard HTTP/1.1" 200 -
2026-04-27 22:40:37,078 - werkzeug - INFO - 192.168.0.10 - - [27/Apr/2026 22:40:37] "[36mGET /static/css/styles.css?v=1777345787 HTTP/1.1[0m" 304 -
2026-04-27 22:40:37,084 - werkzeug - INFO - 192.168.0.10 - - [27/Apr/2026 22:40:37] "GET /static/js/dashboard.js?v=1777347601 HTTP/1.1" 200 -
2026-04-27 22:40:37,094 - werkzeug - INFO - 192.168.0.10 - - [27/Apr/2026 22:40:37] "[36mGET /static/js/servicios.js?v=1774564771 HTTP/1.1[0m" 304 -
2026-04-27 22:40:37,096 - werkzeug - INFO - 192.168.0.10 - - [27/Apr/2026 22:40:37] "[36mGET /static/js/prestamos.js?v=1774564771 HTTP/1.1[0m" 304 -
2026-04-27 22:40:37,099 - werkzeug - INFO - 192.168.0.10 - - [27/Apr/2026 22:40:37] "[36mGET /static/js/main.js?v=1770570564 HTTP/1.1[0m" 304 -
2026-04-27 22:40:37,315 - werkzeug - INFO - 192.168.0.10 - - [27/Apr/2026 22:40:37] "GET /api/servicios/list HTTP/1.1" 200 -
2026-04-27 22:40:37,355 - werkzeug - INFO - 192.168.0.10 - - [27/Apr/2026 22:40:37] "GET /api/bancos/prestamos?activos=true HTTP/1.1" 200 -
2026-04-27 22:40:37,403 - werkzeug - INFO - 192.168.0.10 - - [27/Apr/2026 22:40:37] "GET /api/dashboard/servicios?anio=2026&referencia_mes=1&referencia_anio=2026 HTTP/1.1" 200 -
2026-04-27 22:40:37,421 - werkzeug - INFO - 192.168.0.10 - - [27/Apr/2026 22:40:37] "GET /api/dashboard/bancos?anio=2026&referencia_mes=4&referencia_anio=2026 HTTP/1.1" 200 -
2026-04-27 22:40:44,303 - werkzeug - INFO - 192.168.0.10 - - [27/Apr/2026 22:40:44] "GET /api/comercial/clientes HTTP/1.1" 200 -
2026-04-27 22:40:44,310 - werkzeug - INFO - 192.168.0.10 - - [27/Apr/2026 22:40:44] "GET /api/comercial/tarifas HTTP/1.1" 200 -
2026-04-27 22:40:47,792 - werkzeug - INFO - 192.168.0.10 - - [27/Apr/2026 22:40:47] "GET /api/comercial/vendedores HTTP/1.1" 200 -
2026-04-27 22:40:47,829 - werkzeug - INFO - 192.168.0.10 - - [27/Apr/2026 22:40:47] "GET /api/comercial/catalogo HTTP/1.1" 200 -
2026-04-27 22:40:49,703 - werkzeug - INFO - 192.168.0.10 - - [27/Apr/2026 22:40:49] "GET /api/comercial/clientes/2/seguimiento-pagos HTTP/1.1" 200 -
2026-04-27 22:40:49,710 - werkzeug - INFO - 192.168.0.10 - - [27/Apr/2026 22:40:49] "GET /api/comercial/clientes/2/seguimiento-documentos HTTP/1.1" 200 -
2026-04-27 22:40:49,720 - werkzeug - INFO - 192.168.0.10 - - [27/Apr/2026 22:40:49] "GET /api/comercial/clientes/2/atenciones HTTP/1.1" 200 -
2026-04-27 22:56:48,574 - app - INFO - [DB] DATABASE_URL configurada: (sin DATABASE_URL)
2026-04-27 22:56:48,685 - app - INFO - [DB] Conexion activa: sqlite:///C:\python\PREVENT\instance\prevent.db
2026-04-27 22:56:48,685 - app - INFO - [DB] Dialecto activo: sqlite
2026-04-27 22:56:48,700 - app - INFO - [OK] Tablas de base de datos creadas/verificadas
2026-04-27 22:56:48,865 - app - INFO - [DB] Usuario administrador 'admin' ya existe
2026-04-27 22:56:48,915 - werkzeug - INFO - [31m[1mWARNING: This is a development server. Do not use it in a production deployment. Use a production WSGI server instead.[0m
 * Running on all addresses (0.0.0.0)
 * Running on http://127.0.0.1:8080
 * Running on http://192.168.0.10:8080
2026-04-27 22:56:48,915 - werkzeug - INFO - [33mPress CTRL+C to quit[0m
2026-04-27 22:56:48,918 - werkzeug - INFO -  * Restarting with stat
2026-04-27 22:56:50,779 - app - INFO - [DB] DATABASE_URL configurada: (sin DATABASE_URL)
2026-04-27 22:56:50,876 - app - INFO - [DB] Conexion activa: sqlite:///C:\python\PREVENT\instance\prevent.db
2026-04-27 22:56:50,876 - app - INFO - [DB] Dialecto activo: sqlite
2026-04-27 22:56:50,892 - app - INFO - [OK] Tablas de base de datos creadas/verificadas
2026-04-27 22:56:51,075 - app - INFO - [DB] Usuario administrador 'admin' ya existe
2026-04-27 22:56:51,092 - werkzeug - WARNING -  * Debugger is active!
2026-04-27 22:56:51,097 - werkzeug - INFO -  * Debugger PIN: 792-480-490
2026-04-27 22:57:02,170 - werkzeug - INFO - 192.168.0.10 - - [27/Apr/2026 22:57:02] "GET / HTTP/1.1" 200 -
2026-04-27 22:57:02,235 - werkzeug - INFO - 192.168.0.10 - - [27/Apr/2026 22:57:02] "[36mGET /static/css/styles.css?v=1777345787 HTTP/1.1[0m" 304 -
2026-04-27 22:57:02,239 - werkzeug - INFO - 192.168.0.10 - - [27/Apr/2026 22:57:02] "[36mGET /static/js/main.js?v=1770570564 HTTP/1.1[0m" 304 -
2026-04-27 22:57:06,874 - app.routes.auth - INFO - Usuario logueado: admin
2026-04-27 22:57:06,874 - werkzeug - INFO - 192.168.0.10 - - [27/Apr/2026 22:57:06] "POST /api/auth/login HTTP/1.1" 200 -
2026-04-27 22:57:06,993 - werkzeug - INFO - 192.168.0.10 - - [27/Apr/2026 22:57:06] "GET /dashboard HTTP/1.1" 200 -
2026-04-27 22:57:07,056 - werkzeug - INFO - 192.168.0.10 - - [27/Apr/2026 22:57:07] "[36mGET /static/css/styles.css?v=1777345787 HTTP/1.1[0m" 304 -
2026-04-27 22:57:07,069 - werkzeug - INFO - 192.168.0.10 - - [27/Apr/2026 22:57:07] "[36mGET /static/js/servicios.js?v=1774564771 HTTP/1.1[0m" 304 -
2026-04-27 22:57:07,071 - werkzeug - INFO - 192.168.0.10 - - [27/Apr/2026 22:57:07] "[36mGET /static/js/dashboard.js?v=1777347601 HTTP/1.1[0m" 304 -
2026-04-27 22:57:07,079 - werkzeug - INFO - 192.168.0.10 - - [27/Apr/2026 22:57:07] "[36mGET /static/js/prestamos.js?v=1774564771 HTTP/1.1[0m" 304 -
2026-04-27 22:57:07,089 - werkzeug - INFO - 192.168.0.10 - - [27/Apr/2026 22:57:07] "[36mGET /static/js/main.js?v=1770570564 HTTP/1.1[0m" 304 -
2026-04-27 22:57:07,332 - werkzeug - INFO - 192.168.0.10 - - [27/Apr/2026 22:57:07] "GET /api/servicios/list HTTP/1.1" 200 -
2026-04-27 22:57:07,380 - werkzeug - INFO - 192.168.0.10 - - [27/Apr/2026 22:57:07] "GET /api/bancos/prestamos?activos=true HTTP/1.1" 200 -
2026-04-27 22:57:07,436 - werkzeug - INFO - 192.168.0.10 - - [27/Apr/2026 22:57:07] "GET /api/dashboard/servicios?anio=2026&referencia_mes=1&referencia_anio=2026 HTTP/1.1" 200 -
2026-04-27 22:57:07,461 - werkzeug - INFO - 192.168.0.10 - - [27/Apr/2026 22:57:07] "GET /api/dashboard/bancos?anio=2026&referencia_mes=4&referencia_anio=2026 HTTP/1.1" 200 -
2026-04-27 22:57:11,962 - werkzeug - INFO - 192.168.0.10 - - [27/Apr/2026 22:57:11] "GET /api/nomina/empleados HTTP/1.1" 200 -
2026-04-27 22:57:11,987 - werkzeug - INFO - 192.168.0.10 - - [27/Apr/2026 22:57:11] "GET /api/dashboard/nomina?anio=2026 HTTP/1.1" 200 -
2026-04-27 22:57:15,780 - werkzeug - INFO - 192.168.0.10 - - [27/Apr/2026 22:57:15] "GET /api/servicios/list HTTP/1.1" 200 -
2026-04-27 22:57:15,810 - werkzeug - INFO - 192.168.0.10 - - [27/Apr/2026 22:57:15] "GET /api/dashboard/servicios?anio=2026&referencia_mes=1&referencia_anio=2026 HTTP/1.1" 200 -
2026-04-27 22:57:15,820 - werkzeug - INFO - 192.168.0.10 - - [27/Apr/2026 22:57:15] "GET /api/servicios/novedades/list HTTP/1.1" 200 -
2026-04-27 22:57:21,630 - werkzeug - INFO - 192.168.0.10 - - [27/Apr/2026 22:57:21] "GET /api/bancos/prestamos HTTP/1.1" 200 -
2026-04-27 22:57:21,672 - werkzeug - INFO - 192.168.0.10 - - [27/Apr/2026 22:57:21] "GET /api/dashboard/bancos?anio=2026&referencia_mes=4&referencia_anio=2026 HTTP/1.1" 200 -
2026-04-27 22:57:28,958 - werkzeug - INFO - 192.168.0.10 - - [27/Apr/2026 22:57:28] "GET /api/comercial/clientes HTTP/1.1" 200 -
2026-04-27 22:57:28,963 - werkzeug - INFO - 192.168.0.10 - - [27/Apr/2026 22:57:28] "GET /api/comercial/catalogo HTTP/1.1" 200 -
2026-04-27 22:57:28,992 - werkzeug - INFO - 192.168.0.10 - - [27/Apr/2026 22:57:28] "GET /api/comercial/tarifas HTTP/1.1" 200 -
2026-04-27 22:57:46,245 - werkzeug - INFO - 192.168.0.10 - - [27/Apr/2026 22:57:46] "GET /api/dashboard/nomina?anio=2026 HTTP/1.1" 200 -
2026-04-27 22:57:46,252 - werkzeug - INFO - 192.168.0.10 - - [27/Apr/2026 22:57:46] "GET /api/nomina/empleados HTTP/1.1" 200 -
2026-04-27 22:57:50,162 - werkzeug - INFO - 192.168.0.10 - - [27/Apr/2026 22:57:50] "GET /api/servicios/list HTTP/1.1" 200 -
2026-04-27 22:57:50,236 - werkzeug - INFO - 192.168.0.10 - - [27/Apr/2026 22:57:50] "GET /api/dashboard/servicios?anio=2026&referencia_mes=1&referencia_anio=2026 HTTP/1.1" 200 -
2026-04-27 22:57:50,241 - werkzeug - INFO - 192.168.0.10 - - [27/Apr/2026 22:57:50] "GET /api/servicios/novedades/list HTTP/1.1" 200 -
2026-04-27 22:57:52,171 - werkzeug - INFO - 192.168.0.10 - - [27/Apr/2026 22:57:52] "GET /api/bancos/prestamos HTTP/1.1" 200 -
2026-04-27 22:57:52,220 - werkzeug - INFO - 192.168.0.10 - - [27/Apr/2026 22:57:52] "GET /api/dashboard/bancos?anio=2026&referencia_mes=4&referencia_anio=2026 HTTP/1.1" 200 -
2026-04-27 22:57:56,859 - werkzeug - INFO - 192.168.0.10 - - [27/Apr/2026 22:57:56] "GET /api/bancos/prestamos HTTP/1.1" 200 -
2026-04-27 22:57:56,912 - werkzeug - INFO - 192.168.0.10 - - [27/Apr/2026 22:57:56] "GET /api/dashboard/bancos?anio=2026&referencia_mes=4&referencia_anio=2026 HTTP/1.1" 200 -
2026-04-27 23:00:31,751 - app - INFO - [DB] DATABASE_URL configurada: (sin DATABASE_URL)
2026-04-27 23:00:31,867 - app - INFO - [DB] Conexion activa: sqlite:///C:\python\PREVENT\instance\prevent.db
2026-04-27 23:00:31,867 - app - INFO - [DB] Dialecto activo: sqlite
2026-04-27 23:00:31,890 - app - INFO - [OK] Tablas de base de datos creadas/verificadas
2026-04-27 23:00:32,080 - app - INFO - [DB] Usuario administrador 'admin' ya existe
2026-04-27 23:00:32,123 - werkzeug - INFO - [31m[1mWARNING: This is a development server. Do not use it in a production deployment. Use a production WSGI server instead.[0m
 * Running on all addresses (0.0.0.0)
 * Running on http://127.0.0.1:8080
 * Running on http://192.168.0.10:8080
2026-04-27 23:00:32,123 - werkzeug - INFO - [33mPress CTRL+C to quit[0m
2026-04-27 23:00:32,127 - werkzeug - INFO -  * Restarting with stat
2026-04-27 23:00:34,211 - app - INFO - [DB] DATABASE_URL configurada: (sin DATABASE_URL)
2026-04-27 23:00:34,348 - app - INFO - [DB] Conexion activa: sqlite:///C:\python\PREVENT\instance\prevent.db
2026-04-27 23:00:34,348 - app - INFO - [DB] Dialecto activo: sqlite
2026-04-27 23:00:34,364 - app - INFO - [OK] Tablas de base de datos creadas/verificadas
2026-04-27 23:00:34,525 - app - INFO - [DB] Usuario administrador 'admin' ya existe
2026-04-27 23:00:34,548 - werkzeug - WARNING -  * Debugger is active!
2026-04-27 23:00:34,556 - werkzeug - INFO -  * Debugger PIN: 792-480-490
2026-04-27 23:00:43,620 - werkzeug - INFO - 192.168.0.10 - - [27/Apr/2026 23:00:43] "GET / HTTP/1.1" 200 -
2026-04-27 23:00:43,679 - werkzeug - INFO - 192.168.0.10 - - [27/Apr/2026 23:00:43] "[36mGET /static/css/styles.css?v=1777345787 HTTP/1.1[0m" 304 -
2026-04-27 23:00:43,703 - werkzeug - INFO - 192.168.0.10 - - [27/Apr/2026 23:00:43] "[36mGET /static/js/main.js?v=1770570564 HTTP/1.1[0m" 304 -
2026-04-27 23:00:48,328 - app.routes.auth - INFO - Usuario logueado: admin
2026-04-27 23:00:48,328 - werkzeug - INFO - 192.168.0.10 - - [27/Apr/2026 23:00:48] "POST /api/auth/login HTTP/1.1" 200 -
2026-04-27 23:00:48,459 - werkzeug - INFO - 192.168.0.10 - - [27/Apr/2026 23:00:48] "GET /dashboard HTTP/1.1" 200 -
2026-04-27 23:00:48,499 - werkzeug - INFO - 192.168.0.10 - - [27/Apr/2026 23:00:48] "[36mGET /static/css/styles.css?v=1777345787 HTTP/1.1[0m" 304 -
2026-04-27 23:00:48,514 - werkzeug - INFO - 192.168.0.10 - - [27/Apr/2026 23:00:48] "[36mGET /static/js/servicios.js?v=1774564771 HTTP/1.1[0m" 304 -
2026-04-27 23:00:48,517 - werkzeug - INFO - 192.168.0.10 - - [27/Apr/2026 23:00:48] "[36mGET /static/js/prestamos.js?v=1774564771 HTTP/1.1[0m" 304 -
2026-04-27 23:00:48,524 - werkzeug - INFO - 192.168.0.10 - - [27/Apr/2026 23:00:48] "[36mGET /static/js/main.js?v=1770570564 HTTP/1.1[0m" 304 -
2026-04-27 23:00:48,676 - werkzeug - INFO - 192.168.0.10 - - [27/Apr/2026 23:00:48] "GET /static/js/dashboard.js?v=1777348799 HTTP/1.1" 200 -
2026-04-27 23:00:48,850 - werkzeug - INFO - 192.168.0.10 - - [27/Apr/2026 23:00:48] "GET /api/servicios/list HTTP/1.1" 200 -
2026-04-27 23:00:48,881 - werkzeug - INFO - 192.168.0.10 - - [27/Apr/2026 23:00:48] "GET /api/bancos/prestamos?activos=true HTTP/1.1" 200 -
2026-04-27 23:00:48,963 - werkzeug - INFO - 192.168.0.10 - - [27/Apr/2026 23:00:48] "GET /api/dashboard/bancos?anio=2026&referencia_mes=4&referencia_anio=2026 HTTP/1.1" 200 -
2026-04-27 23:00:48,983 - werkzeug - INFO - 192.168.0.10 - - [27/Apr/2026 23:00:48] "GET /api/dashboard/servicios?anio=2026&referencia_mes=1&referencia_anio=2026 HTTP/1.1" 200 -
